/* ####### pbce_detect_cfg.cfg converted to pbce_detect_cfg.h file! ####### */

#ifndef __PBCE_DETECT_CFG_H__
#define __PBCE_DETECT_CFG_H__ 

unsigned char pbce_detect_cfg[] = {
	0x72, 0x00, 0x00, 0x00, 0x8E, 0x19, 0x01, 0x00, 0x0A, 0x0B, 0x54, 0x53, 0x48, 0x2D, 0x54, 0x48,
	0x49, 0x4E, 0x4B, 0x45, 0x52, 0x12, 0x04, 0x44, 0x54, 0x35, 0x36, 0x1A, 0x11, 0x44, 0x54, 0x35,
	0x36, 0x5F, 0x56, 0x31, 0x2E, 0x33, 0x2E, 0x30, 0x2E, 0x36, 0x5F, 0x31, 0x2E, 0x30, 0x2A, 0xE3,
	0x01, 0x08, 0x80, 0xE0, 0xB7, 0x01, 0x12, 0x36, 0x08, 0x00, 0x12, 0x13, 0x69, 0x6E, 0x70, 0x75,
	0x74, 0x5F, 0x63, 0x75, 0x73, 0x74, 0x6F, 0x6D, 0x5F, 0x69, 0x6E, 0x70, 0x75, 0x74, 0x5F, 0x18,
	0x01, 0x20, 0x80, 0x03, 0x28, 0x80, 0x05, 0x30, 0x03, 0x38, 0x00, 0x40, 0x00, 0x48, 0x08, 0x50,
	0x01, 0x58, 0x01, 0x60, 0x00, 0x6D, 0x00, 0x00, 0x80, 0x3F, 0x70, 0x00, 0x78, 0x00, 0x12, 0x36,
	0x08, 0x01, 0x12, 0x13, 0x6D, 0x6F, 0x64, 0x65, 0x6C, 0x2E, 0x6D, 0x6F, 0x64, 0x65, 0x6C, 0x2E,
	0x32, 0x34, 0x2E, 0x61, 0x63, 0x74, 0x31, 0x18, 0x01, 0x20, 0x30, 0x28, 0x50, 0x30, 0x1E, 0x38,
	0x80, 0x9C, 0x04, 0x40, 0x07, 0x48, 0x08, 0x50, 0x01, 0x58, 0x00, 0x60, 0x00, 0x6D, 0xA0, 0x4B,
	0x80, 0x3B, 0x70, 0x00, 0x78, 0x00, 0x12, 0x34, 0x08, 0x02, 0x12, 0x13, 0x6D, 0x6F, 0x64, 0x65,
	0x6C, 0x2E, 0x6D, 0x6F, 0x64, 0x65, 0x6C, 0x2E, 0x32, 0x34, 0x2E, 0x61, 0x63, 0x74, 0x32, 0x18,
	0x01, 0x20, 0x18, 0x28, 0x28, 0x30, 0x1E, 0x38, 0x00, 0x40, 0x07, 0x48, 0x08, 0x50, 0x01, 0x58,
	0x00, 0x60, 0x00, 0x6D, 0x98, 0x2B, 0x80, 0x3B, 0x70, 0x00, 0x78, 0x00, 0x12, 0x36, 0x08, 0x03,
	0x12, 0x13, 0x6D, 0x6F, 0x64, 0x65, 0x6C, 0x2E, 0x6D, 0x6F, 0x64, 0x65, 0x6C, 0x2E, 0x32, 0x34,
	0x2E, 0x61, 0x63, 0x74, 0x33, 0x18, 0x01, 0x20, 0x0C, 0x28, 0x14, 0x30, 0x1E, 0x38, 0x80, 0xF0,
	0x01, 0x40, 0x08, 0x48, 0x08, 0x50, 0x01, 0x58, 0x00, 0x60, 0x00, 0x6D, 0x12, 0xD8, 0x7F, 0x3B,
	0x70, 0x00, 0x78, 0x00, 0x32, 0xAF, 0xA2, 0x04, 0x0A, 0x02, 0x08, 0x00, 0x12, 0x06, 0x08, 0x01,
	0x08, 0x02, 0x08, 0x03, 0x1A, 0x9F, 0xA2, 0x04, 0x12, 0xD0, 0xA1, 0x04, 0x00, 0x00, 0x00, 0x00,
	0x00, 0x00, 0x00, 0x00, 0x00, 0x00, 0x00, 0x00, 0x00, 0x00, 0x14, 0x00, 0x00, 0x00, 0x00, 0x00,
	0x00, 0x00, 0x00, 0x00, 0x66, 0x00, 0x00, 0x00, 0x20, 0x00, 0xD0, 0x02, 0x00, 0x00, 0x00, 0x00,
	0x3D, 0x9F, 0x21, 0x02, 0x20, 0x02, 0x80, 0x88, 0x08, 0x00, 0x02, 0x00, 0x28, 0x00, 0x00, 0x00,
	0x00, 0x00, 0x00, 0x00, 0x00, 0x00, 0x00, 0x00, 0x38, 0x00, 0x00, 0x00, 0x00, 0x00, 0x00, 0x00,
	0x00, 0x00, 0x0A, 0x33, 0x16, 0x00, 0x00, 0x00, 0x00, 0x00, 0x60, 0x00, 0x00, 0x00, 0x00, 0x00,
	0x26, 0x00, 0x00, 0x00, 0x00, 0x00, 0x02, 0x00, 0x00, 0x00, 0x00, 0x00, 0x29, 0x40, 0x00, 0x04,
	0x00, 0x00, 0x00, 0x00, 0x00, 0x80, 0x01, 0x00, 0x28, 0x00, 0x00, 0x00, 0x00, 0x00, 0x00, 0x00,
	0x00, 0x00, 0x00, 0x00, 0x38, 0x00, 0x00, 0x00, 0x00, 0x00, 0x00, 0x00, 0x00, 0x00, 0x86, 0x33,
	0x16, 0x20, 0x01, 0x00, 0x00, 0x00, 0x90, 0x00, 0x10, 0x18, 0x00, 0x00, 0x26, 0x00, 0x00, 0x00,
	0x02, 0x00, 0x02, 0x00, 0x3C, 0x00, 0x00, 0x00, 0x29, 0x18, 0x08, 0x0C, 0x04, 0x00, 0x01, 0x12,
	0x7C, 0x80, 0x00, 0x00, 0x16, 0x00, 0x00, 0x00, 0x00, 0x00, 0x90, 0x00, 0x00, 0x3C, 0x00, 0x00,
	0x26, 0x00, 0x00, 0x00, 0x00, 0x00, 0x02, 0x00, 0x14, 0x01, 0x00, 0x00, 0x29, 0x2C, 0x08, 0x0C,
	0x04, 0x00, 0x01, 0x00, 0x14, 0x80, 0x00, 0x00, 0x2E, 0x00, 0x0B, 0x00, 0x00, 0x00, 0x80, 0x07,
	0x00, 0x00, 0x0F, 0x00, 0x00, 0x00, 0x00, 0x00, 0x00, 0x00, 0x00, 0x00, 0x00, 0x00, 0x00, 0x00,
	0x00, 0x00, 0x14, 0x00, 0x00, 0x00, 0x00, 0x00, 0x00, 0x00, 0x00, 0x00, 0x66, 0x00, 0x00, 0x00,
	0x20, 0x00, 0x70, 0x03, 0x00, 0x78, 0x00, 0x00, 0x3D, 0xDF, 0x22, 0x02, 0x20, 0x02, 0x80, 0x88,
	0x08, 0x00, 0x02, 0x00, 0x28, 0x00, 0x00, 0x00, 0x00, 0x00, 0x00, 0x00, 0x00, 0x00, 0x00, 0x00,
	0x38, 0x00, 0x00, 0x00, 0x00, 0x00, 0x00, 0x00, 0x00, 0x00, 0x0A, 0x33, 0x16, 0x20, 0x01, 0x00,
	0x00, 0x00, 0x60, 0x00, 0x10, 0x00, 0x00, 0x00, 0x26, 0x00, 0x00, 0x00, 0x00, 0x00, 0x02, 0x00,
	0x28, 0x00, 0x00, 0x00, 0x29, 0x40, 0x10, 0x14, 0x0C, 0x00, 0x00, 0x12, 0x68, 0x80, 0x01, 0x00,
	0x28, 0x00, 0x00, 0x00, 0x00, 0x00, 0x00, 0x00, 0x00, 0x00, 0x00, 0x00, 0x38, 0x00, 0x00, 0x00,
	0x00, 0x00, 0x00, 0x00, 0x00, 0x00, 0x86, 0x33, 0x16, 0x00, 0x00, 0x00, 0x00, 0x00, 0x90, 0x00,
	0x00, 0x18, 0x00, 0x00, 0x26, 0x00, 0x00, 0x00, 0x02, 0x00, 0x02, 0x00, 0x00, 0x00, 0x00, 0x00,
	0x29, 0x18, 0x08, 0x18, 0x10, 0x00, 0x01, 0x00, 0x00, 0x80, 0x00, 0x00, 0x16, 0x20, 0x01, 0x00,
	0x00, 0x00, 0x90, 0x00, 0x10, 0x3C, 0x00, 0x00, 0x26, 0x00, 0x00, 0x00, 0x00, 0x00, 0x02, 0x00,
	0x3C, 0x01, 0x00, 0x00, 0x29, 0x2C, 0x08, 0x18, 0x10, 0x00, 0x01, 0x12, 0x7C, 0x80, 0x00, 0x00,
	0x2E, 0x00, 0x0B, 0x00, 0x00, 0x00, 0x80, 0x07, 0x00, 0x50, 0x0F, 0x00, 0x00, 0x00, 0x00, 0x00,
	0x00, 0x00, 0x00, 0x00, 0x00, 0x00, 0x00, 0x00, 0x00, 0x00, 0x14, 0x00, 0x00, 0x00, 0x00, 0x00,
	0x00, 0x00, 0x00, 0x00, 0x66, 0x00, 0x00, 0x00, 0x20, 0x00, 0x70, 0x03, 0x00, 0x18, 0x01, 0x00,
	0x3D, 0xDF, 0x22, 0x02, 0x20, 0x02, 0x80, 0x88, 0x08, 0x00, 0x02, 0x00, 0x28, 0x00, 0x00, 0x00,
	0x00, 0x00, 0x00, 0x00, 0x00, 0x00, 0x00, 0x00, 0x38, 0x00, 0x00, 0x00, 0x00, 0x00, 0x00, 0x00,
	0x00, 0x00, 0x0A, 0x33, 0x16, 0x00, 0x00, 0x00, 0x00, 0x00, 0x60, 0x00, 0x00, 0x00, 0x00, 0x00,
	0x26, 0x00, 0x00, 0x00, 0x00, 0x00, 0x02, 0x00, 0x14, 0x00, 0x00, 0x00, 0x29, 0x40, 0x10, 0x14,
	0x0C, 0x00, 0x00, 0x00, 0x14, 0x80, 0x01, 0x00, 0x28, 0x00, 0x00, 0x00, 0x00, 0x00, 0x00, 0x00,
	0x00, 0x00, 0x00, 0x00, 0x38, 0x00, 0x00, 0x00, 0x00, 0x00, 0x00, 0x00, 0x00, 0x00, 0x86, 0x33,
	0x16, 0x20, 0x01, 0x00, 0x00, 0x00, 0x90, 0x00, 0x10, 0x18, 0x00, 0x00, 0x26, 0x00, 0x00, 0x00,
	0x02, 0x00, 0x02, 0x00, 0x28, 0x00, 0x00, 0x00, 0x29, 0x18, 0x08, 0x18, 0x10, 0x00, 0x01, 0x12,
	0x68, 0x80, 0x00, 0x00, 0x16, 0x00, 0x00, 0x00, 0x00, 0x00, 0x90, 0x00, 0x00, 0x3C, 0x00, 0x00,
	0x26, 0x00, 0x00, 0x00, 0x00, 0x00, 0x02, 0x00, 0x00, 0x01, 0x00, 0x00, 0x29, 0x2C, 0x08, 0x18,
	0x10, 0x00, 0x01, 0x00, 0x00, 0x80, 0x00, 0x00, 0x2E, 0x00, 0x0B, 0x00, 0x00, 0x00, 0x80, 0x07,
	0x00, 0xA0, 0x0F, 0x00, 0x00, 0x00, 0x00, 0x00, 0x00, 0x00, 0x00, 0x00, 0x00, 0x00, 0x00, 0x00,
	0x00, 0x00, 0x14, 0x00, 0x00, 0x00, 0x00, 0x00, 0x00, 0x00, 0x00, 0x00, 0x66, 0x00, 0x00, 0x00,
	0x20, 0x00, 0x70, 0x03, 0x00, 0xB8, 0x01, 0x00, 0x3D, 0xDF, 0x22, 0x02, 0x20, 0x02, 0x80, 0x88,
	0x08, 0x00, 0x02, 0x00, 0x28, 0x00, 0x00, 0x00, 0x00, 0x00, 0x00, 0x00, 0x00, 0x00, 0x00, 0x00,
	0x38, 0x00, 0x00, 0x00, 0x00, 0x00, 0x00, 0x00, 0x00, 0x00, 0x0A, 0x33, 0x16, 0x20, 0x01, 0x00,
	0x00, 0x00, 0x60, 0x00, 0x10, 0x00, 0x00, 0x00, 0x26, 0x00, 0x00, 0x00, 0x00, 0x00, 0x02, 0x00,
	0x3C, 0x00, 0x00, 0x00, 0x29, 0x40, 0x10, 0x14, 0x0C, 0x00, 0x00, 0x12, 0x7C, 0x80, 0x01, 0x00,
	0x28, 0x00, 0x00, 0x00, 0x00, 0x00, 0x00, 0x00, 0x00, 0x00, 0x00, 0x00, 0x38, 0x00, 0x00, 0x00,
	0x00, 0x00, 0x00, 0x00, 0x00, 0x00, 0x86, 0x33, 0x16, 0x00, 0x00, 0x00, 0x00, 0x00, 0x90, 0x00,
	0x00, 0x18, 0x00, 0x00, 0x26, 0x00, 0x00, 0x00, 0x02, 0x00, 0x02, 0x00, 0x14, 0x00, 0x00, 0x00,
	0x29, 0x18, 0x08, 0x18, 0x10, 0x00, 0x01, 0x00, 0x14, 0x80, 0x00, 0x00, 0x16, 0x20, 0x01, 0x00,
	0x00, 0x00, 0x90, 0x00, 0x10, 0x3C, 0x00, 0x00, 0x26, 0x00, 0x00, 0x00, 0x00, 0x00, 0x02, 0x00,
	0x28, 0x01, 0x00, 0x00, 0x29, 0x2C, 0x08, 0x18, 0x10, 0x00, 0x01, 0x12, 0x68, 0x80, 0x00, 0x00,
	0x2E, 0x00, 0x0B, 0x00, 0x00, 0x00, 0x80, 0x07, 0x00, 0xF0, 0x0F, 0x00, 0x00, 0x00, 0x00, 0x00,
	0x00, 0x00, 0x00, 0x00, 0x00, 0x00, 0x00, 0x00, 0x00, 0x00, 0x14, 0x00, 0x00, 0x00, 0x00, 0x00,
	0x00, 0x00, 0x00, 0x00, 0x66, 0x00, 0x00, 0x00, 0x20, 0x00, 0x70, 0x03, 0x00, 0x58, 0x02, 0x00,
	0x3D, 0xDF, 0x22, 0x02, 0x20, 0x02, 0x80, 0x88, 0x08, 0x00, 0x02, 0x00, 0x28, 0x00, 0x00, 0x00,
	0x00, 0x00, 0x00, 0x00, 0x00, 0x00, 0x00, 0x00, 0x38, 0x00, 0x00, 0x00, 0x00, 0x00, 0x00, 0x00,
	0x00, 0x00, 0x0A, 0x33, 0x16, 0x00, 0x00, 0x00, 0x00, 0x00, 0x60, 0x00, 0x00, 0x00, 0x00, 0x00,
	0x26, 0x00, 0x00, 0x00, 0x00, 0x00, 0x02, 0x00, 0x00, 0x00, 0x00, 0x00, 0x29, 0x40, 0x10, 0x14,
	0x0C, 0x00, 0x00, 0x00, 0x00, 0x80, 0x01, 0x00, 0x28, 0x00, 0x00, 0x00, 0x00, 0x00, 0x00, 0x00,
	0x00, 0x00, 0x00, 0x00, 0x38, 0x00, 0x00, 0x00, 0x00, 0x00, 0x00, 0x00, 0x00, 0x00, 0x86, 0x33,
	0x16, 0x20, 0x01, 0x00, 0x00, 0x00, 0x90, 0x00, 0x10, 0x18, 0x00, 0x00, 0x26, 0x00, 0x00, 0x00,
	0x02, 0x00, 0x02, 0x00, 0x3C, 0x00, 0x00, 0x00, 0x29, 0x18, 0x08, 0x18, 0x10, 0x00, 0x01, 0x12,
	0x7C, 0x80, 0x00, 0x00, 0x16, 0x00, 0x00, 0x00, 0x00, 0x00, 0x90, 0x00, 0x00, 0x3C, 0x00, 0x00,
	0x26, 0x00, 0x00, 0x00, 0x00, 0x00, 0x02, 0x00, 0x14, 0x01, 0x00, 0x00, 0x29, 0x2C, 0x08, 0x18,
	0x10, 0x00, 0x01, 0x00, 0x14, 0x80, 0x00, 0x00, 0x2E, 0x00, 0x0B, 0x00, 0x00, 0x00, 0x80, 0x07,
	0x00, 0x40, 0x10, 0x00, 0x00, 0x00, 0x00, 0x00, 0x00, 0x00, 0x00, 0x00, 0x00, 0x00, 0x00, 0x00,
	0x00, 0x00, 0x14, 0x00, 0x00, 0x00, 0x00, 0x00, 0x00, 0x00, 0x00, 0x00, 0x66, 0x00, 0x00, 0x00,
	0x20, 0x00, 0x70, 0x03, 0x00, 0xF8, 0x02, 0x00, 0x3D, 0xDF, 0x22, 0x02, 0x20, 0x02, 0x80, 0x88,
	0x08, 0x00, 0x02, 0x00, 0x28, 0x00, 0x00, 0x00, 0x00, 0x00, 0x00, 0x00, 0x00, 0x00, 0x00, 0x00,
	0x38, 0x00, 0x00, 0x00, 0x00, 0x00, 0x00, 0x00, 0x00, 0x00, 0x0A, 0x33, 0x16, 0x20, 0x01, 0x00,
	0x00, 0x00, 0x60, 0x00, 0x10, 0x00, 0x00, 0x00, 0x26, 0x00, 0x00, 0x00, 0x00, 0x00, 0x02, 0x00,
	0x28, 0x00, 0x00, 0x00, 0x29, 0x40, 0x10, 0x14, 0x0C, 0x00, 0x00, 0x12, 0x68, 0x80, 0x01, 0x00,
	0x28, 0x00, 0x00, 0x00, 0x00, 0x00, 0x00, 0x00, 0x00, 0x00, 0x00, 0x00, 0x38, 0x00, 0x00, 0x00,
	0x00, 0x00, 0x00, 0x00, 0x00, 0x00, 0x86, 0x33, 0x16, 0x00, 0x00, 0x00, 0x00, 0x00, 0x90, 0x00,
	0x00, 0x18, 0x00, 0x00, 0x26, 0x00, 0x00, 0x00, 0x02, 0x00, 0x02, 0x00, 0x00, 0x00, 0x00, 0x00,
	0x29, 0x18, 0x08, 0x18, 0x10, 0x00, 0x01, 0x00, 0x00, 0x80, 0x00, 0x00, 0x16, 0x20, 0x01, 0x00,
	0x00, 0x00, 0x90, 0x00, 0x10, 0x3C, 0x00, 0x00, 0x26, 0x00, 0x00, 0x00, 0x00, 0x00, 0x02, 0x00,
	0x3C, 0x01, 0x00, 0x00, 0x29, 0x2C, 0x08, 0x18, 0x10, 0x00, 0x01, 0x12, 0x7C, 0x80, 0x00, 0x00,
	0x2E, 0x00, 0x0B, 0x00, 0x00, 0x00, 0x80, 0x07, 0x00, 0x90, 0x10, 0x00, 0x00, 0x00, 0x00, 0x00,
	0x00, 0x00, 0x00, 0x00, 0x00, 0x00, 0x00, 0x00, 0x00, 0x00, 0x14, 0x00, 0x00, 0x00, 0x00, 0x00,
	0x00, 0x00, 0x00, 0x00, 0x66, 0x00, 0x00, 0x00, 0x20, 0x00, 0x70, 0x03, 0x00, 0x98, 0x03, 0x00,
	0x3D, 0xDF, 0x22, 0x02, 0x20, 0x02, 0x80, 0x88, 0x08, 0x00, 0x02, 0x00, 0x28, 0x00, 0x00, 0x00,
	0x00, 0x00, 0x00, 0x00, 0x00, 0x00, 0x00, 0x00, 0x38, 0x00, 0x00, 0x00, 0x00, 0x00, 0x00, 0x00,
	0x00, 0x00, 0x0A, 0x33, 0x16, 0x00, 0x00, 0x00, 0x00, 0x00, 0x60, 0x00, 0x00, 0x00, 0x00, 0x00,
	0x26, 0x00, 0x00, 0x00, 0x00, 0x00, 0x02, 0x00, 0x14, 0x00, 0x00, 0x00, 0x29, 0x40, 0x10, 0x14,
	0x0C, 0x00, 0x00, 0x00, 0x14, 0x80, 0x01, 0x00, 0x28, 0x00, 0x00, 0x00, 0x00, 0x00, 0x00, 0x00,
	0x00, 0x00, 0x00, 0x00, 0x38, 0x00, 0x00, 0x00, 0x00, 0x00, 0x00, 0x00, 0x00, 0x00, 0x86, 0x33,
	0x16, 0x20, 0x01, 0x00, 0x00, 0x00, 0x90, 0x00, 0x10, 0x18, 0x00, 0x00, 0x26, 0x00, 0x00, 0x00,
	0x02, 0x00, 0x02, 0x00, 0x28, 0x00, 0x00, 0x00, 0x29, 0x18, 0x08, 0x18, 0x10, 0x00, 0x01, 0x12,
	0x68, 0x80, 0x00, 0x00, 0x16, 0x00, 0x00, 0x00, 0x00, 0x00, 0x90, 0x00, 0x00, 0x3C, 0x00, 0x00,
	0x26, 0x00, 0x00, 0x00, 0x00, 0x00, 0x02, 0x00, 0x00, 0x01, 0x00, 0x00, 0x29, 0x2C, 0x08, 0x18,
	0x10, 0x00, 0x01, 0x00, 0x00, 0x80, 0x00, 0x00, 0x2E, 0x00, 0x0B, 0x00, 0x00, 0x00, 0x80, 0x07,
	0x00, 0xE0, 0x10, 0x00, 0x00, 0x00, 0x00, 0x00, 0x00, 0x00, 0x00, 0x00, 0x00, 0x00, 0x00, 0x00,
	0x00, 0x00, 0x14, 0x00, 0x00, 0x00, 0x00, 0x00, 0x00, 0x00, 0x00, 0x00, 0x66, 0x00, 0x00, 0x00,
	0x20, 0x00, 0x70, 0x03, 0x00, 0x38, 0x04, 0x00, 0x3D, 0xDF, 0x22, 0x02, 0x20, 0x02, 0x80, 0x88,
	0x08, 0x00, 0x02, 0x00, 0x28, 0x00, 0x00, 0x00, 0x00, 0x00, 0x00, 0x00, 0x00, 0x00, 0x00, 0x00,
	0x38, 0x00, 0x00, 0x00, 0x00, 0x00, 0x00, 0x00, 0x00, 0x00, 0x0A, 0x33, 0x16, 0x20, 0x01, 0x00,
	0x00, 0x00, 0x60, 0x00, 0x10, 0x00, 0x00, 0x00, 0x26, 0x00, 0x00, 0x00, 0x00, 0x00, 0x02, 0x00,
	0x3C, 0x00, 0x00, 0x00, 0x29, 0x40, 0x10, 0x14, 0x0C, 0x00, 0x00, 0x12, 0x7C, 0x80, 0x01, 0x00,
	0x28, 0x00, 0x00, 0x00, 0x00, 0x00, 0x00, 0x00, 0x00, 0x00, 0x00, 0x00, 0x38, 0x00, 0x00, 0x00,
	0x00, 0x00, 0x00, 0x00, 0x00, 0x00, 0x86, 0x33, 0x16, 0x00, 0x00, 0x00, 0x00, 0x00, 0x90, 0x00,
	0x00, 0x18, 0x00, 0x00, 0x26, 0x00, 0x00, 0x00, 0x02, 0x00, 0x02, 0x00, 0x14, 0x00, 0x00, 0x00,
	0x29, 0x18, 0x08, 0x18, 0x10, 0x00, 0x01, 0x00, 0x14, 0x80, 0x00, 0x00, 0x16, 0x20, 0x01, 0x00,
	0x00, 0x00, 0x90, 0x00, 0x10, 0x3C, 0x00, 0x00, 0x26, 0x00, 0x00, 0x00, 0x00, 0x00, 0x02, 0x00,
	0x28, 0x01, 0x00, 0x00, 0x29, 0x2C, 0x08, 0x18, 0x10, 0x00, 0x01, 0x12, 0x68, 0x80, 0x00, 0x00,
	0x2E, 0x00, 0x0B, 0x00, 0x00, 0x00, 0x80, 0x07, 0x00, 0x30, 0x11, 0x00, 0x00, 0x00, 0x00, 0x00,
	0x00, 0x00, 0x00, 0x00, 0x00, 0x00, 0x00, 0x00, 0x00, 0x00, 0x14, 0x00, 0x00, 0x00, 0x00, 0x00,
	0x00, 0x00, 0x00, 0x00, 0x66, 0x00, 0x00, 0x00, 0x20, 0x00, 0x70, 0x03, 0x00, 0xD8, 0x04, 0x00,
	0x3D, 0xDF, 0x22, 0x02, 0x20, 0x02, 0x80, 0x88, 0x08, 0x00, 0x02, 0x00, 0x28, 0x00, 0x00, 0x00,
	0x00, 0x00, 0x00, 0x00, 0x00, 0x00, 0x00, 0x00, 0x38, 0x00, 0x00, 0x00, 0x00, 0x00, 0x00, 0x00,
	0x00, 0x00, 0x0A, 0x33, 0x16, 0x00, 0x00, 0x00, 0x00, 0x00, 0x60, 0x00, 0x00, 0x00, 0x00, 0x00,
	0x26, 0x00, 0x00, 0x00, 0x00, 0x00, 0x02, 0x00, 0x00, 0x00, 0x00, 0x00, 0x29, 0x40, 0x10, 0x14,
	0x0C, 0x00, 0x00, 0x00, 0x00, 0x80, 0x01, 0x00, 0x28, 0x00, 0x00, 0x00, 0x00, 0x00, 0x00, 0x00,
	0x00, 0x00, 0x00, 0x00, 0x38, 0x00, 0x00, 0x00, 0x00, 0x00, 0x00, 0x00, 0x00, 0x00, 0x86, 0x33,
	0x16, 0x20, 0x01, 0x00, 0x00, 0x00, 0x90, 0x00, 0x10, 0x18, 0x00, 0x00, 0x26, 0x00, 0x00, 0x00,
	0x02, 0x00, 0x02, 0x00, 0x3C, 0x00, 0x00, 0x00, 0x29, 0x18, 0x08, 0x18, 0x10, 0x00, 0x01, 0x12,
	0x7C, 0x80, 0x00, 0x00, 0x16, 0x00, 0x00, 0x00, 0x00, 0x00, 0x90, 0x00, 0x00, 0x3C, 0x00, 0x00,
	0x26, 0x00, 0x00, 0x00, 0x00, 0x00, 0x02, 0x00, 0x14, 0x01, 0x00, 0x00, 0x29, 0x2C, 0x08, 0x18,
	0x10, 0x00, 0x01, 0x00, 0x14, 0x80, 0x00, 0x00, 0x2E, 0x00, 0x0B, 0x00, 0x00, 0x00, 0x80, 0x07,
	0x00, 0x80, 0x11, 0x00, 0x00, 0x00, 0x00, 0x00, 0x00, 0x00, 0x00, 0x00, 0x00, 0x00, 0x00, 0x00,
	0x00, 0x00, 0x14, 0x00, 0x00, 0x00, 0x00, 0x00, 0x00, 0x00, 0x00, 0x00, 0x66, 0x00, 0x00, 0x00,
	0x20, 0x00, 0x70, 0x03, 0x00, 0x78, 0x05, 0x00, 0x3D, 0xDF, 0x22, 0x02, 0x20, 0x02, 0x80, 0x88,
	0x08, 0x00, 0x02, 0x00, 0x28, 0x00, 0x00, 0x00, 0x00, 0x00, 0x00, 0x00, 0x00, 0x00, 0x00, 0x00,
	0x38, 0x00, 0x00, 0x00, 0x00, 0x00, 0x00, 0x00, 0x00, 0x00, 0x0A, 0x33, 0x16, 0x20, 0x01, 0x00,
	0x00, 0x00, 0x60, 0x00, 0x10, 0x00, 0x00, 0x00, 0x26, 0x00, 0x00, 0x00, 0x00, 0x00, 0x02, 0x00,
	0x28, 0x00, 0x00, 0x00, 0x29, 0x40, 0x10, 0x14, 0x0C, 0x00, 0x00, 0x12, 0x68, 0x80, 0x01, 0x00,
	0x28, 0x00, 0x00, 0x00, 0x00, 0x00, 0x00, 0x00, 0x00, 0x00, 0x00, 0x00, 0x38, 0x00, 0x00, 0x00,
	0x00, 0x00, 0x00, 0x00, 0x00, 0x00, 0x86, 0x33, 0x16, 0x00, 0x00, 0x00, 0x00, 0x00, 0x90, 0x00,
	0x00, 0x18, 0x00, 0x00, 0x26, 0x00, 0x00, 0x00, 0x02, 0x00, 0x02, 0x00, 0x00, 0x00, 0x00, 0x00,
	0x29, 0x18, 0x08, 0x18, 0x10, 0x00, 0x01, 0x00, 0x00, 0x80, 0x00, 0x00, 0x16, 0x20, 0x01, 0x00,
	0x00, 0x00, 0x90, 0x00, 0x10, 0x3C, 0x00, 0x00, 0x26, 0x00, 0x00, 0x00, 0x00, 0x00, 0x02, 0x00,
	0x3C, 0x01, 0x00, 0x00, 0x29, 0x2C, 0x08, 0x18, 0x10, 0x00, 0x01, 0x12, 0x7C, 0x80, 0x00, 0x00,
	0x2E, 0x00, 0x0B, 0x00, 0x00, 0x00, 0x80, 0x07, 0x00, 0xD0, 0x11, 0x00, 0x00, 0x00, 0x00, 0x00,
	0x00, 0x00, 0x00, 0x00, 0x00, 0x00, 0x00, 0x00, 0x00, 0x00, 0x14, 0x00, 0x00, 0x00, 0x00, 0x00,
	0x00, 0x00, 0x00, 0x00, 0x66, 0x00, 0x00, 0x00, 0x20, 0x00, 0x70, 0x03, 0x00, 0x18, 0x06, 0x00,
	0x3D, 0xDF, 0x22, 0x02, 0x20, 0x02, 0x80, 0x88, 0x08, 0x00, 0x02, 0x00, 0x28, 0x00, 0x00, 0x00,
	0x00, 0x00, 0x00, 0x00, 0x00, 0x00, 0x00, 0x00, 0x38, 0x00, 0x00, 0x00, 0x00, 0x00, 0x00, 0x00,
	0x00, 0x00, 0x0A, 0x33, 0x16, 0x00, 0x00, 0x00, 0x00, 0x00, 0x60, 0x00, 0x00, 0x00, 0x00, 0x00,
	0x26, 0x00, 0x00, 0x00, 0x00, 0x00, 0x02, 0x00, 0x14, 0x00, 0x00, 0x00, 0x29, 0x40, 0x10, 0x14,
	0x0C, 0x00, 0x00, 0x00, 0x14, 0x80, 0x01, 0x00, 0x28, 0x00, 0x00, 0x00, 0x00, 0x00, 0x00, 0x00,
	0x00, 0x00, 0x00, 0x00, 0x38, 0x00, 0x00, 0x00, 0x00, 0x00, 0x00, 0x00, 0x00, 0x00, 0x86, 0x33,
	0x16, 0x20, 0x01, 0x00, 0x00, 0x00, 0x90, 0x00, 0x10, 0x18, 0x00, 0x00, 0x26, 0x00, 0x00, 0x00,
	0x02, 0x00, 0x02, 0x00, 0x28, 0x00, 0x00, 0x00, 0x29, 0x18, 0x08, 0x18, 0x10, 0x00, 0x01, 0x12,
	0x68, 0x80, 0x00, 0x00, 0x16, 0x00, 0x00, 0x00, 0x00, 0x00, 0x90, 0x00, 0x00, 0x3C, 0x00, 0x00,
	0x26, 0x00, 0x00, 0x00, 0x00, 0x00, 0x02, 0x00, 0x00, 0x01, 0x00, 0x00, 0x29, 0x2C, 0x08, 0x18,
	0x10, 0x00, 0x01, 0x00, 0x00, 0x80, 0x00, 0x00, 0x2E, 0x00, 0x0B, 0x00, 0x00, 0x00, 0x80, 0x07,
	0x00, 0x20, 0x12, 0x00, 0x00, 0x00, 0x00, 0x00, 0x00, 0x00, 0x00, 0x00, 0x00, 0x00, 0x00, 0x00,
	0x00, 0x00, 0x14, 0x00, 0x00, 0x00, 0x00, 0x00, 0x00, 0x00, 0x00, 0x00, 0x66, 0x00, 0x00, 0x00,
	0x20, 0x00, 0x70, 0x03, 0x00, 0xB8, 0x06, 0x00, 0x3D, 0xDF, 0x22, 0x02, 0x20, 0x02, 0x80, 0x88,
	0x08, 0x00, 0x02, 0x00, 0x28, 0x00, 0x00, 0x00, 0x00, 0x00, 0x00, 0x00, 0x00, 0x00, 0x00, 0x00,
	0x38, 0x00, 0x00, 0x00, 0x00, 0x00, 0x00, 0x00, 0x00, 0x00, 0x0A, 0x33, 0x16, 0x20, 0x01, 0x00,
	0x00, 0x00, 0x60, 0x00, 0x10, 0x00, 0x00, 0x00, 0x26, 0x00, 0x00, 0x00, 0x00, 0x00, 0x02, 0x00,
	0x3C, 0x00, 0x00, 0x00, 0x29, 0x40, 0x10, 0x14, 0x0C, 0x00, 0x00, 0x12, 0x7C, 0x80, 0x01, 0x00,
	0x28, 0x00, 0x00, 0x00, 0x00, 0x00, 0x00, 0x00, 0x00, 0x00, 0x00, 0x00, 0x38, 0x00, 0x00, 0x00,
	0x00, 0x00, 0x00, 0x00, 0x00, 0x00, 0x86, 0x33, 0x16, 0x00, 0x00, 0x00, 0x00, 0x00, 0x90, 0x00,
	0x00, 0x18, 0x00, 0x00, 0x26, 0x00, 0x00, 0x00, 0x02, 0x00, 0x02, 0x00, 0x14, 0x00, 0x00, 0x00,
	0x29, 0x18, 0x08, 0x18, 0x10, 0x00, 0x01, 0x00, 0x14, 0x80, 0x00, 0x00, 0x16, 0x20, 0x01, 0x00,
	0x00, 0x00, 0x90, 0x00, 0x10, 0x3C, 0x00, 0x00, 0x26, 0x00, 0x00, 0x00, 0x00, 0x00, 0x02, 0x00,
	0x28, 0x01, 0x00, 0x00, 0x29, 0x2C, 0x08, 0x18, 0x10, 0x00, 0x01, 0x12, 0x68, 0x80, 0x00, 0x00,
	0x2E, 0x00, 0x0B, 0x00, 0x00, 0x00, 0x80, 0x07, 0x00, 0x70, 0x12, 0x00, 0x00, 0x00, 0x00, 0x00,
	0x00, 0x00, 0x00, 0x00, 0x00, 0x00, 0x00, 0x00, 0x00, 0x00, 0x14, 0x00, 0x00, 0x00, 0x00, 0x00,
	0x00, 0x00, 0x00, 0x00, 0x66, 0x00, 0x00, 0x00, 0x20, 0x00, 0x70, 0x03, 0x00, 0x58, 0x07, 0x00,
	0x3D, 0xDF, 0x22, 0x02, 0x20, 0x02, 0x80, 0x88, 0x08, 0x00, 0x02, 0x00, 0x28, 0x00, 0x00, 0x00,
	0x00, 0x00, 0x00, 0x00, 0x00, 0x00, 0x00, 0x00, 0x38, 0x00, 0x00, 0x00, 0x00, 0x00, 0x00, 0x00,
	0x00, 0x00, 0x0A, 0x33, 0x16, 0x00, 0x00, 0x00, 0x00, 0x00, 0x60, 0x00, 0x00, 0x00, 0x00, 0x00,
	0x26, 0x00, 0x00, 0x00, 0x00, 0x00, 0x02, 0x00, 0x00, 0x00, 0x00, 0x00, 0x29, 0x40, 0x10, 0x14,
	0x0C, 0x00, 0x00, 0x00, 0x00, 0x80, 0x01, 0x00, 0x28, 0x00, 0x00, 0x00, 0x00, 0x00, 0x00, 0x00,
	0x00, 0x00, 0x00, 0x00, 0x38, 0x00, 0x00, 0x00, 0x00, 0x00, 0x00, 0x00, 0x00, 0x00, 0x86, 0x33,
	0x16, 0x20, 0x01, 0x00, 0x00, 0x00, 0x90, 0x00, 0x10, 0x18, 0x00, 0x00, 0x26, 0x00, 0x00, 0x00,
	0x02, 0x00, 0x02, 0x00, 0x3C, 0x00, 0x00, 0x00, 0x29, 0x18, 0x08, 0x18, 0x10, 0x00, 0x01, 0x12,
	0x7C, 0x80, 0x00, 0x00, 0x16, 0x00, 0x00, 0x00, 0x00, 0x00, 0x90, 0x00, 0x00, 0x3C, 0x00, 0x00,
	0x26, 0x00, 0x00, 0x00, 0x00, 0x00, 0x02, 0x00, 0x14, 0x01, 0x00, 0x00, 0x29, 0x2C, 0x08, 0x18,
	0x10, 0x00, 0x01, 0x00, 0x14, 0x80, 0x00, 0x00, 0x2E, 0x00, 0x0B, 0x00, 0x00, 0x00, 0x80, 0x07,
	0x00, 0xC0, 0x12, 0x00, 0x00, 0x00, 0x00, 0x00, 0x00, 0x00, 0x00, 0x00, 0x00, 0x00, 0x00, 0x00,
	0x00, 0x00, 0x14, 0x00, 0x00, 0x00, 0x00, 0x00, 0x00, 0x00, 0x00, 0x00, 0x66, 0x00, 0x00, 0x00,
	0x20, 0x00, 0x70, 0x03, 0x00, 0xF8, 0x07, 0x00, 0x3D, 0xDF, 0x22, 0x02, 0x20, 0x02, 0x80, 0x88,
	0x08, 0x00, 0x02, 0x00, 0x28, 0x00, 0x00, 0x00, 0x00, 0x00, 0x00, 0x00, 0x00, 0x00, 0x00, 0x00,
	0x38, 0x00, 0x00, 0x00, 0x00, 0x00, 0x00, 0x00, 0x00, 0x00, 0x0A, 0x33, 0x16, 0x20, 0x01, 0x00,
	0x00, 0x00, 0x60, 0x00, 0x10, 0x00, 0x00, 0x00, 0x26, 0x00, 0x00, 0x00, 0x00, 0x00, 0x02, 0x00,
	0x28, 0x00, 0x00, 0x00, 0x29, 0x40, 0x10, 0x14, 0x0C, 0x00, 0x00, 0x12, 0x68, 0x80, 0x01, 0x00,
	0x28, 0x00, 0x00, 0x00, 0x00, 0x00, 0x00, 0x00, 0x00, 0x00, 0x00, 0x00, 0x38, 0x00, 0x00, 0x00,
	0x00, 0x00, 0x00, 0x00, 0x00, 0x00, 0x86, 0x33, 0x16, 0x00, 0x00, 0x00, 0x00, 0x00, 0x90, 0x00,
	0x00, 0x18, 0x00, 0x00, 0x26, 0x00, 0x00, 0x00, 0x02, 0x00, 0x02, 0x00, 0x00, 0x00, 0x00, 0x00,
	0x29, 0x18, 0x08, 0x18, 0x10, 0x00, 0x01, 0x00, 0x00, 0x80, 0x00, 0x00, 0x16, 0x20, 0x01, 0x00,
	0x00, 0x00, 0x90, 0x00, 0x10, 0x3C, 0x00, 0x00, 0x26, 0x00, 0x00, 0x00, 0x00, 0x00, 0x02, 0x00,
	0x3C, 0x01, 0x00, 0x00, 0x29, 0x2C, 0x08, 0x18, 0x10, 0x00, 0x01, 0x12, 0x7C, 0x80, 0x00, 0x00,
	0x2E, 0x00, 0x0B, 0x00, 0x00, 0x00, 0x80, 0x07, 0x00, 0x10, 0x13, 0x00, 0x00, 0x00, 0x00, 0x00,
	0x00, 0x00, 0x00, 0x00, 0x00, 0x00, 0x00, 0x00, 0x00, 0x00, 0x14, 0x00, 0x00, 0x00, 0x00, 0x00,
	0x00, 0x00, 0x00, 0x00, 0x66, 0x00, 0x00, 0x00, 0x20, 0x00, 0x70, 0x03, 0x00, 0x98, 0x08, 0x00,
	0x3D, 0xDF, 0x22, 0x02, 0x20, 0x02, 0x80, 0x88, 0x08, 0x00, 0x02, 0x00, 0x28, 0x00, 0x00, 0x00,
	0x00, 0x00, 0x00, 0x00, 0x00, 0x00, 0x00, 0x00, 0x38, 0x00, 0x00, 0x00, 0x00, 0x00, 0x00, 0x00,
	0x00, 0x00, 0x0A, 0x33, 0x16, 0x00, 0x00, 0x00, 0x00, 0x00, 0x60, 0x00, 0x00, 0x00, 0x00, 0x00,
	0x26, 0x00, 0x00, 0x00, 0x00, 0x00, 0x02, 0x00, 0x14, 0x00, 0x00, 0x00, 0x29, 0x40, 0x10, 0x14,
	0x0C, 0x00, 0x00, 0x00, 0x14, 0x80, 0x01, 0x00, 0x28, 0x00, 0x00, 0x00, 0x00, 0x00, 0x00, 0x00,
	0x00, 0x00, 0x00, 0x00, 0x38, 0x00, 0x00, 0x00, 0x00, 0x00, 0x00, 0x00, 0x00, 0x00, 0x86, 0x33,
	0x16, 0x20, 0x01, 0x00, 0x00, 0x00, 0x90, 0x00, 0x10, 0x18, 0x00, 0x00, 0x26, 0x00, 0x00, 0x00,
	0x02, 0x00, 0x02, 0x00, 0x28, 0x00, 0x00, 0x00, 0x29, 0x18, 0x08, 0x18, 0x10, 0x00, 0x01, 0x12,
	0x68, 0x80, 0x00, 0x00, 0x16, 0x00, 0x00, 0x00, 0x00, 0x00, 0x90, 0x00, 0x00, 0x3C, 0x00, 0x00,
	0x26, 0x00, 0x00, 0x00, 0x00, 0x00, 0x02, 0x00, 0x00, 0x01, 0x00, 0x00, 0x29, 0x2C, 0x08, 0x18,
	0x10, 0x00, 0x01, 0x00, 0x00, 0x80, 0x00, 0x00, 0x2E, 0x00, 0x0B, 0x00, 0x00, 0x00, 0x80, 0x07,
	0x00, 0x60, 0x13, 0x00, 0x00, 0x00, 0x00, 0x00, 0x00, 0x00, 0x00, 0x00, 0x00, 0x00, 0x00, 0x00,
	0x00, 0x00, 0x14, 0x00, 0x00, 0x00, 0x00, 0x00, 0x00, 0x00, 0x00, 0x00, 0x66, 0x00, 0x00, 0x00,
	0x20, 0x00, 0x70, 0x03, 0x00, 0x38, 0x09, 0x00, 0x3D, 0xDF, 0x22, 0x02, 0x20, 0x02, 0x80, 0x88,
	0x08, 0x00, 0x02, 0x00, 0x28, 0x00, 0x00, 0x00, 0x00, 0x00, 0x00, 0x00, 0x00, 0x00, 0x00, 0x00,
	0x38, 0x00, 0x00, 0x00, 0x00, 0x00, 0x00, 0x00, 0x00, 0x00, 0x0A, 0x33, 0x16, 0x20, 0x01, 0x00,
	0x00, 0x00, 0x60, 0x00, 0x10, 0x00, 0x00, 0x00, 0x26, 0x00, 0x00, 0x00, 0x00, 0x00, 0x02, 0x00,
	0x3C, 0x00, 0x00, 0x00, 0x29, 0x40, 0x10, 0x14, 0x0C, 0x00, 0x00, 0x12, 0x7C, 0x80, 0x01, 0x00,
	0x28, 0x00, 0x00, 0x00, 0x00, 0x00, 0x00, 0x00, 0x00, 0x00, 0x00, 0x00, 0x38, 0x00, 0x00, 0x00,
	0x00, 0x00, 0x00, 0x00, 0x00, 0x00, 0x86, 0x33, 0x16, 0x00, 0x00, 0x00, 0x00, 0x00, 0x90, 0x00,
	0x00, 0x18, 0x00, 0x00, 0x26, 0x00, 0x00, 0x00, 0x02, 0x00, 0x02, 0x00, 0x14, 0x00, 0x00, 0x00,
	0x29, 0x18, 0x08, 0x18, 0x10, 0x00, 0x01, 0x00, 0x14, 0x80, 0x00, 0x00, 0x16, 0x20, 0x01, 0x00,
	0x00, 0x00, 0x90, 0x00, 0x10, 0x3C, 0x00, 0x00, 0x26, 0x00, 0x00, 0x00, 0x00, 0x00, 0x02, 0x00,
	0x28, 0x01, 0x00, 0x00, 0x29, 0x2C, 0x08, 0x18, 0x10, 0x00, 0x01, 0x12, 0x68, 0x80, 0x00, 0x00,
	0x2E, 0x00, 0x0B, 0x00, 0x00, 0x00, 0x80, 0x07, 0x00, 0xB0, 0x13, 0x00, 0x00, 0x00, 0x00, 0x00,
	0x00, 0x00, 0x00, 0x00, 0x00, 0x00, 0x00, 0x00, 0x00, 0x00, 0x14, 0x00, 0x00, 0x00, 0x00, 0x00,
	0x00, 0x00, 0x00, 0x00, 0x66, 0x00, 0x00, 0x00, 0x20, 0x00, 0x70, 0x03, 0x00, 0xD8, 0x09, 0x00,
	0x3D, 0xDF, 0x22, 0x02, 0x20, 0x02, 0x80, 0x88, 0x08, 0x00, 0x02, 0x00, 0x28, 0x00, 0x00, 0x00,
	0x00, 0x00, 0x00, 0x00, 0x00, 0x00, 0x00, 0x00, 0x38, 0x00, 0x00, 0x00, 0x00, 0x00, 0x00, 0x00,
	0x00, 0x00, 0x0A, 0x33, 0x16, 0x00, 0x00, 0x00, 0x00, 0x00, 0x60, 0x00, 0x00, 0x00, 0x00, 0x00,
	0x26, 0x00, 0x00, 0x00, 0x00, 0x00, 0x02, 0x00, 0x00, 0x00, 0x00, 0x00, 0x29, 0x40, 0x10, 0x14,
	0x0C, 0x00, 0x00, 0x00, 0x00, 0x80, 0x01, 0x00, 0x28, 0x00, 0x00, 0x00, 0x00, 0x00, 0x00, 0x00,
	0x00, 0x00, 0x00, 0x00, 0x38, 0x00, 0x00, 0x00, 0x00, 0x00, 0x00, 0x00, 0x00, 0x00, 0x86, 0x33,
	0x16, 0x20, 0x01, 0x00, 0x00, 0x00, 0x90, 0x00, 0x10, 0x18, 0x00, 0x00, 0x26, 0x00, 0x00, 0x00,
	0x02, 0x00, 0x02, 0x00, 0x3C, 0x00, 0x00, 0x00, 0x29, 0x18, 0x08, 0x18, 0x10, 0x00, 0x01, 0x12,
	0x7C, 0x80, 0x00, 0x00, 0x16, 0x00, 0x00, 0x00, 0x00, 0x00, 0x90, 0x00, 0x00, 0x3C, 0x00, 0x00,
	0x26, 0x00, 0x00, 0x00, 0x00, 0x00, 0x02, 0x00, 0x14, 0x01, 0x00, 0x00, 0x29, 0x2C, 0x08, 0x18,
	0x10, 0x00, 0x01, 0x00, 0x14, 0x80, 0x00, 0x00, 0x2E, 0x00, 0x0B, 0x00, 0x00, 0x00, 0x80, 0x07,
	0x00, 0x00, 0x14, 0x00, 0x00, 0x00, 0x00, 0x00, 0x00, 0x00, 0x00, 0x00, 0x00, 0x00, 0x00, 0x00,
	0x00, 0x00, 0x14, 0x00, 0x00, 0x00, 0x00, 0x00, 0x00, 0x00, 0x00, 0x00, 0x66, 0x00, 0x00, 0x00,
	0x20, 0x00, 0x70, 0x03, 0x00, 0x78, 0x0A, 0x00, 0x3D, 0xDF, 0x22, 0x02, 0x20, 0x02, 0x80, 0x88,
	0x08, 0x00, 0x02, 0x00, 0x28, 0x00, 0x00, 0x00, 0x00, 0x00, 0x00, 0x00, 0x00, 0x00, 0x00, 0x00,
	0x38, 0x00, 0x00, 0x00, 0x00, 0x00, 0x00, 0x00, 0x00, 0x00, 0x0A, 0x33, 0x16, 0x20, 0x01, 0x00,
	0x00, 0x00, 0x60, 0x00, 0x10, 0x00, 0x00, 0x00, 0x26, 0x00, 0x00, 0x00, 0x00, 0x00, 0x02, 0x00,
	0x28, 0x00, 0x00, 0x00, 0x29, 0x40, 0x10, 0x14, 0x0C, 0x00, 0x00, 0x12, 0x68, 0x80, 0x01, 0x00,
	0x28, 0x00, 0x00, 0x00, 0x00, 0x00, 0x00, 0x00, 0x00, 0x00, 0x00, 0x00, 0x38, 0x00, 0x00, 0x00,
	0x00, 0x00, 0x00, 0x00, 0x00, 0x00, 0x86, 0x33, 0x16, 0x00, 0x00, 0x00, 0x00, 0x00, 0x90, 0x00,
	0x00, 0x18, 0x00, 0x00, 0x26, 0x00, 0x00, 0x00, 0x02, 0x00, 0x02, 0x00, 0x00, 0x00, 0x00, 0x00,
	0x29, 0x18, 0x08, 0x18, 0x10, 0x00, 0x01, 0x00, 0x00, 0x80, 0x00, 0x00, 0x16, 0x20, 0x01, 0x00,
	0x00, 0x00, 0x90, 0x00, 0x10, 0x3C, 0x00, 0x00, 0x26, 0x00, 0x00, 0x00, 0x00, 0x00, 0x02, 0x00,
	0x3C, 0x01, 0x00, 0x00, 0x29, 0x2C, 0x08, 0x18, 0x10, 0x00, 0x01, 0x12, 0x7C, 0x80, 0x00, 0x00,
	0x2E, 0x00, 0x0B, 0x00, 0x00, 0x00, 0x80, 0x07, 0x00, 0x50, 0x14, 0x00, 0x00, 0x00, 0x00, 0x00,
	0x00, 0x00, 0x00, 0x00, 0x00, 0x00, 0x00, 0x00, 0x00, 0x00, 0x14, 0x00, 0x00, 0x00, 0x00, 0x00,
	0x00, 0x00, 0x00, 0x00, 0x66, 0x00, 0x00, 0x00, 0x20, 0x00, 0x70, 0x03, 0x00, 0x18, 0x0B, 0x00,
	0x3D, 0xDF, 0x22, 0x02, 0x20, 0x02, 0x80, 0x88, 0x08, 0x00, 0x02, 0x00, 0x28, 0x00, 0x00, 0x00,
	0x00, 0x00, 0x00, 0x00, 0x00, 0x00, 0x00, 0x00, 0x38, 0x00, 0x00, 0x00, 0x00, 0x00, 0x00, 0x00,
	0x00, 0x00, 0x0A, 0x33, 0x16, 0x00, 0x00, 0x00, 0x00, 0x00, 0x60, 0x00, 0x00, 0x00, 0x00, 0x00,
	0x26, 0x00, 0x00, 0x00, 0x00, 0x00, 0x02, 0x00, 0x14, 0x00, 0x00, 0x00, 0x29, 0x40, 0x10, 0x14,
	0x0C, 0x00, 0x00, 0x00, 0x14, 0x80, 0x01, 0x00, 0x28, 0x00, 0x00, 0x00, 0x00, 0x00, 0x00, 0x00,
	0x00, 0x00, 0x00, 0x00, 0x38, 0x00, 0x00, 0x00, 0x00, 0x00, 0x00, 0x00, 0x00, 0x00, 0x86, 0x33,
	0x16, 0x20, 0x01, 0x00, 0x00, 0x00, 0x90, 0x00, 0x10, 0x18, 0x00, 0x00, 0x26, 0x00, 0x00, 0x00,
	0x02, 0x00, 0x02, 0x00, 0x28, 0x00, 0x00, 0x00, 0x29, 0x18, 0x08, 0x18, 0x10, 0x00, 0x01, 0x12,
	0x68, 0x80, 0x00, 0x00, 0x16, 0x00, 0x00, 0x00, 0x00, 0x00, 0x90, 0x00, 0x00, 0x3C, 0x00, 0x00,
	0x26, 0x00, 0x00, 0x00, 0x00, 0x00, 0x02, 0x00, 0x00, 0x01, 0x00, 0x00, 0x29, 0x2C, 0x08, 0x18,
	0x10, 0x00, 0x01, 0x00, 0x00, 0x80, 0x00, 0x00, 0x2E, 0x00, 0x0B, 0x00, 0x00, 0x00, 0x80, 0x07,
	0x00, 0xA0, 0x14, 0x00, 0x00, 0x00, 0x00, 0x00, 0x00, 0x00, 0x00, 0x00, 0x00, 0x00, 0x00, 0x00,
	0x00, 0x00, 0x14, 0x00, 0x00, 0x00, 0x00, 0x00, 0x00, 0x00, 0x00, 0x00, 0x66, 0x00, 0x00, 0x00,
	0x20, 0x00, 0x70, 0x03, 0x00, 0xB8, 0x0B, 0x00, 0x3D, 0xDF, 0x22, 0x02, 0x20, 0x02, 0x80, 0x88,
	0x08, 0x00, 0x02, 0x00, 0x28, 0x00, 0x00, 0x00, 0x00, 0x00, 0x00, 0x00, 0x00, 0x00, 0x00, 0x00,
	0x38, 0x00, 0x00, 0x00, 0x00, 0x00, 0x00, 0x00, 0x00, 0x00, 0x0A, 0x33, 0x16, 0x20, 0x01, 0x00,
	0x00, 0x00, 0x60, 0x00, 0x10, 0x00, 0x00, 0x00, 0x26, 0x00, 0x00, 0x00, 0x00, 0x00, 0x02, 0x00,
	0x3C, 0x00, 0x00, 0x00, 0x29, 0x40, 0x10, 0x14, 0x0C, 0x00, 0x00, 0x12, 0x7C, 0x80, 0x01, 0x00,
	0x28, 0x00, 0x00, 0x00, 0x00, 0x00, 0x00, 0x00, 0x00, 0x00, 0x00, 0x00, 0x38, 0x00, 0x00, 0x00,
	0x00, 0x00, 0x00, 0x00, 0x00, 0x00, 0x86, 0x33, 0x16, 0x00, 0x00, 0x00, 0x00, 0x00, 0x90, 0x00,
	0x00, 0x18, 0x00, 0x00, 0x26, 0x00, 0x00, 0x00, 0x02, 0x00, 0x02, 0x00, 0x14, 0x00, 0x00, 0x00,
	0x29, 0x18, 0x08, 0x18, 0x10, 0x00, 0x01, 0x00, 0x14, 0x80, 0x00, 0x00, 0x16, 0x20, 0x01, 0x00,
	0x00, 0x00, 0x90, 0x00, 0x10, 0x3C, 0x00, 0x00, 0x26, 0x00, 0x00, 0x00, 0x00, 0x00, 0x02, 0x00,
	0x28, 0x01, 0x00, 0x00, 0x29, 0x2C, 0x08, 0x18, 0x10, 0x00, 0x01, 0x12, 0x68, 0x80, 0x00, 0x00,
	0x2E, 0x00, 0x0B, 0x00, 0x00, 0x00, 0x80, 0x07, 0x00, 0xF0, 0x14, 0x00, 0x00, 0x00, 0x00, 0x00,
	0x00, 0x00, 0x00, 0x00, 0x00, 0x00, 0x00, 0x00, 0x00, 0x00, 0x14, 0x00, 0x00, 0x00, 0x00, 0x00,
	0x00, 0x00, 0x00, 0x00, 0x66, 0x00, 0x00, 0x00, 0x20, 0x00, 0x70, 0x03, 0x00, 0x58, 0x0C, 0x00,
	0x3D, 0xDF, 0x22, 0x02, 0x20, 0x02, 0x80, 0x88, 0x08, 0x00, 0x02, 0x00, 0x28, 0x00, 0x00, 0x00,
	0x00, 0x00, 0x00, 0x00, 0x00, 0x00, 0x00, 0x00, 0x38, 0x00, 0x00, 0x00, 0x00, 0x00, 0x00, 0x00,
	0x00, 0x00, 0x0A, 0x33, 0x16, 0x00, 0x00, 0x00, 0x00, 0x00, 0x60, 0x00, 0x00, 0x00, 0x00, 0x00,
	0x26, 0x00, 0x00, 0x00, 0x00, 0x00, 0x02, 0x00, 0x00, 0x00, 0x00, 0x00, 0x29, 0x40, 0x10, 0x14,
	0x0C, 0x00, 0x00, 0x00, 0x00, 0x80, 0x01, 0x00, 0x28, 0x00, 0x00, 0x00, 0x00, 0x00, 0x00, 0x00,
	0x00, 0x00, 0x00, 0x00, 0x38, 0x00, 0x00, 0x00, 0x00, 0x00, 0x00, 0x00, 0x00, 0x00, 0x86, 0x33,
	0x16, 0x20, 0x01, 0x00, 0x00, 0x00, 0x90, 0x00, 0x10, 0x18, 0x00, 0x00, 0x26, 0x00, 0x00, 0x00,
	0x02, 0x00, 0x02, 0x00, 0x3C, 0x00, 0x00, 0x00, 0x29, 0x18, 0x08, 0x18, 0x10, 0x00, 0x01, 0x12,
	0x7C, 0x80, 0x00, 0x00, 0x16, 0x00, 0x00, 0x00, 0x00, 0x00, 0x90, 0x00, 0x00, 0x3C, 0x00, 0x00,
	0x26, 0x00, 0x00, 0x00, 0x00, 0x00, 0x02, 0x00, 0x14, 0x01, 0x00, 0x00, 0x29, 0x2C, 0x08, 0x18,
	0x10, 0x00, 0x01, 0x00, 0x14, 0x80, 0x00, 0x00, 0x2E, 0x00, 0x0B, 0x00, 0x00, 0x00, 0x80, 0x07,
	0x00, 0x40, 0x15, 0x00, 0x00, 0x00, 0x00, 0x00, 0x00, 0x00, 0x00, 0x00, 0x00, 0x00, 0x00, 0x00,
	0x00, 0x00, 0x14, 0x00, 0x00, 0x00, 0x00, 0x00, 0x00, 0x00, 0x00, 0x00, 0x66, 0x00, 0x00, 0x00,
	0x20, 0x00, 0x70, 0x03, 0x00, 0xF8, 0x0C, 0x00, 0x3D, 0xDF, 0x22, 0x02, 0x20, 0x02, 0x80, 0x88,
	0x08, 0x00, 0x02, 0x00, 0x28, 0x00, 0x00, 0x00, 0x00, 0x00, 0x00, 0x00, 0x00, 0x00, 0x00, 0x00,
	0x38, 0x00, 0x00, 0x00, 0x00, 0x00, 0x00, 0x00, 0x00, 0x00, 0x0A, 0x33, 0x16, 0x20, 0x01, 0x00,
	0x00, 0x00, 0x60, 0x00, 0x10, 0x00, 0x00, 0x00, 0x26, 0x00, 0x00, 0x00, 0x00, 0x00, 0x02, 0x00,
	0x28, 0x00, 0x00, 0x00, 0x29, 0x40, 0x10, 0x14, 0x0C, 0x00, 0x00, 0x12, 0x68, 0x80, 0x01, 0x00,
	0x28, 0x00, 0x00, 0x00, 0x00, 0x00, 0x00, 0x00, 0x00, 0x00, 0x00, 0x00, 0x38, 0x00, 0x00, 0x00,
	0x00, 0x00, 0x00, 0x00, 0x00, 0x00, 0x86, 0x33, 0x16, 0x00, 0x00, 0x00, 0x00, 0x00, 0x90, 0x00,
	0x00, 0x18, 0x00, 0x00, 0x26, 0x00, 0x00, 0x00, 0x02, 0x00, 0x02, 0x00, 0x00, 0x00, 0x00, 0x00,
	0x29, 0x18, 0x08, 0x18, 0x10, 0x00, 0x01, 0x00, 0x00, 0x80, 0x00, 0x00, 0x16, 0x20, 0x01, 0x00,
	0x00, 0x00, 0x90, 0x00, 0x10, 0x3C, 0x00, 0x00, 0x26, 0x00, 0x00, 0x00, 0x00, 0x00, 0x02, 0x00,
	0x3C, 0x01, 0x00, 0x00, 0x29, 0x2C, 0x08, 0x18, 0x10, 0x00, 0x01, 0x12, 0x7C, 0x80, 0x00, 0x00,
	0x2E, 0x00, 0x0B, 0x00, 0x00, 0x00, 0x80, 0x07, 0x00, 0x90, 0x15, 0x00, 0x00, 0x00, 0x00, 0x00,
	0x00, 0x00, 0x00, 0x00, 0x00, 0x00, 0x00, 0x00, 0x00, 0x00, 0x14, 0x00, 0x00, 0x00, 0x00, 0x00,
	0x00, 0x00, 0x00, 0x00, 0x66, 0x00, 0x00, 0x00, 0x20, 0x00, 0x70, 0x03, 0x00, 0x98, 0x0D, 0x00,
	0x3D, 0xDF, 0x22, 0x02, 0x20, 0x02, 0x80, 0x88, 0x08, 0x00, 0x02, 0x00, 0x28, 0x00, 0x00, 0x00,
	0x00, 0x00, 0x00, 0x00, 0x00, 0x00, 0x00, 0x00, 0x38, 0x00, 0x00, 0x00, 0x00, 0x00, 0x00, 0x00,
	0x00, 0x00, 0x0A, 0x33, 0x16, 0x00, 0x00, 0x00, 0x00, 0x00, 0x60, 0x00, 0x00, 0x00, 0x00, 0x00,
	0x26, 0x00, 0x00, 0x00, 0x00, 0x00, 0x02, 0x00, 0x14, 0x00, 0x00, 0x00, 0x29, 0x40, 0x10, 0x14,
	0x0C, 0x00, 0x00, 0x00, 0x14, 0x80, 0x01, 0x00, 0x28, 0x00, 0x00, 0x00, 0x00, 0x00, 0x00, 0x00,
	0x00, 0x00, 0x00, 0x00, 0x38, 0x00, 0x00, 0x00, 0x00, 0x00, 0x00, 0x00, 0x00, 0x00, 0x86, 0x33,
	0x16, 0x20, 0x01, 0x00, 0x00, 0x00, 0x90, 0x00, 0x10, 0x18, 0x00, 0x00, 0x26, 0x00, 0x00, 0x00,
	0x02, 0x00, 0x02, 0x00, 0x28, 0x00, 0x00, 0x00, 0x29, 0x18, 0x08, 0x18, 0x10, 0x00, 0x01, 0x12,
	0x68, 0x80, 0x00, 0x00, 0x16, 0x00, 0x00, 0x00, 0x00, 0x00, 0x90, 0x00, 0x00, 0x3C, 0x00, 0x00,
	0x26, 0x00, 0x00, 0x00, 0x00, 0x00, 0x02, 0x00, 0x00, 0x01, 0x00, 0x00, 0x29, 0x2C, 0x08, 0x18,
	0x10, 0x00, 0x01, 0x00, 0x00, 0x80, 0x00, 0x00, 0x2E, 0x00, 0x0B, 0x00, 0x00, 0x00, 0x80, 0x07,
	0x00, 0xE0, 0x15, 0x00, 0x00, 0x00, 0x00, 0x00, 0x00, 0x00, 0x00, 0x00, 0x00, 0x00, 0x00, 0x00,
	0x00, 0x00, 0x14, 0x00, 0x00, 0x00, 0x00, 0x00, 0x00, 0x00, 0x00, 0x00, 0x66, 0x00, 0x00, 0x00,
	0x20, 0x00, 0x20, 0x03, 0x00, 0x38, 0x0E, 0x00, 0x3D, 0x3F, 0x22, 0x02, 0x20, 0x02, 0x80, 0x88,
	0x08, 0x00, 0x02, 0x00, 0x28, 0x00, 0x00, 0x00, 0x00, 0x00, 0x00, 0x00, 0x00, 0x00, 0x00, 0x00,
	0x38, 0x00, 0x00, 0x00, 0x00, 0x00, 0x00, 0x00, 0x00, 0x00, 0x0A, 0x33, 0x16, 0x20, 0x01, 0x00,
	0x00, 0x00, 0x60, 0x00, 0x10, 0x00, 0x00, 0x00, 0x26, 0x00, 0x00, 0x00, 0x00, 0x00, 0x02, 0x00,
	0x3C, 0x00, 0x00, 0x00, 0x29, 0x40, 0x10, 0x1C, 0x14, 0x00, 0x00, 0x12, 0x7C, 0x80, 0x01, 0x00,
	0x28, 0x00, 0x00, 0x00, 0x00, 0x00, 0x00, 0x00, 0x00, 0x00, 0x00, 0x00, 0x38, 0x00, 0x00, 0x00,
	0x00, 0x00, 0x00, 0x00, 0x00, 0x00, 0x86, 0x33, 0x16, 0x00, 0x00, 0x00, 0x00, 0x00, 0x90, 0x00,
	0x00, 0x18, 0x00, 0x00, 0x26, 0x00, 0x00, 0x00, 0x02, 0x00, 0x02, 0x00, 0x14, 0x00, 0x00, 0x00,
	0x29, 0x18, 0x08, 0x18, 0x10, 0x00, 0x01, 0x00, 0x14, 0x80, 0x00, 0x00, 0x16, 0x20, 0x01, 0x00,
	0x00, 0x00, 0x90, 0x00, 0x10, 0x3C, 0x00, 0x00, 0x26, 0x00, 0x00, 0x00, 0x00, 0x00, 0x02, 0x00,
	0x28, 0x01, 0x00, 0x00, 0x29, 0x2C, 0x08, 0x18, 0x10, 0x00, 0x01, 0x12, 0x68, 0x80, 0x00, 0x00,
	0x2E, 0x00, 0x0B, 0x00, 0x00, 0x00, 0x80, 0x07, 0x00, 0x30, 0x16, 0x00, 0x00, 0x00, 0x00, 0x00,
	0x00, 0x00, 0x00, 0x00, 0x00, 0x00, 0x00, 0x00, 0x00, 0x00, 0x14, 0x00, 0x00, 0x00, 0x00, 0x00,
	0x00, 0x00, 0x00, 0x00, 0x00, 0x00, 0x00, 0x00, 0x00, 0x00, 0x00, 0x00, 0x00, 0x00, 0x00, 0x00,
	0x00, 0x00, 0x14, 0x00, 0x00, 0x00, 0x00, 0x00, 0x00, 0x00, 0x00, 0x00, 0x0E, 0x00, 0x18, 0x00,
	0x00, 0x00, 0x80, 0x07, 0x00, 0x00, 0x0F, 0x00, 0x28, 0x00, 0x00, 0x00, 0x00, 0x00, 0x00, 0x00,
	0x00, 0x00, 0x00, 0x00, 0x38, 0x00, 0x00, 0x00, 0x00, 0x00, 0x00, 0x00, 0x00, 0x00, 0x84, 0x2B,
	0x16, 0x00, 0x00, 0x00, 0x00, 0x00, 0x20, 0x00, 0x00, 0x60, 0x00, 0x00, 0x26, 0x00, 0x00, 0x00,
	0x02, 0x00, 0x02, 0x00, 0x00, 0x01, 0x00, 0x00, 0x29, 0x84, 0x20, 0x24, 0x1C, 0x00, 0x00, 0x00,
	0x00, 0x80, 0x00, 0x00, 0x76, 0x80, 0x00, 0x00, 0x00, 0x00, 0xC0, 0x03, 0x01, 0x00, 0x00, 0x00,
	0x00, 0x00, 0x00, 0x00, 0x00, 0x00, 0x00, 0x00, 0x00, 0x00, 0x00, 0x00, 0x00, 0x00, 0x14, 0x00,
	0x00, 0x00, 0x00, 0x00, 0x00, 0x00, 0x00, 0x00, 0x0E, 0x00, 0x18, 0x00, 0x00, 0x00, 0x80, 0x07,
	0x00, 0xF0, 0x0F, 0x00, 0x28, 0x00, 0x00, 0x00, 0x00, 0x00, 0x00, 0x00, 0x00, 0x00, 0x00, 0x00,
	0x38, 0x00, 0x00, 0x00, 0x00, 0x00, 0x00, 0x00, 0x00, 0x00, 0x84, 0x2B, 0x16, 0x20, 0x01, 0x00,
	0x00, 0x00, 0x20, 0x00, 0x10, 0x60, 0x00, 0x00, 0x26, 0x00, 0x00, 0x00, 0x02, 0x00, 0x02, 0x00,
	0x3C, 0x01, 0x00, 0x00, 0x29, 0x84, 0x20, 0x24, 0x1C, 0x00, 0x00, 0x12, 0x7C, 0x80, 0x00, 0x00,
	0x76, 0x80, 0x00, 0x00, 0x00, 0x00, 0xC0, 0x03, 0x01, 0xF0, 0x00, 0x00, 0x00, 0x00, 0x00, 0x00,
	0x00, 0x00, 0x00, 0x00, 0x00, 0x00, 0x00, 0x00, 0x00, 0x00, 0x14, 0x00, 0x00, 0x00, 0x00, 0x00,
	0x00, 0x00, 0x00, 0x00, 0x0E, 0x00, 0x18, 0x00, 0x00, 0x00, 0x80, 0x07, 0x00, 0xE0, 0x10, 0x00,
	0x28, 0x00, 0x00, 0x00, 0x00, 0x00, 0x00, 0x00, 0x00, 0x00, 0x00, 0x00, 0x38, 0x00, 0x00, 0x00,
	0x00, 0x00, 0x00, 0x00, 0x00, 0x00, 0x84, 0x2B, 0x16, 0x00, 0x00, 0x00, 0x00, 0x00, 0x20, 0x00,
	0x00, 0x60, 0x00, 0x00, 0x26, 0x00, 0x00, 0x00, 0x02, 0x00, 0x02, 0x00, 0x14, 0x01, 0x00, 0x00,
	0x29, 0x84, 0x20, 0x24, 0x1C, 0x00, 0x00, 0x00, 0x14, 0x80, 0x00, 0x00, 0x76, 0x80, 0x00, 0x00,
	0x00, 0x00, 0xC0, 0x03, 0x01, 0xE0, 0x01, 0x00, 0x00, 0x00, 0x00, 0x00, 0x00, 0x00, 0x00, 0x00,
	0x00, 0x00, 0x00, 0x00, 0x00, 0x00, 0x14, 0x00, 0x00, 0x00, 0x00, 0x00, 0x00, 0x00, 0x00, 0x00,
	0x0E, 0x00, 0x18, 0x00, 0x00, 0x00, 0x80, 0x07, 0x00, 0xD0, 0x11, 0x00, 0x28, 0x00, 0x00, 0x00,
	0x00, 0x00, 0x00, 0x00, 0x00, 0x00, 0x00, 0x00, 0x38, 0x00, 0x00, 0x00, 0x00, 0x00, 0x00, 0x00,
	0x00, 0x00, 0x84, 0x2B, 0x16, 0x20, 0x01, 0x00, 0x00, 0x00, 0x20, 0x00, 0x10, 0x60, 0x00, 0x00,
	0x26, 0x00, 0x00, 0x00, 0x02, 0x00, 0x02, 0x00, 0x28, 0x01, 0x00, 0x00, 0x29, 0x84, 0x20, 0x24,
	0x1C, 0x00, 0x00, 0x12, 0x68, 0x80, 0x00, 0x00, 0x76, 0x80, 0x00, 0x00, 0x00, 0x00, 0xC0, 0x03,
	0x01, 0xD0, 0x02, 0x00, 0x00, 0x00, 0x00, 0x00, 0x00, 0x00, 0x00, 0x00, 0x00, 0x00, 0x00, 0x00,
	0x00, 0x00, 0x14, 0x00, 0x00, 0x00, 0x00, 0x00, 0x00, 0x00, 0x00, 0x00, 0x0E, 0x00, 0x18, 0x00,
	0x00, 0x00, 0x80, 0x07, 0x00, 0xC0, 0x12, 0x00, 0x28, 0x00, 0x00, 0x00, 0x00, 0x00, 0x00, 0x00,
	0x00, 0x00, 0x00, 0x00, 0x38, 0x00, 0x00, 0x00, 0x00, 0x00, 0x00, 0x00, 0x00, 0x00, 0x84, 0x2B,
	0x16, 0x00, 0x00, 0x00, 0x00, 0x00, 0x20, 0x00, 0x00, 0x60, 0x00, 0x00, 0x26, 0x00, 0x00, 0x00,
	0x02, 0x00, 0x02, 0x00, 0x00, 0x01, 0x00, 0x00, 0x29, 0x84, 0x20, 0x24, 0x1C, 0x00, 0x00, 0x00,
	0x00, 0x80, 0x00, 0x00, 0x76, 0x80, 0x00, 0x00, 0x00, 0x00, 0xC0, 0x03, 0x01, 0xC0, 0x03, 0x00,
	0x00, 0x00, 0x00, 0x00, 0x00, 0x00, 0x00, 0x00, 0x00, 0x00, 0x00, 0x00, 0x00, 0x00, 0x14, 0x00,
	0x00, 0x00, 0x00, 0x00, 0x00, 0x00, 0x00, 0x00, 0x0E, 0x00, 0x18, 0x00, 0x00, 0x00, 0x80, 0x07,
	0x00, 0xB0, 0x13, 0x00, 0x28, 0x00, 0x00, 0x00, 0x00, 0x00, 0x00, 0x00, 0x00, 0x00, 0x00, 0x00,
	0x38, 0x00, 0x00, 0x00, 0x00, 0x00, 0x00, 0x00, 0x00, 0x00, 0x84, 0x2B, 0x16, 0x20, 0x01, 0x00,
	0x00, 0x00, 0x20, 0x00, 0x10, 0x60, 0x00, 0x00, 0x26, 0x00, 0x00, 0x00, 0x02, 0x00, 0x02, 0x00,
	0x3C, 0x01, 0x00, 0x00, 0x29, 0x84, 0x20, 0x24, 0x1C, 0x00, 0x00, 0x12, 0x7C, 0x80, 0x00, 0x00,
	0x76, 0x80, 0x00, 0x00, 0x00, 0x00, 0xC0, 0x03, 0x01, 0xB0, 0x04, 0x00, 0x00, 0x00, 0x00, 0x00,
	0x00, 0x00, 0x00, 0x00, 0x00, 0x00, 0x00, 0x00, 0x00, 0x00, 0x14, 0x00, 0x00, 0x00, 0x00, 0x00,
	0x00, 0x00, 0x00, 0x00, 0x0E, 0x00, 0x18, 0x00, 0x00, 0x00, 0x80, 0x07, 0x00, 0xA0, 0x14, 0x00,
	0x28, 0x00, 0x00, 0x00, 0x00, 0x00, 0x00, 0x00, 0x00, 0x00, 0x00, 0x00, 0x38, 0x00, 0x00, 0x00,
	0x00, 0x00, 0x00, 0x00, 0x00, 0x00, 0x84, 0x2B, 0x16, 0x00, 0x00, 0x00, 0x00, 0x00, 0x20, 0x00,
	0x00, 0x60, 0x00, 0x00, 0x26, 0x00, 0x00, 0x00, 0x02, 0x00, 0x02, 0x00, 0x14, 0x01, 0x00, 0x00,
	0x29, 0x84, 0x20, 0x24, 0x1C, 0x00, 0x00, 0x00, 0x14, 0x80, 0x00, 0x00, 0x76, 0x80, 0x00, 0x00,
	0x00, 0x00, 0xC0, 0x03, 0x01, 0xA0, 0x05, 0x00, 0x00, 0x00, 0x00, 0x00, 0x00, 0x00, 0x00, 0x00,
	0x00, 0x00, 0x00, 0x00, 0x00, 0x00, 0x14, 0x00, 0x00, 0x00, 0x00, 0x00, 0x00, 0x00, 0x00, 0x00,
	0x0E, 0x00, 0x18, 0x00, 0x00, 0x00, 0x80, 0x07, 0x00, 0x90, 0x15, 0x00, 0x28, 0x00, 0x00, 0x00,
	0x00, 0x00, 0x00, 0x00, 0x00, 0x00, 0x00, 0x00, 0x38, 0x00, 0x00, 0x00, 0x00, 0x00, 0x00, 0x00,
	0x00, 0x00, 0x84, 0x2B, 0x16, 0x20, 0x01, 0x00, 0x00, 0x00, 0x20, 0x00, 0x10, 0x60, 0x00, 0x00,
	0x26, 0x00, 0x00, 0x00, 0x02, 0x00, 0x02, 0x00, 0x28, 0x01, 0x00, 0x00, 0x29, 0x84, 0x20, 0x24,
	0x1C, 0x00, 0x00, 0x12, 0x68, 0x80, 0x00, 0x00, 0x76, 0x80, 0x00, 0x00, 0x00, 0x00, 0xC0, 0x03,
	0x01, 0x90, 0x06, 0x00, 0x00, 0x00, 0x00, 0x00, 0x00, 0x00, 0x00, 0x00, 0x00, 0x00, 0x00, 0x00,
	0x00, 0x00, 0x14, 0x00, 0x00, 0x00, 0x00, 0x00, 0x00, 0x00, 0x00, 0x00, 0x00, 0x00, 0x00, 0x00,
	0x00, 0x00, 0x00, 0x00, 0x00, 0x00, 0x00, 0x00, 0x00, 0x00, 0x14, 0x00, 0x00, 0x00, 0x00, 0x00,
	0x00, 0x00, 0x00, 0x00, 0x66, 0x60, 0x01, 0x00, 0x00, 0x00, 0x50, 0xC5, 0x00, 0x00, 0x00, 0x00,
	0x28, 0x00, 0x00, 0x00, 0x00, 0x00, 0x00, 0x00, 0x00, 0x00, 0x00, 0x00, 0x38, 0x00, 0x00, 0x00,
	0x00, 0x00, 0x00, 0x00, 0x00, 0x00, 0x84, 0x2B, 0x16, 0x00, 0x00, 0x00, 0x00, 0x00, 0x10, 0x00,
	0x00, 0x68, 0x00, 0x00, 0x26, 0x00, 0x00, 0x00, 0x00, 0x00, 0x02, 0x00, 0x00, 0x02, 0x00, 0x00,
	0x29, 0x00, 0x28, 0x28, 0x1C, 0xAC, 0x01, 0x00, 0x00, 0x80, 0x00, 0x00, 0x28, 0x00, 0x00, 0x00,
	0x00, 0x00, 0x00, 0x00, 0x00, 0x00, 0x00, 0x00, 0x38, 0x00, 0x00, 0x00, 0x00, 0x00, 0x00, 0x00,
	0x00, 0x00, 0x86, 0x33, 0x16, 0x20, 0x01, 0x00, 0x00, 0x00, 0x90, 0x00, 0x10, 0x6C, 0x00, 0x00,
	0x26, 0x00, 0x00, 0x00, 0x02, 0x00, 0x02, 0x00, 0x3C, 0x02, 0x00, 0x00, 0x29, 0x70, 0x2C, 0x30,
	0x20, 0x00, 0x00, 0x12, 0x7C, 0x80, 0x00, 0x00, 0x76, 0x00, 0x02, 0x00, 0x00, 0x00, 0x00, 0xC5,
	0x00, 0x80, 0x07, 0x00, 0x00, 0x00, 0x00, 0x00, 0x00, 0x00, 0x00, 0x00, 0x00, 0x00, 0x00, 0x00,
	0x00, 0x00, 0x14, 0x00, 0x00, 0x00, 0x00, 0x00, 0x00, 0x00, 0x00, 0x00, 0x66, 0xC0, 0x00, 0x00,
	0x00, 0x00, 0xA0, 0xC5, 0x00, 0x2C, 0x01, 0x00, 0x28, 0x00, 0x00, 0x00, 0x00, 0x00, 0x00, 0x00,
	0x00, 0x00, 0x00, 0x00, 0x38, 0x00, 0x00, 0x00, 0x00, 0x00, 0x00, 0x00, 0x00, 0x00, 0x84, 0x2B,
	0x16, 0x00, 0x00, 0x00, 0x00, 0x00, 0x10, 0x00, 0x00, 0x68, 0x00, 0x00, 0x26, 0x00, 0x00, 0x00,
	0x00, 0x00, 0x02, 0x00, 0x14, 0x02, 0x00, 0x00, 0x29, 0x00, 0x34, 0x34, 0x1C, 0x98, 0x01, 0x00,
	0x14, 0x80, 0x00, 0x00, 0x28, 0x00, 0x00, 0x00, 0x00, 0x00, 0x00, 0x00, 0x00, 0x00, 0x00, 0x00,
	0x38, 0x00, 0x00, 0x00, 0x00, 0x00, 0x00, 0x00, 0x00, 0x00, 0x86, 0x33, 0x16, 0x20, 0x01, 0x00,
	0x00, 0x00, 0x90, 0x00, 0x10, 0x6C, 0x00, 0x00, 0x26, 0x00, 0x00, 0x00, 0x02, 0x00, 0x02, 0x00,
	0x28, 0x02, 0x00, 0x00, 0x29, 0x70, 0x2C, 0x38, 0x24, 0x00, 0x00, 0x12, 0x68, 0x80, 0x00, 0x00,
	0x76, 0x00, 0x02, 0x00, 0x00, 0x00, 0x00, 0xC5, 0x00, 0xC0, 0x08, 0x00, 0x00, 0x00, 0x00, 0x00,
	0x00, 0x00, 0x00, 0x00, 0x00, 0x00, 0x00, 0x00, 0x00, 0x00, 0x14, 0x00, 0x00, 0x00, 0x00, 0x00,
	0x00, 0x00, 0x00, 0x00, 0x66, 0xC0, 0x00, 0x00, 0x00, 0x00, 0xA0, 0xC5, 0x00, 0x6C, 0x02, 0x00,
	0x28, 0x00, 0x00, 0x00, 0x00, 0x00, 0x00, 0x00, 0x00, 0x00, 0x00, 0x00, 0x38, 0x00, 0x00, 0x00,
	0x00, 0x00, 0x00, 0x00, 0x00, 0x00, 0x84, 0x2B, 0x16, 0x00, 0x00, 0x00, 0x00, 0x00, 0x10, 0x00,
	0x00, 0x68, 0x00, 0x00, 0x26, 0x00, 0x00, 0x00, 0x00, 0x00, 0x02, 0x00, 0x00, 0x02, 0x00, 0x00,
	0x29, 0x00, 0x34, 0x34, 0x1C, 0x98, 0x01, 0x00, 0x00, 0x80, 0x00, 0x00, 0x28, 0x00, 0x00, 0x00,
	0x00, 0x00, 0x00, 0x00, 0x00, 0x00, 0x00, 0x00, 0x38, 0x00, 0x00, 0x00, 0x00, 0x00, 0x00, 0x00,
	0x00, 0x00, 0x86, 0x33, 0x16, 0x20, 0x01, 0x00, 0x00, 0x00, 0x90, 0x00, 0x10, 0x6C, 0x00, 0x00,
	0x26, 0x00, 0x00, 0x00, 0x02, 0x00, 0x02, 0x00, 0x3C, 0x02, 0x00, 0x00, 0x29, 0x70, 0x2C, 0x38,
	0x24, 0x00, 0x00, 0x12, 0x7C, 0x80, 0x00, 0x00, 0x76, 0x00, 0x02, 0x00, 0x00, 0x00, 0x00, 0xC5,
	0x00, 0x00, 0x0A, 0x00, 0x00, 0x00, 0x00, 0x00, 0x00, 0x00, 0x00, 0x00, 0x00, 0x00, 0x00, 0x00,
	0x00, 0x00, 0x14, 0x00, 0x00, 0x00, 0x00, 0x00, 0x00, 0x00, 0x00, 0x00, 0x66, 0xC0, 0x00, 0x00,
	0x00, 0x00, 0xA0, 0xC5, 0x00, 0xAC, 0x03, 0x00, 0x28, 0x00, 0x00, 0x00, 0x00, 0x00, 0x00, 0x00,
	0x00, 0x00, 0x00, 0x00, 0x38, 0x00, 0x00, 0x00, 0x00, 0x00, 0x00, 0x00, 0x00, 0x00, 0x84, 0x2B,
	0x16, 0x00, 0x00, 0x00, 0x00, 0x00, 0x10, 0x00, 0x00, 0x68, 0x00, 0x00, 0x26, 0x00, 0x00, 0x00,
	0x00, 0x00, 0x02, 0x00, 0x14, 0x02, 0x00, 0x00, 0x29, 0x00, 0x34, 0x34, 0x1C, 0x98, 0x01, 0x00,
	0x14, 0x80, 0x00, 0x00, 0x28, 0x00, 0x00, 0x00, 0x00, 0x00, 0x00, 0x00, 0x00, 0x00, 0x00, 0x00,
	0x38, 0x00, 0x00, 0x00, 0x00, 0x00, 0x00, 0x00, 0x00, 0x00, 0x86, 0x33, 0x16, 0x20, 0x01, 0x00,
	0x00, 0x00, 0x90, 0x00, 0x10, 0x6C, 0x00, 0x00, 0x26, 0x00, 0x00, 0x00, 0x02, 0x00, 0x02, 0x00,
	0x28, 0x02, 0x00, 0x00, 0x29, 0x70, 0x2C, 0x38, 0x24, 0x00, 0x00, 0x12, 0x68, 0x80, 0x00, 0x00,
	0x76, 0x00, 0x02, 0x00, 0x00, 0x00, 0x00, 0xC5, 0x00, 0x40, 0x0B, 0x00, 0x00, 0x00, 0x00, 0x00,
	0x00, 0x00, 0x00, 0x00, 0x00, 0x00, 0x00, 0x00, 0x00, 0x00, 0x14, 0x00, 0x00, 0x00, 0x00, 0x00,
	0x00, 0x00, 0x00, 0x00, 0x66, 0xC0, 0x00, 0x00, 0x00, 0x00, 0xA0, 0xC5, 0x00, 0xEC, 0x04, 0x00,
	0x28, 0x00, 0x00, 0x00, 0x00, 0x00, 0x00, 0x00, 0x00, 0x00, 0x00, 0x00, 0x38, 0x00, 0x00, 0x00,
	0x00, 0x00, 0x00, 0x00, 0x00, 0x00, 0x84, 0x2B, 0x16, 0x00, 0x00, 0x00, 0x00, 0x00, 0x10, 0x00,
	0x00, 0x68, 0x00, 0x00, 0x26, 0x00, 0x00, 0x00, 0x00, 0x00, 0x02, 0x00, 0x00, 0x02, 0x00, 0x00,
	0x29, 0x00, 0x34, 0x34, 0x1C, 0x98, 0x01, 0x00, 0x00, 0x80, 0x00, 0x00, 0x28, 0x00, 0x00, 0x00,
	0x00, 0x00, 0x00, 0x00, 0x00, 0x00, 0x00, 0x00, 0x38, 0x00, 0x00, 0x00, 0x00, 0x00, 0x00, 0x00,
	0x00, 0x00, 0x86, 0x33, 0x16, 0x20, 0x01, 0x00, 0x00, 0x00, 0x90, 0x00, 0x10, 0x6C, 0x00, 0x00,
	0x26, 0x00, 0x00, 0x00, 0x02, 0x00, 0x02, 0x00, 0x3C, 0x02, 0x00, 0x00, 0x29, 0x70, 0x2C, 0x38,
	0x24, 0x00, 0x00, 0x12, 0x7C, 0x80, 0x00, 0x00, 0x76, 0x00, 0x02, 0x00, 0x00, 0x00, 0x00, 0xC5,
	0x00, 0x80, 0x0C, 0x00, 0x00, 0x00, 0x00, 0x00, 0x00, 0x00, 0x00, 0x00, 0x00, 0x00, 0x00, 0x00,
	0x00, 0x00, 0x14, 0x00, 0x00, 0x00, 0x00, 0x00, 0x00, 0x00, 0x00, 0x00, 0x66, 0x60, 0x01, 0x00,
	0x00, 0x00, 0x50, 0xC5, 0x00, 0x2C, 0x06, 0x00, 0x28, 0x00, 0x00, 0x00, 0x00, 0x00, 0x00, 0x00,
	0x00, 0x00, 0x00, 0x00, 0x38, 0x00, 0x00, 0x00, 0x00, 0x00, 0x00, 0x00, 0x00, 0x00, 0x84, 0x2B,
	0x16, 0x00, 0x00, 0x00, 0x00, 0x00, 0x10, 0x00, 0x00, 0x68, 0x00, 0x00, 0x26, 0x00, 0x00, 0x00,
	0x00, 0x00, 0x02, 0x00, 0x14, 0x02, 0x00, 0x00, 0x29, 0x00, 0x28, 0x28, 0x1C, 0xAC, 0x01, 0x00,
	0x14, 0x80, 0x00, 0x00, 0x28, 0x00, 0x00, 0x00, 0x00, 0x00, 0x00, 0x00, 0x00, 0x00, 0x00, 0x00,
	0x38, 0x00, 0x00, 0x00, 0x00, 0x00, 0x00, 0x00, 0x00, 0x00, 0x86, 0x33, 0x16, 0x20, 0x01, 0x00,
	0x00, 0x00, 0x90, 0x00, 0x10, 0x6C, 0x00, 0x00, 0x26, 0x00, 0x00, 0x00, 0x02, 0x00, 0x02, 0x00,
	0x28, 0x02, 0x00, 0x00, 0x29, 0x70, 0x2C, 0x30, 0x28, 0x00, 0x00, 0x12, 0x68, 0x80, 0x00, 0x00,
	0x76, 0x00, 0x02, 0x00, 0x00, 0x00, 0x00, 0xC5, 0x00, 0xC0, 0x0D, 0x00, 0x00, 0x00, 0x00, 0x00,
	0x00, 0x00, 0x00, 0x00, 0x00, 0x00, 0x00, 0x00, 0x00, 0x00, 0x14, 0x00, 0x00, 0x00, 0x00, 0x00,
	0x00, 0x00, 0x00, 0x00, 0x00, 0x00, 0x00, 0x00, 0x00, 0x00, 0x00, 0x00, 0x00, 0x00, 0x00, 0x00,
	0x00, 0x00, 0x14, 0x00, 0x00, 0x00, 0x00, 0x00, 0x00, 0x00, 0x00, 0x00, 0x66, 0x00, 0x02, 0x00,
	0x00, 0x00, 0x00, 0xC5, 0x00, 0x00, 0x00, 0x00, 0x66, 0x00, 0x00, 0x00, 0x00, 0x00, 0x00, 0x05,
	0x00, 0x80, 0x07, 0x00, 0x40, 0x4F, 0x3C, 0x00, 0xEB, 0x01, 0x00, 0x00, 0x00, 0x00, 0x00, 0x00,
	0x0B, 0x00, 0x2C, 0x00, 0x0C, 0x00, 0x08, 0x00, 0x00, 0x00, 0xDE, 0x1B, 0x40, 0x0E, 0x4B, 0x00,
	0x00, 0x00, 0x00, 0x00, 0x00, 0x00, 0x00, 0x00, 0xDC, 0x00, 0x2E, 0xC0, 0x00, 0x00, 0x00, 0x00,
	0x00, 0x00, 0x80, 0x0B, 0x76, 0x00, 0x02, 0x00, 0x00, 0x00, 0x00, 0xC5, 0x00, 0x00, 0x1E, 0x00,
	0x00, 0x00, 0x00, 0x00, 0x00, 0x00, 0x00, 0x00, 0x00, 0x00, 0x00, 0x00, 0x00, 0x00, 0x14, 0x00,
	0x00, 0x00, 0x00, 0x00, 0x00, 0x00, 0x00, 0x00, 0x66, 0x00, 0x02, 0x00, 0x00, 0x00, 0x00, 0xC5,
	0x00, 0x40, 0x01, 0x00, 0x66, 0x00, 0x00, 0x00, 0x00, 0x00, 0x00, 0x05, 0x00, 0xC0, 0x08, 0x00,
	0x40, 0x4F, 0x3C, 0x00, 0xEB, 0x01, 0x00, 0x00, 0x00, 0x00, 0x00, 0x00, 0x0B, 0x00, 0x2C, 0x00,
	0x0C, 0x00, 0x08, 0x00, 0x00, 0x00, 0xDE, 0x1B, 0x40, 0x0E, 0x4B, 0x00, 0x00, 0x00, 0x00, 0x00,
	0x00, 0x00, 0x00, 0x00, 0xDC, 0x00, 0x2E, 0xC0, 0x00, 0x00, 0x00, 0x00, 0x00, 0x00, 0x80, 0x0B,
	0x76, 0x00, 0x02, 0x00, 0x00, 0x00, 0x00, 0xC5, 0x00, 0x40, 0x1F, 0x00, 0x00, 0x00, 0x00, 0x00,
	0x00, 0x00, 0x00, 0x00, 0x00, 0x00, 0x00, 0x00, 0x00, 0x00, 0x14, 0x00, 0x00, 0x00, 0x00, 0x00,
	0x00, 0x00, 0x00, 0x00, 0x66, 0x00, 0x02, 0x00, 0x00, 0x00, 0x00, 0xC5, 0x00, 0x80, 0x02, 0x00,
	0x66, 0x00, 0x00, 0x00, 0x00, 0x00, 0x00, 0x05, 0x00, 0x00, 0x0A, 0x00, 0x40, 0x4F, 0x3C, 0x00,
	0xEB, 0x01, 0x00, 0x00, 0x00, 0x00, 0x00, 0x00, 0x0B, 0x00, 0x2C, 0x00, 0x0C, 0x00, 0x08, 0x00,
	0x00, 0x00, 0xDE, 0x1B, 0x40, 0x0E, 0x4B, 0x00, 0x00, 0x00, 0x00, 0x00, 0x00, 0x00, 0x00, 0x00,
	0xDC, 0x00, 0x2E, 0xC0, 0x00, 0x00, 0x00, 0x00, 0x00, 0x00, 0x80, 0x0B, 0x76, 0x00, 0x02, 0x00,
	0x00, 0x00, 0x00, 0xC5, 0x00, 0x80, 0x20, 0x00, 0x00, 0x00, 0x00, 0x00, 0x00, 0x00, 0x00, 0x00,
	0x00, 0x00, 0x00, 0x00, 0x00, 0x00, 0x14, 0x00, 0x00, 0x00, 0x00, 0x00, 0x00, 0x00, 0x00, 0x00,
	0x66, 0x00, 0x02, 0x00, 0x00, 0x00, 0x00, 0xC5, 0x00, 0xC0, 0x03, 0x00, 0x66, 0x00, 0x00, 0x00,
	0x00, 0x00, 0x00, 0x05, 0x00, 0x40, 0x0B, 0x00, 0x40, 0x4F, 0x3C, 0x00, 0xEB, 0x01, 0x00, 0x00,
	0x00, 0x00, 0x00, 0x00, 0x0B, 0x00, 0x2C, 0x00, 0x0C, 0x00, 0x08, 0x00, 0x00, 0x00, 0xDE, 0x1B,
	0x40, 0x0E, 0x4B, 0x00, 0x00, 0x00, 0x00, 0x00, 0x00, 0x00, 0x00, 0x00, 0xDC, 0x00, 0x2E, 0xC0,
	0x00, 0x00, 0x00, 0x00, 0x00, 0x00, 0x80, 0x0B, 0x76, 0x00, 0x02, 0x00, 0x00, 0x00, 0x00, 0xC5,
	0x00, 0xC0, 0x21, 0x00, 0x00, 0x00, 0x00, 0x00, 0x00, 0x00, 0x00, 0x00, 0x00, 0x00, 0x00, 0x00,
	0x00, 0x00, 0x14, 0x00, 0x00, 0x00, 0x00, 0x00, 0x00, 0x00, 0x00, 0x00, 0x66, 0x00, 0x02, 0x00,
	0x00, 0x00, 0x00, 0xC5, 0x00, 0x00, 0x05, 0x00, 0x66, 0x00, 0x00, 0x00, 0x00, 0x00, 0x00, 0x05,
	0x00, 0x80, 0x0C, 0x00, 0x40, 0x4F, 0x3C, 0x00, 0xEB, 0x01, 0x00, 0x00, 0x00, 0x00, 0x00, 0x00,
	0x0B, 0x00, 0x2C, 0x00, 0x0C, 0x00, 0x08, 0x00, 0x00, 0x00, 0xDE, 0x1B, 0x40, 0x0E, 0x4B, 0x00,
	0x00, 0x00, 0x00, 0x00, 0x00, 0x00, 0x00, 0x00, 0xDC, 0x00, 0x2E, 0xC0, 0x00, 0x00, 0x00, 0x00,
	0x00, 0x00, 0x80, 0x0B, 0x76, 0x00, 0x02, 0x00, 0x00, 0x00, 0x00, 0xC5, 0x00, 0x00, 0x23, 0x00,
	0x00, 0x00, 0x00, 0x00, 0x00, 0x00, 0x00, 0x00, 0x00, 0x00, 0x00, 0x00, 0x00, 0x00, 0x14, 0x00,
	0x00, 0x00, 0x00, 0x00, 0x00, 0x00, 0x00, 0x00, 0x66, 0x00, 0x02, 0x00, 0x00, 0x00, 0x00, 0xC5,
	0x00, 0x40, 0x06, 0x00, 0x66, 0x00, 0x00, 0x00, 0x00, 0x00, 0x00, 0x05, 0x00, 0xC0, 0x0D, 0x00,
	0x40, 0x4F, 0x3C, 0x00, 0xEB, 0x01, 0x00, 0x00, 0x00, 0x00, 0x00, 0x00, 0x0B, 0x00, 0x2C, 0x00,
	0x0C, 0x00, 0x08, 0x00, 0x00, 0x00, 0xDE, 0x1B, 0x40, 0x0E, 0x4B, 0x00, 0x00, 0x00, 0x00, 0x00,
	0x00, 0x00, 0x00, 0x00, 0xDC, 0x00, 0x2E, 0xC0, 0x00, 0x00, 0x00, 0x00, 0x00, 0x00, 0x80, 0x0B,
	0x76, 0x00, 0x02, 0x00, 0x00, 0x00, 0x00, 0xC5, 0x00, 0x40, 0x24, 0x00, 0x00, 0x00, 0x00, 0x00,
	0x00, 0x00, 0x00, 0x00, 0x00, 0x00, 0x00, 0x00, 0x00, 0x00, 0x14, 0x00, 0x00, 0x00, 0x00, 0x00,
	0x00, 0x00, 0x00, 0x00, 0x00, 0x00, 0x00, 0x00, 0x00, 0x00, 0x00, 0x00, 0x00, 0x00, 0x00, 0x00,
	0x00, 0x00, 0x14, 0x00, 0x00, 0x00, 0x00, 0x00, 0x00, 0x00, 0x00, 0x00, 0x0E, 0x00, 0x18, 0x00,
	0x00, 0x00, 0x80, 0x07, 0x00, 0x00, 0x0F, 0x00, 0x28, 0x00, 0x00, 0x00, 0x00, 0x00, 0x00, 0x00,
	0x00, 0x00, 0x00, 0x00, 0x38, 0x00, 0x00, 0x00, 0x00, 0x00, 0x00, 0x00, 0x00, 0x00, 0x84, 0x2B,
	0x16, 0x00, 0x00, 0x00, 0x00, 0x00, 0x20, 0x00, 0x00, 0x90, 0x00, 0x00, 0x26, 0x00, 0x00, 0x00,
	0x00, 0x00, 0x02, 0x00, 0x00, 0x03, 0x00, 0x00, 0x29, 0x84, 0x20, 0x24, 0x1C, 0x00, 0x00, 0x00,
	0x00, 0x80, 0x00, 0x00, 0x76, 0x80, 0x00, 0x00, 0x00, 0x00, 0xC0, 0x03, 0x01, 0x00, 0x00, 0x00,
	0x00, 0x00, 0x00, 0x00, 0x00, 0x00, 0x00, 0x00, 0x00, 0x00, 0x00, 0x00, 0x00, 0x00, 0x14, 0x00,
	0x00, 0x00, 0x00, 0x00, 0x00, 0x00, 0x00, 0x00, 0x0E, 0x00, 0x18, 0x00, 0x00, 0x00, 0x80, 0x07,
	0x00, 0xF0, 0x0F, 0x00, 0x28, 0x00, 0x00, 0x00, 0x00, 0x00, 0x00, 0x00, 0x00, 0x00, 0x00, 0x00,
	0x38, 0x00, 0x00, 0x00, 0x00, 0x00, 0x00, 0x00, 0x00, 0x00, 0x84, 0x2B, 0x16, 0x20, 0x01, 0x00,
	0x00, 0x00, 0x20, 0x00, 0x10, 0x90, 0x00, 0x00, 0x26, 0x00, 0x00, 0x00, 0x00, 0x00, 0x02, 0x00,
	0x3C, 0x03, 0x00, 0x00, 0x29, 0x84, 0x20, 0x24, 0x1C, 0x00, 0x00, 0x12, 0x7C, 0x80, 0x00, 0x00,
	0x76, 0x80, 0x00, 0x00, 0x00, 0x00, 0xC0, 0x03, 0x01, 0xF0, 0x00, 0x00, 0x00, 0x00, 0x00, 0x00,
	0x00, 0x00, 0x00, 0x00, 0x00, 0x00, 0x00, 0x00, 0x00, 0x00, 0x14, 0x00, 0x00, 0x00, 0x00, 0x00,
	0x00, 0x00, 0x00, 0x00, 0x0E, 0x00, 0x18, 0x00, 0x00, 0x00, 0x80, 0x07, 0x00, 0xE0, 0x10, 0x00,
	0x28, 0x00, 0x00, 0x00, 0x00, 0x00, 0x00, 0x00, 0x00, 0x00, 0x00, 0x00, 0x38, 0x00, 0x00, 0x00,
	0x00, 0x00, 0x00, 0x00, 0x00, 0x00, 0x84, 0x2B, 0x16, 0x00, 0x00, 0x00, 0x00, 0x00, 0x20, 0x00,
	0x00, 0x90, 0x00, 0x00, 0x26, 0x00, 0x00, 0x00, 0x00, 0x00, 0x02, 0x00, 0x14, 0x03, 0x00, 0x00,
	0x29, 0x84, 0x20, 0x24, 0x1C, 0x00, 0x00, 0x00, 0x14, 0x80, 0x00, 0x00, 0x76, 0x80, 0x00, 0x00,
	0x00, 0x00, 0xC0, 0x03, 0x01, 0xE0, 0x01, 0x00, 0x00, 0x00, 0x00, 0x00, 0x00, 0x00, 0x00, 0x00,
	0x00, 0x00, 0x00, 0x00, 0x00, 0x00, 0x14, 0x00, 0x00, 0x00, 0x00, 0x00, 0x00, 0x00, 0x00, 0x00,
	0x0E, 0x00, 0x18, 0x00, 0x00, 0x00, 0x80, 0x07, 0x00, 0xD0, 0x11, 0x00, 0x28, 0x00, 0x00, 0x00,
	0x00, 0x00, 0x00, 0x00, 0x00, 0x00, 0x00, 0x00, 0x38, 0x00, 0x00, 0x00, 0x00, 0x00, 0x00, 0x00,
	0x00, 0x00, 0x84, 0x2B, 0x16, 0x20, 0x01, 0x00, 0x00, 0x00, 0x20, 0x00, 0x10, 0x90, 0x00, 0x00,
	0x26, 0x00, 0x00, 0x00, 0x00, 0x00, 0x02, 0x00, 0x28, 0x03, 0x00, 0x00, 0x29, 0x84, 0x20, 0x24,
	0x1C, 0x00, 0x00, 0x12, 0x68, 0x80, 0x00, 0x00, 0x76, 0x80, 0x00, 0x00, 0x00, 0x00, 0xC0, 0x03,
	0x01, 0xD0, 0x02, 0x00, 0x00, 0x00, 0x00, 0x00, 0x00, 0x00, 0x00, 0x00, 0x00, 0x00, 0x00, 0x00,
	0x00, 0x00, 0x14, 0x00, 0x00, 0x00, 0x00, 0x00, 0x00, 0x00, 0x00, 0x00, 0x0E, 0x00, 0x18, 0x00,
	0x00, 0x00, 0x80, 0x07, 0x00, 0xC0, 0x12, 0x00, 0x28, 0x00, 0x00, 0x00, 0x00, 0x00, 0x00, 0x00,
	0x00, 0x00, 0x00, 0x00, 0x38, 0x00, 0x00, 0x00, 0x00, 0x00, 0x00, 0x00, 0x00, 0x00, 0x84, 0x2B,
	0x16, 0x00, 0x00, 0x00, 0x00, 0x00, 0x20, 0x00, 0x00, 0x90, 0x00, 0x00, 0x26, 0x00, 0x00, 0x00,
	0x00, 0x00, 0x02, 0x00, 0x00, 0x03, 0x00, 0x00, 0x29, 0x84, 0x20, 0x24, 0x1C, 0x00, 0x00, 0x00,
	0x00, 0x80, 0x00, 0x00, 0x76, 0x80, 0x00, 0x00, 0x00, 0x00, 0xC0, 0x03, 0x01, 0xC0, 0x03, 0x00,
	0x00, 0x00, 0x00, 0x00, 0x00, 0x00, 0x00, 0x00, 0x00, 0x00, 0x00, 0x00, 0x00, 0x00, 0x14, 0x00,
	0x00, 0x00, 0x00, 0x00, 0x00, 0x00, 0x00, 0x00, 0x0E, 0x00, 0x18, 0x00, 0x00, 0x00, 0x80, 0x07,
	0x00, 0xB0, 0x13, 0x00, 0x28, 0x00, 0x00, 0x00, 0x00, 0x00, 0x00, 0x00, 0x00, 0x00, 0x00, 0x00,
	0x38, 0x00, 0x00, 0x00, 0x00, 0x00, 0x00, 0x00, 0x00, 0x00, 0x84, 0x2B, 0x16, 0x20, 0x01, 0x00,
	0x00, 0x00, 0x20, 0x00, 0x10, 0x90, 0x00, 0x00, 0x26, 0x00, 0x00, 0x00, 0x00, 0x00, 0x02, 0x00,
	0x3C, 0x03, 0x00, 0x00, 0x29, 0x84, 0x20, 0x24, 0x1C, 0x00, 0x00, 0x12, 0x7C, 0x80, 0x00, 0x00,
	0x76, 0x80, 0x00, 0x00, 0x00, 0x00, 0xC0, 0x03, 0x01, 0xB0, 0x04, 0x00, 0x00, 0x00, 0x00, 0x00,
	0x00, 0x00, 0x00, 0x00, 0x00, 0x00, 0x00, 0x00, 0x00, 0x00, 0x14, 0x00, 0x00, 0x00, 0x00, 0x00,
	0x00, 0x00, 0x00, 0x00, 0x0E, 0x00, 0x18, 0x00, 0x00, 0x00, 0x80, 0x07, 0x00, 0xA0, 0x14, 0x00,
	0x28, 0x00, 0x00, 0x00, 0x00, 0x00, 0x00, 0x00, 0x00, 0x00, 0x00, 0x00, 0x38, 0x00, 0x00, 0x00,
	0x00, 0x00, 0x00, 0x00, 0x00, 0x00, 0x84, 0x2B, 0x16, 0x00, 0x00, 0x00, 0x00, 0x00, 0x20, 0x00,
	0x00, 0x90, 0x00, 0x00, 0x26, 0x00, 0x00, 0x00, 0x00, 0x00, 0x02, 0x00, 0x14, 0x03, 0x00, 0x00,
	0x29, 0x84, 0x20, 0x24, 0x1C, 0x00, 0x00, 0x00, 0x14, 0x80, 0x00, 0x00, 0x76, 0x80, 0x00, 0x00,
	0x00, 0x00, 0xC0, 0x03, 0x01, 0xA0, 0x05, 0x00, 0x00, 0x00, 0x00, 0x00, 0x00, 0x00, 0x00, 0x00,
	0x00, 0x00, 0x00, 0x00, 0x00, 0x00, 0x14, 0x00, 0x00, 0x00, 0x00, 0x00, 0x00, 0x00, 0x00, 0x00,
	0x0E, 0x00, 0x18, 0x00, 0x00, 0x00, 0x80, 0x07, 0x00, 0x90, 0x15, 0x00, 0x28, 0x00, 0x00, 0x00,
	0x00, 0x00, 0x00, 0x00, 0x00, 0x00, 0x00, 0x00, 0x38, 0x00, 0x00, 0x00, 0x00, 0x00, 0x00, 0x00,
	0x00, 0x00, 0x84, 0x2B, 0x16, 0x20, 0x01, 0x00, 0x00, 0x00, 0x20, 0x00, 0x10, 0x90, 0x00, 0x00,
	0x26, 0x00, 0x00, 0x00, 0x00, 0x00, 0x02, 0x00, 0x28, 0x03, 0x00, 0x00, 0x29, 0x84, 0x20, 0x24,
	0x1C, 0x00, 0x00, 0x12, 0x68, 0x80, 0x00, 0x00, 0x76, 0x80, 0x00, 0x00, 0x00, 0x00, 0xC0, 0x03,
	0x01, 0x90, 0x06, 0x00, 0x00, 0x00, 0x00, 0x00, 0x00, 0x00, 0x00, 0x00, 0x00, 0x00, 0x00, 0x00,
	0x00, 0x00, 0x14, 0x00, 0x00, 0x00, 0x00, 0x00, 0x00, 0x00, 0x00, 0x00, 0x00, 0x00, 0x00, 0x00,
	0x00, 0x00, 0x00, 0x00, 0x00, 0x00, 0x00, 0x00, 0x00, 0x00, 0x14, 0x00, 0x00, 0x00, 0x00, 0x00,
	0x00, 0x00, 0x00, 0x00, 0x66, 0x00, 0x00, 0x00, 0x00, 0x00, 0x80, 0x02, 0x00, 0x00, 0x1E, 0x00,
	0x0D, 0x00, 0x3E, 0x00, 0x00, 0x00, 0x00, 0x00, 0x00, 0x00, 0x06, 0x00, 0x66, 0x00, 0x00, 0x00,
	0x00, 0x00, 0x80, 0x02, 0x00, 0x00, 0x00, 0x00, 0x0D, 0x00, 0x3F, 0x00, 0x00, 0x00, 0x00, 0x00,
	0x00, 0x00, 0x08, 0x00, 0x28, 0x00, 0x00, 0x00, 0x00, 0x00, 0x00, 0x00, 0x00, 0x00, 0x00, 0x00,
	0x38, 0x00, 0x00, 0x00, 0x00, 0x00, 0x00, 0x00, 0x00, 0x00, 0x44, 0x33, 0x16, 0x00, 0x00, 0x00,
	0x00, 0x00, 0x20, 0x00, 0x00, 0x98, 0x00, 0x00, 0x26, 0x00, 0x00, 0x00, 0x02, 0x00, 0x02, 0x00,
	0x00, 0x03, 0x00, 0x00, 0x29, 0x00, 0x3C, 0x40, 0x1C, 0xC0, 0x01, 0x00, 0x00, 0x80, 0x00, 0x00,
	0x16, 0x20, 0x01, 0x00, 0x00, 0x00, 0x20, 0x00, 0x10, 0xA0, 0x00, 0x00, 0x26, 0x00, 0x00, 0x00,
	0x00, 0x00, 0x02, 0x00, 0x3C, 0x04, 0x00, 0x00, 0x29, 0x28, 0x3C, 0x40, 0x1C, 0xC0, 0x01, 0x12,
	0x7C, 0x80, 0x00, 0x00, 0x28, 0x00, 0x00, 0x00, 0x00, 0x00, 0x00, 0x00, 0x00, 0x00, 0x00, 0x00,
	0x38, 0x00, 0x00, 0x00, 0x00, 0x00, 0x00, 0x00, 0x00, 0x00, 0x48, 0x33, 0x16, 0x00, 0x00, 0x00,
	0x00, 0x00, 0x20, 0x01, 0x00, 0xA8, 0x00, 0x00, 0x26, 0x00, 0x00, 0x00, 0x02, 0x00, 0x02, 0x00,
	0x14, 0x04, 0x00, 0x00, 0x29, 0x98, 0x44, 0x48, 0x04, 0x00, 0x00, 0x00, 0x14, 0x80, 0x00, 0x00,
	0x16, 0x20, 0x01, 0x00, 0x00, 0x00, 0x20, 0x01, 0x10, 0xF0, 0x00, 0x00, 0x26, 0x00, 0x00, 0x00,
	0x00, 0x00, 0x02, 0x00, 0x28, 0x05, 0x00, 0x00, 0x29, 0xA2, 0x44, 0x48, 0x04, 0x00, 0x00, 0x12,
	0x68, 0x80, 0x00, 0x00, 0x16, 0x00, 0x00, 0x00, 0x00, 0x00, 0x20, 0x01, 0x00, 0x38, 0x01, 0x00,
	0x26, 0x00, 0x00, 0x00, 0x02, 0x00, 0x02, 0x00, 0x00, 0x05, 0x00, 0x00, 0x29, 0xAC, 0x44, 0x48,
	0x04, 0x00, 0x00, 0x00, 0x00, 0x80, 0x00, 0x00, 0x16, 0x20, 0x01, 0x00, 0x00, 0x00, 0x20, 0x01,
	0x10, 0x80, 0x01, 0x00, 0x26, 0x00, 0x00, 0x00, 0x00, 0x00, 0x02, 0x00, 0x3C, 0x06, 0x00, 0x00,
	0x29, 0xB6, 0x44, 0x48, 0x04, 0x00, 0x00, 0x12, 0x7C, 0x80, 0x00, 0x00, 0x2E, 0x00, 0x2F, 0x00,
	0x00, 0x00, 0xE0, 0x01, 0x01, 0x80, 0x07, 0x00, 0x00, 0x00, 0x00, 0x00, 0x00, 0x00, 0x00, 0x00,
	0x00, 0x00, 0x00, 0x00, 0x00, 0x00, 0x14, 0x00, 0x00, 0x00, 0x00, 0x00, 0x00, 0x00, 0x00, 0x00,
	0x66, 0x00, 0x00, 0x00, 0x00, 0x00, 0xD0, 0x02, 0x00, 0x8C, 0x1E, 0x00, 0x0D, 0xC0, 0x4C, 0x00,
	0x00, 0x00, 0x00, 0x00, 0x00, 0x00, 0x06, 0x00, 0x66, 0x00, 0x00, 0x00, 0x00, 0x00, 0xD0, 0x02,
	0x00, 0x8C, 0x00, 0x00, 0x0D, 0x60, 0x4E, 0x00, 0x00, 0x00, 0x00, 0x00, 0x00, 0x00, 0x08, 0x00,
	0x28, 0x00, 0x00, 0x00, 0x00, 0x00, 0x00, 0x00, 0x00, 0x00, 0x00, 0x00, 0x38, 0x00, 0x00, 0x00,
	0x00, 0x00, 0x00, 0x00, 0x00, 0x00, 0x44, 0x33, 0x16, 0x00, 0x00, 0x00, 0x00, 0x00, 0x20, 0x00,
	0x00, 0x98, 0x00, 0x00, 0x26, 0x00, 0x00, 0x00, 0x02, 0x00, 0x02, 0x00, 0x14, 0x03, 0x00, 0x00,
	0x29, 0x00, 0x4C, 0x50, 0x1C, 0x98, 0x01, 0x00, 0x14, 0x80, 0x00, 0x00, 0x16, 0x20, 0x01, 0x00,
	0x00, 0x00, 0x20, 0x00, 0x10, 0xA0, 0x00, 0x00, 0x26, 0x00, 0x00, 0x00, 0x00, 0x00, 0x02, 0x00,
	0x28, 0x04, 0x00, 0x00, 0x29, 0x2D, 0x4C, 0x50, 0x1C, 0x98, 0x01, 0x12, 0x68, 0x80, 0x00, 0x00,
	0x28, 0x00, 0x00, 0x00, 0x00, 0x00, 0x00, 0x00, 0x00, 0x00, 0x00, 0x00, 0x38, 0x00, 0x00, 0x00,
	0x00, 0x00, 0x00, 0x00, 0x00, 0x00, 0x48, 0x33, 0x16, 0x00, 0x00, 0x00, 0x00, 0x00, 0x20, 0x01,
	0x00, 0xA8, 0x00, 0x00, 0x26, 0x00, 0x00, 0x00, 0x02, 0x00, 0x02, 0x00, 0x00, 0x04, 0x00, 0x00,
	0x29, 0x98, 0x44, 0x54, 0x10, 0x00, 0x00, 0x00, 0x00, 0x80, 0x00, 0x00, 0x16, 0x20, 0x01, 0x00,
	0x00, 0x00, 0x20, 0x01, 0x10, 0xF0, 0x00, 0x00, 0x26, 0x00, 0x00, 0x00, 0x00, 0x00, 0x02, 0x00,
	0x3C, 0x05, 0x00, 0x00, 0x29, 0xA2, 0x44, 0x54, 0x10, 0x00, 0x00, 0x12, 0x7C, 0x80, 0x00, 0x00,
	0x16, 0x00, 0x00, 0x00, 0x00, 0x00, 0x20, 0x01, 0x00, 0x38, 0x01, 0x00, 0x26, 0x00, 0x00, 0x00,
	0x02, 0x00, 0x02, 0x00, 0x14, 0x05, 0x00, 0x00, 0x29, 0xAC, 0x44, 0x54, 0x10, 0x00, 0x00, 0x00,
	0x14, 0x80, 0x00, 0x00, 0x16, 0x20, 0x01, 0x00, 0x00, 0x00, 0x20, 0x01, 0x10, 0x80, 0x01, 0x00,
	0x26, 0x00, 0x00, 0x00, 0x00, 0x00, 0x02, 0x00, 0x28, 0x06, 0x00, 0x00, 0x29, 0xB6, 0x44, 0x54,
	0x10, 0x00, 0x00, 0x12, 0x68, 0x80, 0x00, 0x00, 0x2E, 0x00, 0x2F, 0x00, 0x00, 0x00, 0xE0, 0x01,
	0x01, 0xA8, 0x07, 0x00, 0x00, 0x00, 0x00, 0x00, 0x00, 0x00, 0x00, 0x00, 0x00, 0x00, 0x00, 0x00,
	0x00, 0x00, 0x14, 0x00, 0x00, 0x00, 0x00, 0x00, 0x00, 0x00, 0x00, 0x00, 0x66, 0x00, 0x00, 0x00,
	0x00, 0x00, 0xD0, 0x02, 0x00, 0x2C, 0x1F, 0x00, 0x0D, 0xC0, 0x4C, 0x00, 0x00, 0x00, 0x00, 0x00,
	0x00, 0x00, 0x06, 0x00, 0x66, 0x00, 0x00, 0x00, 0x00, 0x00, 0xD0, 0x02, 0x00, 0x2C, 0x01, 0x00,
	0x0D, 0x60, 0x4E, 0x00, 0x00, 0x00, 0x00, 0x00, 0x00, 0x00, 0x08, 0x00, 0x28, 0x00, 0x00, 0x00,
	0x00, 0x00, 0x00, 0x00, 0x00, 0x00, 0x00, 0x00, 0x38, 0x00, 0x00, 0x00, 0x00, 0x00, 0x00, 0x00,
	0x00, 0x00, 0x44, 0x33, 0x16, 0x00, 0x00, 0x00, 0x00, 0x00, 0x20, 0x00, 0x00, 0x98, 0x00, 0x00,
	0x26, 0x00, 0x00, 0x00, 0x02, 0x00, 0x02, 0x00, 0x00, 0x03, 0x00, 0x00, 0x29, 0x00, 0x4C, 0x50,
	0x1C, 0x98, 0x01, 0x00, 0x00, 0x80, 0x00, 0x00, 0x16, 0x20, 0x01, 0x00, 0x00, 0x00, 0x20, 0x00,
	0x10, 0xA0, 0x00, 0x00, 0x26, 0x00, 0x00, 0x00, 0x00, 0x00, 0x02, 0x00, 0x3C, 0x04, 0x00, 0x00,
	0x29, 0x2D, 0x4C, 0x50, 0x1C, 0x98, 0x01, 0x12, 0x7C, 0x80, 0x00, 0x00, 0x28, 0x00, 0x00, 0x00,
	0x00, 0x00, 0x00, 0x00, 0x00, 0x00, 0x00, 0x00, 0x38, 0x00, 0x00, 0x00, 0x00, 0x00, 0x00, 0x00,
	0x00, 0x00, 0x48, 0x33, 0x16, 0x00, 0x00, 0x00, 0x00, 0x00, 0x20, 0x01, 0x00, 0xA8, 0x00, 0x00,
	0x26, 0x00, 0x00, 0x00, 0x02, 0x00, 0x02, 0x00, 0x14, 0x04, 0x00, 0x00, 0x29, 0x98, 0x44, 0x54,
	0x10, 0x00, 0x00, 0x00, 0x14, 0x80, 0x00, 0x00, 0x16, 0x20, 0x01, 0x00, 0x00, 0x00, 0x20, 0x01,
	0x10, 0xF0, 0x00, 0x00, 0x26, 0x00, 0x00, 0x00, 0x00, 0x00, 0x02, 0x00, 0x28, 0x05, 0x00, 0x00,
	0x29, 0xA2, 0x44, 0x54, 0x10, 0x00, 0x00, 0x12, 0x68, 0x80, 0x00, 0x00, 0x16, 0x00, 0x00, 0x00,
	0x00, 0x00, 0x20, 0x01, 0x00, 0x38, 0x01, 0x00, 0x26, 0x00, 0x00, 0x00, 0x02, 0x00, 0x02, 0x00,
	0x00, 0x05, 0x00, 0x00, 0x29, 0xAC, 0x44, 0x54, 0x10, 0x00, 0x00, 0x00, 0x00, 0x80, 0x00, 0x00,
	0x16, 0x20, 0x01, 0x00, 0x00, 0x00, 0x20, 0x01, 0x10, 0x80, 0x01, 0x00, 0x26, 0x00, 0x00, 0x00,
	0x00, 0x00, 0x02, 0x00, 0x3C, 0x06, 0x00, 0x00, 0x29, 0xB6, 0x44, 0x54, 0x10, 0x00, 0x00, 0x12,
	0x7C, 0x80, 0x00, 0x00, 0x2E, 0x00, 0x2F, 0x00, 0x00, 0x00, 0xE0, 0x01, 0x01, 0xD0, 0x07, 0x00,
	0x00, 0x00, 0x00, 0x00, 0x00, 0x00, 0x00, 0x00, 0x00, 0x00, 0x00, 0x00, 0x00, 0x00, 0x14, 0x00,
	0x00, 0x00, 0x00, 0x00, 0x00, 0x00, 0x00, 0x00, 0x66, 0x00, 0x00, 0x00, 0x00, 0x00, 0xD0, 0x02,
	0x00, 0xCC, 0x1F, 0x00, 0x0D, 0xC0, 0x4C, 0x00, 0x00, 0x00, 0x00, 0x00, 0x00, 0x00, 0x06, 0x00,
	0x66, 0x00, 0x00, 0x00, 0x00, 0x00, 0xD0, 0x02, 0x00, 0xCC, 0x01, 0x00, 0x0D, 0x60, 0x4E, 0x00,
	0x00, 0x00, 0x00, 0x00, 0x00, 0x00, 0x08, 0x00, 0x28, 0x00, 0x00, 0x00, 0x00, 0x00, 0x00, 0x00,
	0x00, 0x00, 0x00, 0x00, 0x38, 0x00, 0x00, 0x00, 0x00, 0x00, 0x00, 0x00, 0x00, 0x00, 0x44, 0x33,
	0x16, 0x00, 0x00, 0x00, 0x00, 0x00, 0x20, 0x00, 0x00, 0x98, 0x00, 0x00, 0x26, 0x00, 0x00, 0x00,
	0x02, 0x00, 0x02, 0x00, 0x14, 0x03, 0x00, 0x00, 0x29, 0x00, 0x4C, 0x50, 0x1C, 0x98, 0x01, 0x00,
	0x14, 0x80, 0x00, 0x00, 0x16, 0x20, 0x01, 0x00, 0x00, 0x00, 0x20, 0x00, 0x10, 0xA0, 0x00, 0x00,
	0x26, 0x00, 0x00, 0x00, 0x00, 0x00, 0x02, 0x00, 0x28, 0x04, 0x00, 0x00, 0x29, 0x2D, 0x4C, 0x50,
	0x1C, 0x98, 0x01, 0x12, 0x68, 0x80, 0x00, 0x00, 0x28, 0x00, 0x00, 0x00, 0x00, 0x00, 0x00, 0x00,
	0x00, 0x00, 0x00, 0x00, 0x38, 0x00, 0x00, 0x00, 0x00, 0x00, 0x00, 0x00, 0x00, 0x00, 0x48, 0x33,
	0x16, 0x00, 0x00, 0x00, 0x00, 0x00, 0x20, 0x01, 0x00, 0xA8, 0x00, 0x00, 0x26, 0x00, 0x00, 0x00,
	0x02, 0x00, 0x02, 0x00, 0x00, 0x04, 0x00, 0x00, 0x29, 0x98, 0x44, 0x54, 0x10, 0x00, 0x00, 0x00,
	0x00, 0x80, 0x00, 0x00, 0x16, 0x20, 0x01, 0x00, 0x00, 0x00, 0x20, 0x01, 0x10, 0xF0, 0x00, 0x00,
	0x26, 0x00, 0x00, 0x00, 0x00, 0x00, 0x02, 0x00, 0x3C, 0x05, 0x00, 0x00, 0x29, 0xA2, 0x44, 0x54,
	0x10, 0x00, 0x00, 0x12, 0x7C, 0x80, 0x00, 0x00, 0x16, 0x00, 0x00, 0x00, 0x00, 0x00, 0x20, 0x01,
	0x00, 0x38, 0x01, 0x00, 0x26, 0x00, 0x00, 0x00, 0x02, 0x00, 0x02, 0x00, 0x14, 0x05, 0x00, 0x00,
	0x29, 0xAC, 0x44, 0x54, 0x10, 0x00, 0x00, 0x00, 0x14, 0x80, 0x00, 0x00, 0x16, 0x20, 0x01, 0x00,
	0x00, 0x00, 0x20, 0x01, 0x10, 0x80, 0x01, 0x00, 0x26, 0x00, 0x00, 0x00, 0x00, 0x00, 0x02, 0x00,
	0x28, 0x06, 0x00, 0x00, 0x29, 0xB6, 0x44, 0x54, 0x10, 0x00, 0x00, 0x12, 0x68, 0x80, 0x00, 0x00,
	0x2E, 0x00, 0x2F, 0x00, 0x00, 0x00, 0xE0, 0x01, 0x01, 0xF8, 0x07, 0x00, 0x00, 0x00, 0x00, 0x00,
	0x00, 0x00, 0x00, 0x00, 0x00, 0x00, 0x00, 0x00, 0x00, 0x00, 0x14, 0x00, 0x00, 0x00, 0x00, 0x00,
	0x00, 0x00, 0x00, 0x00, 0x66, 0x00, 0x00, 0x00, 0x00, 0x00, 0xD0, 0x02, 0x00, 0x6C, 0x20, 0x00,
	0x0D, 0xC0, 0x4C, 0x00, 0x00, 0x00, 0x00, 0x00, 0x00, 0x00, 0x06, 0x00, 0x66, 0x00, 0x00, 0x00,
	0x00, 0x00, 0xD0, 0x02, 0x00, 0x6C, 0x02, 0x00, 0x0D, 0x60, 0x4E, 0x00, 0x00, 0x00, 0x00, 0x00,
	0x00, 0x00, 0x08, 0x00, 0x28, 0x00, 0x00, 0x00, 0x00, 0x00, 0x00, 0x00, 0x00, 0x00, 0x00, 0x00,
	0x38, 0x00, 0x00, 0x00, 0x00, 0x00, 0x00, 0x00, 0x00, 0x00, 0x44, 0x33, 0x16, 0x00, 0x00, 0x00,
	0x00, 0x00, 0x20, 0x00, 0x00, 0x98, 0x00, 0x00, 0x26, 0x00, 0x00, 0x00, 0x02, 0x00, 0x02, 0x00,
	0x00, 0x03, 0x00, 0x00, 0x29, 0x00, 0x4C, 0x50, 0x1C, 0x98, 0x01, 0x00, 0x00, 0x80, 0x00, 0x00,
	0x16, 0x20, 0x01, 0x00, 0x00, 0x00, 0x20, 0x00, 0x10, 0xA0, 0x00, 0x00, 0x26, 0x00, 0x00, 0x00,
	0x00, 0x00, 0x02, 0x00, 0x3C, 0x04, 0x00, 0x00, 0x29, 0x2D, 0x4C, 0x50, 0x1C, 0x98, 0x01, 0x12,
	0x7C, 0x80, 0x00, 0x00, 0x28, 0x00, 0x00, 0x00, 0x00, 0x00, 0x00, 0x00, 0x00, 0x00, 0x00, 0x00,
	0x38, 0x00, 0x00, 0x00, 0x00, 0x00, 0x00, 0x00, 0x00, 0x00, 0x48, 0x33, 0x16, 0x00, 0x00, 0x00,
	0x00, 0x00, 0x20, 0x01, 0x00, 0xA8, 0x00, 0x00, 0x26, 0x00, 0x00, 0x00, 0x02, 0x00, 0x02, 0x00,
	0x14, 0x04, 0x00, 0x00, 0x29, 0x98, 0x44, 0x54, 0x10, 0x00, 0x00, 0x00, 0x14, 0x80, 0x00, 0x00,
	0x16, 0x20, 0x01, 0x00, 0x00, 0x00, 0x20, 0x01, 0x10, 0xF0, 0x00, 0x00, 0x26, 0x00, 0x00, 0x00,
	0x00, 0x00, 0x02, 0x00, 0x28, 0x05, 0x00, 0x00, 0x29, 0xA2, 0x44, 0x54, 0x10, 0x00, 0x00, 0x12,
	0x68, 0x80, 0x00, 0x00, 0x16, 0x00, 0x00, 0x00, 0x00, 0x00, 0x20, 0x01, 0x00, 0x38, 0x01, 0x00,
	0x26, 0x00, 0x00, 0x00, 0x02, 0x00, 0x02, 0x00, 0x00, 0x05, 0x00, 0x00, 0x29, 0xAC, 0x44, 0x54,
	0x10, 0x00, 0x00, 0x00, 0x00, 0x80, 0x00, 0x00, 0x16, 0x20, 0x01, 0x00, 0x00, 0x00, 0x20, 0x01,
	0x10, 0x80, 0x01, 0x00, 0x26, 0x00, 0x00, 0x00, 0x00, 0x00, 0x02, 0x00, 0x3C, 0x06, 0x00, 0x00,
	0x29, 0xB6, 0x44, 0x54, 0x10, 0x00, 0x00, 0x12, 0x7C, 0x80, 0x00, 0x00, 0x2E, 0x00, 0x2F, 0x00,
	0x00, 0x00, 0xE0, 0x01, 0x01, 0x20, 0x08, 0x00, 0x00, 0x00, 0x00, 0x00, 0x00, 0x00, 0x00, 0x00,
	0x00, 0x00, 0x00, 0x00, 0x00, 0x00, 0x14, 0x00, 0x00, 0x00, 0x00, 0x00, 0x00, 0x00, 0x00, 0x00,
	0x66, 0x00, 0x00, 0x00, 0x00, 0x00, 0xD0, 0x02, 0x00, 0x0C, 0x21, 0x00, 0x0D, 0xC0, 0x4C, 0x00,
	0x00, 0x00, 0x00, 0x00, 0x00, 0x00, 0x06, 0x00, 0x66, 0x00, 0x00, 0x00, 0x00, 0x00, 0xD0, 0x02,
	0x00, 0x0C, 0x03, 0x00, 0x0D, 0x60, 0x4E, 0x00, 0x00, 0x00, 0x00, 0x00, 0x00, 0x00, 0x08, 0x00,
	0x28, 0x00, 0x00, 0x00, 0x00, 0x00, 0x00, 0x00, 0x00, 0x00, 0x00, 0x00, 0x38, 0x00, 0x00, 0x00,
	0x00, 0x00, 0x00, 0x00, 0x00, 0x00, 0x44, 0x33, 0x16, 0x00, 0x00, 0x00, 0x00, 0x00, 0x20, 0x00,
	0x00, 0x98, 0x00, 0x00, 0x26, 0x00, 0x00, 0x00, 0x02, 0x00, 0x02, 0x00, 0x14, 0x03, 0x00, 0x00,
	0x29, 0x00, 0x4C, 0x50, 0x1C, 0x98, 0x01, 0x00, 0x14, 0x80, 0x00, 0x00, 0x16, 0x20, 0x01, 0x00,
	0x00, 0x00, 0x20, 0x00, 0x10, 0xA0, 0x00, 0x00, 0x26, 0x00, 0x00, 0x00, 0x00, 0x00, 0x02, 0x00,
	0x28, 0x04, 0x00, 0x00, 0x29, 0x2D, 0x4C, 0x50, 0x1C, 0x98, 0x01, 0x12, 0x68, 0x80, 0x00, 0x00,
	0x28, 0x00, 0x00, 0x00, 0x00, 0x00, 0x00, 0x00, 0x00, 0x00, 0x00, 0x00, 0x38, 0x00, 0x00, 0x00,
	0x00, 0x00, 0x00, 0x00, 0x00, 0x00, 0x48, 0x33, 0x16, 0x00, 0x00, 0x00, 0x00, 0x00, 0x20, 0x01,
	0x00, 0xA8, 0x00, 0x00, 0x26, 0x00, 0x00, 0x00, 0x02, 0x00, 0x02, 0x00, 0x00, 0x04, 0x00, 0x00,
	0x29, 0x98, 0x44, 0x54, 0x10, 0x00, 0x00, 0x00, 0x00, 0x80, 0x00, 0x00, 0x16, 0x20, 0x01, 0x00,
	0x00, 0x00, 0x20, 0x01, 0x10, 0xF0, 0x00, 0x00, 0x26, 0x00, 0x00, 0x00, 0x00, 0x00, 0x02, 0x00,
	0x3C, 0x05, 0x00, 0x00, 0x29, 0xA2, 0x44, 0x54, 0x10, 0x00, 0x00, 0x12, 0x7C, 0x80, 0x00, 0x00,
	0x16, 0x00, 0x00, 0x00, 0x00, 0x00, 0x20, 0x01, 0x00, 0x38, 0x01, 0x00, 0x26, 0x00, 0x00, 0x00,
	0x02, 0x00, 0x02, 0x00, 0x14, 0x05, 0x00, 0x00, 0x29, 0xAC, 0x44, 0x54, 0x10, 0x00, 0x00, 0x00,
	0x14, 0x80, 0x00, 0x00, 0x16, 0x20, 0x01, 0x00, 0x00, 0x00, 0x20, 0x01, 0x10, 0x80, 0x01, 0x00,
	0x26, 0x00, 0x00, 0x00, 0x00, 0x00, 0x02, 0x00, 0x28, 0x06, 0x00, 0x00, 0x29, 0xB6, 0x44, 0x54,
	0x10, 0x00, 0x00, 0x12, 0x68, 0x80, 0x00, 0x00, 0x2E, 0x00, 0x2F, 0x00, 0x00, 0x00, 0xE0, 0x01,
	0x01, 0x48, 0x08, 0x00, 0x00, 0x00, 0x00, 0x00, 0x00, 0x00, 0x00, 0x00, 0x00, 0x00, 0x00, 0x00,
	0x00, 0x00, 0x14, 0x00, 0x00, 0x00, 0x00, 0x00, 0x00, 0x00, 0x00, 0x00, 0x66, 0x00, 0x00, 0x00,
	0x00, 0x00, 0xD0, 0x02, 0x00, 0xAC, 0x21, 0x00, 0x0D, 0xC0, 0x4C, 0x00, 0x00, 0x00, 0x00, 0x00,
	0x00, 0x00, 0x06, 0x00, 0x66, 0x00, 0x00, 0x00, 0x00, 0x00, 0xD0, 0x02, 0x00, 0xAC, 0x03, 0x00,
	0x0D, 0x60, 0x4E, 0x00, 0x00, 0x00, 0x00, 0x00, 0x00, 0x00, 0x08, 0x00, 0x28, 0x00, 0x00, 0x00,
	0x00, 0x00, 0x00, 0x00, 0x00, 0x00, 0x00, 0x00, 0x38, 0x00, 0x00, 0x00, 0x00, 0x00, 0x00, 0x00,
	0x00, 0x00, 0x44, 0x33, 0x16, 0x00, 0x00, 0x00, 0x00, 0x00, 0x20, 0x00, 0x00, 0x98, 0x00, 0x00,
	0x26, 0x00, 0x00, 0x00, 0x02, 0x00, 0x02, 0x00, 0x00, 0x03, 0x00, 0x00, 0x29, 0x00, 0x4C, 0x50,
	0x1C, 0x98, 0x01, 0x00, 0x00, 0x80, 0x00, 0x00, 0x16, 0x20, 0x01, 0x00, 0x00, 0x00, 0x20, 0x00,
	0x10, 0xA0, 0x00, 0x00, 0x26, 0x00, 0x00, 0x00, 0x00, 0x00, 0x02, 0x00, 0x3C, 0x04, 0x00, 0x00,
	0x29, 0x2D, 0x4C, 0x50, 0x1C, 0x98, 0x01, 0x12, 0x7C, 0x80, 0x00, 0x00, 0x28, 0x00, 0x00, 0x00,
	0x00, 0x00, 0x00, 0x00, 0x00, 0x00, 0x00, 0x00, 0x38, 0x00, 0x00, 0x00, 0x00, 0x00, 0x00, 0x00,
	0x00, 0x00, 0x48, 0x33, 0x16, 0x00, 0x00, 0x00, 0x00, 0x00, 0x20, 0x01, 0x00, 0xA8, 0x00, 0x00,
	0x26, 0x00, 0x00, 0x00, 0x02, 0x00, 0x02, 0x00, 0x14, 0x04, 0x00, 0x00, 0x29, 0x98, 0x44, 0x54,
	0x10, 0x00, 0x00, 0x00, 0x14, 0x80, 0x00, 0x00, 0x16, 0x20, 0x01, 0x00, 0x00, 0x00, 0x20, 0x01,
	0x10, 0xF0, 0x00, 0x00, 0x26, 0x00, 0x00, 0x00, 0x00, 0x00, 0x02, 0x00, 0x28, 0x05, 0x00, 0x00,
	0x29, 0xA2, 0x44, 0x54, 0x10, 0x00, 0x00, 0x12, 0x68, 0x80, 0x00, 0x00, 0x16, 0x00, 0x00, 0x00,
	0x00, 0x00, 0x20, 0x01, 0x00, 0x38, 0x01, 0x00, 0x26, 0x00, 0x00, 0x00, 0x02, 0x00, 0x02, 0x00,
	0x00, 0x05, 0x00, 0x00, 0x29, 0xAC, 0x44, 0x54, 0x10, 0x00, 0x00, 0x00, 0x00, 0x80, 0x00, 0x00,
	0x16, 0x20, 0x01, 0x00, 0x00, 0x00, 0x20, 0x01, 0x10, 0x80, 0x01, 0x00, 0x26, 0x00, 0x00, 0x00,
	0x00, 0x00, 0x02, 0x00, 0x3C, 0x06, 0x00, 0x00, 0x29, 0xB6, 0x44, 0x54, 0x10, 0x00, 0x00, 0x12,
	0x7C, 0x80, 0x00, 0x00, 0x2E, 0x00, 0x2F, 0x00, 0x00, 0x00, 0xE0, 0x01, 0x01, 0x70, 0x08, 0x00,
	0x00, 0x00, 0x00, 0x00, 0x00, 0x00, 0x00, 0x00, 0x00, 0x00, 0x00, 0x00, 0x00, 0x00, 0x14, 0x00,
	0x00, 0x00, 0x00, 0x00, 0x00, 0x00, 0x00, 0x00, 0x66, 0x00, 0x00, 0x00, 0x00, 0x00, 0xD0, 0x02,
	0x00, 0x4C, 0x22, 0x00, 0x0D, 0xC0, 0x4C, 0x00, 0x00, 0x00, 0x00, 0x00, 0x00, 0x00, 0x06, 0x00,
	0x66, 0x00, 0x00, 0x00, 0x00, 0x00, 0xD0, 0x02, 0x00, 0x4C, 0x04, 0x00, 0x0D, 0x60, 0x4E, 0x00,
	0x00, 0x00, 0x00, 0x00, 0x00, 0x00, 0x08, 0x00, 0x28, 0x00, 0x00, 0x00, 0x00, 0x00, 0x00, 0x00,
	0x00, 0x00, 0x00, 0x00, 0x38, 0x00, 0x00, 0x00, 0x00, 0x00, 0x00, 0x00, 0x00, 0x00, 0x44, 0x33,
	0x16, 0x00, 0x00, 0x00, 0x00, 0x00, 0x20, 0x00, 0x00, 0x98, 0x00, 0x00, 0x26, 0x00, 0x00, 0x00,
	0x02, 0x00, 0x02, 0x00, 0x14, 0x03, 0x00, 0x00, 0x29, 0x00, 0x4C, 0x50, 0x1C, 0x98, 0x01, 0x00,
	0x14, 0x80, 0x00, 0x00, 0x16, 0x20, 0x01, 0x00, 0x00, 0x00, 0x20, 0x00, 0x10, 0xA0, 0x00, 0x00,
	0x26, 0x00, 0x00, 0x00, 0x00, 0x00, 0x02, 0x00, 0x28, 0x04, 0x00, 0x00, 0x29, 0x2D, 0x4C, 0x50,
	0x1C, 0x98, 0x01, 0x12, 0x68, 0x80, 0x00, 0x00, 0x28, 0x00, 0x00, 0x00, 0x00, 0x00, 0x00, 0x00,
	0x00, 0x00, 0x00, 0x00, 0x38, 0x00, 0x00, 0x00, 0x00, 0x00, 0x00, 0x00, 0x00, 0x00, 0x48, 0x33,
	0x16, 0x00, 0x00, 0x00, 0x00, 0x00, 0x20, 0x01, 0x00, 0xA8, 0x00, 0x00, 0x26, 0x00, 0x00, 0x00,
	0x02, 0x00, 0x02, 0x00, 0x00, 0x04, 0x00, 0x00, 0x29, 0x98, 0x44, 0x54, 0x10, 0x00, 0x00, 0x00,
	0x00, 0x80, 0x00, 0x00, 0x16, 0x20, 0x01, 0x00, 0x00, 0x00, 0x20, 0x01, 0x10, 0xF0, 0x00, 0x00,
	0x26, 0x00, 0x00, 0x00, 0x00, 0x00, 0x02, 0x00, 0x3C, 0x05, 0x00, 0x00, 0x29, 0xA2, 0x44, 0x54,
	0x10, 0x00, 0x00, 0x12, 0x7C, 0x80, 0x00, 0x00, 0x16, 0x00, 0x00, 0x00, 0x00, 0x00, 0x20, 0x01,
	0x00, 0x38, 0x01, 0x00, 0x26, 0x00, 0x00, 0x00, 0x02, 0x00, 0x02, 0x00, 0x14, 0x05, 0x00, 0x00,
	0x29, 0xAC, 0x44, 0x54, 0x10, 0x00, 0x00, 0x00, 0x14, 0x80, 0x00, 0x00, 0x16, 0x20, 0x01, 0x00,
	0x00, 0x00, 0x20, 0x01, 0x10, 0x80, 0x01, 0x00, 0x26, 0x00, 0x00, 0x00, 0x00, 0x00, 0x02, 0x00,
	0x28, 0x06, 0x00, 0x00, 0x29, 0xB6, 0x44, 0x54, 0x10, 0x00, 0x00, 0x12, 0x68, 0x80, 0x00, 0x00,
	0x2E, 0x00, 0x2F, 0x00, 0x00, 0x00, 0xE0, 0x01, 0x01, 0x98, 0x08, 0x00, 0x00, 0x00, 0x00, 0x00,
	0x00, 0x00, 0x00, 0x00, 0x00, 0x00, 0x00, 0x00, 0x00, 0x00, 0x14, 0x00, 0x00, 0x00, 0x00, 0x00,
	0x00, 0x00, 0x00, 0x00, 0x66, 0x00, 0x00, 0x00, 0x00, 0x00, 0xD0, 0x02, 0x00, 0xEC, 0x22, 0x00,
	0x0D, 0xC0, 0x4C, 0x00, 0x00, 0x00, 0x00, 0x00, 0x00, 0x00, 0x06, 0x00, 0x66, 0x00, 0x00, 0x00,
	0x00, 0x00, 0xD0, 0x02, 0x00, 0xEC, 0x04, 0x00, 0x0D, 0x60, 0x4E, 0x00, 0x00, 0x00, 0x00, 0x00,
	0x00, 0x00, 0x08, 0x00, 0x28, 0x00, 0x00, 0x00, 0x00, 0x00, 0x00, 0x00, 0x00, 0x00, 0x00, 0x00,
	0x38, 0x00, 0x00, 0x00, 0x00, 0x00, 0x00, 0x00, 0x00, 0x00, 0x44, 0x33, 0x16, 0x00, 0x00, 0x00,
	0x00, 0x00, 0x20, 0x00, 0x00, 0x98, 0x00, 0x00, 0x26, 0x00, 0x00, 0x00, 0x02, 0x00, 0x02, 0x00,
	0x00, 0x03, 0x00, 0x00, 0x29, 0x00, 0x4C, 0x50, 0x1C, 0x98, 0x01, 0x00, 0x00, 0x80, 0x00, 0x00,
	0x16, 0x20, 0x01, 0x00, 0x00, 0x00, 0x20, 0x00, 0x10, 0xA0, 0x00, 0x00, 0x26, 0x00, 0x00, 0x00,
	0x00, 0x00, 0x02, 0x00, 0x3C, 0x04, 0x00, 0x00, 0x29, 0x2D, 0x4C, 0x50, 0x1C, 0x98, 0x01, 0x12,
	0x7C, 0x80, 0x00, 0x00, 0x28, 0x00, 0x00, 0x00, 0x00, 0x00, 0x00, 0x00, 0x00, 0x00, 0x00, 0x00,
	0x38, 0x00, 0x00, 0x00, 0x00, 0x00, 0x00, 0x00, 0x00, 0x00, 0x48, 0x33, 0x16, 0x00, 0x00, 0x00,
	0x00, 0x00, 0x20, 0x01, 0x00, 0xA8, 0x00, 0x00, 0x26, 0x00, 0x00, 0x00, 0x02, 0x00, 0x02, 0x00,
	0x14, 0x04, 0x00, 0x00, 0x29, 0x98, 0x44, 0x54, 0x10, 0x00, 0x00, 0x00, 0x14, 0x80, 0x00, 0x00,
	0x16, 0x20, 0x01, 0x00, 0x00, 0x00, 0x20, 0x01, 0x10, 0xF0, 0x00, 0x00, 0x26, 0x00, 0x00, 0x00,
	0x00, 0x00, 0x02, 0x00, 0x28, 0x05, 0x00, 0x00, 0x29, 0xA2, 0x44, 0x54, 0x10, 0x00, 0x00, 0x12,
	0x68, 0x80, 0x00, 0x00, 0x16, 0x00, 0x00, 0x00, 0x00, 0x00, 0x20, 0x01, 0x00, 0x38, 0x01, 0x00,
	0x26, 0x00, 0x00, 0x00, 0x02, 0x00, 0x02, 0x00, 0x00, 0x05, 0x00, 0x00, 0x29, 0xAC, 0x44, 0x54,
	0x10, 0x00, 0x00, 0x00, 0x00, 0x80, 0x00, 0x00, 0x16, 0x20, 0x01, 0x00, 0x00, 0x00, 0x20, 0x01,
	0x10, 0x80, 0x01, 0x00, 0x26, 0x00, 0x00, 0x00, 0x00, 0x00, 0x02, 0x00, 0x3C, 0x06, 0x00, 0x00,
	0x29, 0xB6, 0x44, 0x54, 0x10, 0x00, 0x00, 0x12, 0x7C, 0x80, 0x00, 0x00, 0x2E, 0x00, 0x2F, 0x00,
	0x00, 0x00, 0xE0, 0x01, 0x01, 0xC0, 0x08, 0x00, 0x00, 0x00, 0x00, 0x00, 0x00, 0x00, 0x00, 0x00,
	0x00, 0x00, 0x00, 0x00, 0x00, 0x00, 0x14, 0x00, 0x00, 0x00, 0x00, 0x00, 0x00, 0x00, 0x00, 0x00,
	0x66, 0x00, 0x00, 0x00, 0x00, 0x00, 0xD0, 0x02, 0x00, 0x8C, 0x23, 0x00, 0x0D, 0xC0, 0x4C, 0x00,
	0x00, 0x00, 0x00, 0x00, 0x00, 0x00, 0x06, 0x00, 0x66, 0x00, 0x00, 0x00, 0x00, 0x00, 0xD0, 0x02,
	0x00, 0x8C, 0x05, 0x00, 0x0D, 0x60, 0x4E, 0x00, 0x00, 0x00, 0x00, 0x00, 0x00, 0x00, 0x08, 0x00,
	0x28, 0x00, 0x00, 0x00, 0x00, 0x00, 0x00, 0x00, 0x00, 0x00, 0x00, 0x00, 0x38, 0x00, 0x00, 0x00,
	0x00, 0x00, 0x00, 0x00, 0x00, 0x00, 0x44, 0x33, 0x16, 0x00, 0x00, 0x00, 0x00, 0x00, 0x20, 0x00,
	0x00, 0x98, 0x00, 0x00, 0x26, 0x00, 0x00, 0x00, 0x02, 0x00, 0x02, 0x00, 0x14, 0x03, 0x00, 0x00,
	0x29, 0x00, 0x4C, 0x50, 0x1C, 0x98, 0x01, 0x00, 0x14, 0x80, 0x00, 0x00, 0x16, 0x20, 0x01, 0x00,
	0x00, 0x00, 0x20, 0x00, 0x10, 0xA0, 0x00, 0x00, 0x26, 0x00, 0x00, 0x00, 0x00, 0x00, 0x02, 0x00,
	0x28, 0x04, 0x00, 0x00, 0x29, 0x2D, 0x4C, 0x50, 0x1C, 0x98, 0x01, 0x12, 0x68, 0x80, 0x00, 0x00,
	0x28, 0x00, 0x00, 0x00, 0x00, 0x00, 0x00, 0x00, 0x00, 0x00, 0x00, 0x00, 0x38, 0x00, 0x00, 0x00,
	0x00, 0x00, 0x00, 0x00, 0x00, 0x00, 0x48, 0x33, 0x16, 0x00, 0x00, 0x00, 0x00, 0x00, 0x20, 0x01,
	0x00, 0xA8, 0x00, 0x00, 0x26, 0x00, 0x00, 0x00, 0x02, 0x00, 0x02, 0x00, 0x00, 0x04, 0x00, 0x00,
	0x29, 0x98, 0x44, 0x54, 0x10, 0x00, 0x00, 0x00, 0x00, 0x80, 0x00, 0x00, 0x16, 0x20, 0x01, 0x00,
	0x00, 0x00, 0x20, 0x01, 0x10, 0xF0, 0x00, 0x00, 0x26, 0x00, 0x00, 0x00, 0x00, 0x00, 0x02, 0x00,
	0x3C, 0x05, 0x00, 0x00, 0x29, 0xA2, 0x44, 0x54, 0x10, 0x00, 0x00, 0x12, 0x7C, 0x80, 0x00, 0x00,
	0x16, 0x00, 0x00, 0x00, 0x00, 0x00, 0x20, 0x01, 0x00, 0x38, 0x01, 0x00, 0x26, 0x00, 0x00, 0x00,
	0x02, 0x00, 0x02, 0x00, 0x14, 0x05, 0x00, 0x00, 0x29, 0xAC, 0x44, 0x54, 0x10, 0x00, 0x00, 0x00,
	0x14, 0x80, 0x00, 0x00, 0x16, 0x20, 0x01, 0x00, 0x00, 0x00, 0x20, 0x01, 0x10, 0x80, 0x01, 0x00,
	0x26, 0x00, 0x00, 0x00, 0x00, 0x00, 0x02, 0x00, 0x28, 0x06, 0x00, 0x00, 0x29, 0xB6, 0x44, 0x54,
	0x10, 0x00, 0x00, 0x12, 0x68, 0x80, 0x00, 0x00, 0x2E, 0x00, 0x2F, 0x00, 0x00, 0x00, 0xE0, 0x01,
	0x01, 0xE8, 0x08, 0x00, 0x00, 0x00, 0x00, 0x00, 0x00, 0x00, 0x00, 0x00, 0x00, 0x00, 0x00, 0x00,
	0x00, 0x00, 0x14, 0x00, 0x00, 0x00, 0x00, 0x00, 0x00, 0x00, 0x00, 0x00, 0x66, 0x00, 0x00, 0x00,
	0x00, 0x00, 0xD0, 0x02, 0x00, 0x2C, 0x24, 0x00, 0x0D, 0xC0, 0x4C, 0x00, 0x00, 0x00, 0x00, 0x00,
	0x00, 0x00, 0x06, 0x00, 0x66, 0x00, 0x00, 0x00, 0x00, 0x00, 0xD0, 0x02, 0x00, 0x2C, 0x06, 0x00,
	0x0D, 0x60, 0x4E, 0x00, 0x00, 0x00, 0x00, 0x00, 0x00, 0x00, 0x08, 0x00, 0x28, 0x00, 0x00, 0x00,
	0x00, 0x00, 0x00, 0x00, 0x00, 0x00, 0x00, 0x00, 0x06, 0x00, 0x04, 0x00, 0x00, 0x00, 0x10, 0x00,
	0x00, 0x30, 0x00, 0x00, 0x08, 0x00, 0x00, 0x00, 0x00, 0x00, 0x00, 0x00, 0x00, 0x00, 0x00, 0x00,
	0x18, 0x00, 0x04, 0x00, 0x00, 0x00, 0x00, 0x00, 0x00, 0x00, 0x00, 0x00, 0x38, 0x00, 0x00, 0x00,
	0x00, 0x00, 0x00, 0x00, 0x00, 0x00, 0x44, 0x33, 0x16, 0x00, 0x00, 0x00, 0x00, 0x00, 0x20, 0x00,
	0x00, 0x98, 0x00, 0x00, 0x26, 0x00, 0x00, 0x00, 0x02, 0x00, 0x02, 0x00, 0x00, 0x03, 0x00, 0x00,
	0x29, 0x00, 0x4C, 0x50, 0x1C, 0x98, 0x01, 0x00, 0x00, 0x80, 0x00, 0x00, 0x16, 0x20, 0x01, 0x00,
	0x00, 0x00, 0x20, 0x00, 0x10, 0xA0, 0x00, 0x00, 0x26, 0x00, 0x00, 0x00, 0x00, 0x00, 0x02, 0x00,
	0x3C, 0x04, 0x00, 0x00, 0x29, 0x2D, 0x4C, 0x50, 0x1C, 0x98, 0x01, 0x12, 0x7C, 0x80, 0x00, 0x00,
	0x28, 0x00, 0x00, 0x00, 0x00, 0x00, 0x00, 0x00, 0x00, 0x00, 0x00, 0x00, 0x38, 0x00, 0x00, 0x00,
	0x00, 0x00, 0x00, 0x00, 0x00, 0x00, 0x48, 0x33, 0x16, 0x00, 0x00, 0x00, 0x00, 0x00, 0x20, 0x01,
	0x00, 0xA8, 0x00, 0x00, 0x26, 0x00, 0x00, 0x00, 0x02, 0x00, 0x02, 0x00, 0x14, 0x04, 0x00, 0x00,
	0x29, 0x98, 0x44, 0x54, 0x10, 0x00, 0x00, 0x00, 0x14, 0x80, 0x00, 0x00, 0x16, 0x20, 0x01, 0x00,
	0x00, 0x00, 0x20, 0x01, 0x10, 0xF0, 0x00, 0x00, 0x26, 0x00, 0x00, 0x00, 0x00, 0x00, 0x02, 0x00,
	0x28, 0x05, 0x00, 0x00, 0x29, 0xA2, 0x44, 0x54, 0x10, 0x00, 0x00, 0x12, 0x68, 0x80, 0x00, 0x00,
	0x16, 0x00, 0x00, 0x00, 0x00, 0x00, 0x20, 0x01, 0x00, 0x38, 0x01, 0x00, 0x26, 0x00, 0x00, 0x00,
	0x02, 0x00, 0x02, 0x00, 0x00, 0x05, 0x00, 0x00, 0x29, 0xAC, 0x44, 0x54, 0x10, 0x00, 0x00, 0x00,
	0x00, 0x80, 0x00, 0x00, 0x16, 0x20, 0x01, 0x00, 0x00, 0x00, 0x20, 0x01, 0x10, 0x80, 0x01, 0x00,
	0x26, 0x00, 0x00, 0x00, 0x00, 0x00, 0x02, 0x00, 0x3C, 0x06, 0x00, 0x00, 0x29, 0xB6, 0x44, 0x54,
	0x10, 0x00, 0x00, 0x12, 0x7C, 0x80, 0x00, 0x00, 0x2E, 0x00, 0x2F, 0x00, 0x00, 0x00, 0xE0, 0x01,
	0x01, 0x10, 0x09, 0x00, 0x00, 0x00, 0x00, 0x00, 0x00, 0x00, 0x00, 0x00, 0x00, 0x00, 0x00, 0x00,
	0x00, 0x00, 0x14, 0x00, 0x00, 0x00, 0x00, 0x00, 0x00, 0x00, 0x00, 0x00, 0x66, 0x00, 0x00, 0x00,
	0x00, 0x00, 0xD0, 0x02, 0x00, 0xCC, 0x24, 0x00, 0x0D, 0xC0, 0x4C, 0x00, 0x00, 0x00, 0x00, 0x00,
	0x00, 0x00, 0x06, 0x00, 0x66, 0x00, 0x00, 0x00, 0x00, 0x00, 0xD0, 0x02, 0x00, 0xCC, 0x06, 0x00,
	0x0D, 0x60, 0x4E, 0x00, 0x00, 0x00, 0x00, 0x00, 0x00, 0x00, 0x08, 0x00, 0x28, 0x00, 0x00, 0x00,
	0x00, 0x00, 0x00, 0x00, 0x00, 0x00, 0x00, 0x00, 0x38, 0x00, 0x00, 0x00, 0x00, 0x00, 0x00, 0x00,
	0x00, 0x00, 0x44, 0x33, 0x16, 0x00, 0x00, 0x00, 0x00, 0x00, 0x20, 0x00, 0x00, 0x98, 0x00, 0x00,
	0x26, 0x00, 0x00, 0x00, 0x02, 0x00, 0x02, 0x00, 0x14, 0x03, 0x00, 0x00, 0x29, 0x00, 0x4C, 0x50,
	0x1C, 0x98, 0x01, 0x00, 0x14, 0x80, 0x00, 0x00, 0x16, 0x20, 0x01, 0x00, 0x00, 0x00, 0x20, 0x00,
	0x10, 0xA0, 0x00, 0x00, 0x26, 0x00, 0x00, 0x00, 0x00, 0x00, 0x02, 0x00, 0x28, 0x04, 0x00, 0x00,
	0x29, 0x2D, 0x4C, 0x50, 0x1C, 0x98, 0x01, 0x12, 0x68, 0x80, 0x00, 0x00, 0x28, 0x00, 0x00, 0x00,
	0x00, 0x00, 0x00, 0x00, 0x00, 0x00, 0x00, 0x00, 0x38, 0x00, 0x00, 0x00, 0x00, 0x00, 0x00, 0x00,
	0x00, 0x00, 0x48, 0x33, 0x16, 0x00, 0x00, 0x00, 0x00, 0x00, 0x20, 0x01, 0x00, 0xA8, 0x00, 0x00,
	0x26, 0x00, 0x00, 0x00, 0x02, 0x00, 0x02, 0x00, 0x00, 0x04, 0x00, 0x00, 0x29, 0x98, 0x44, 0x54,
	0x10, 0x00, 0x00, 0x00, 0x00, 0x80, 0x00, 0x00, 0x16, 0x20, 0x01, 0x00, 0x00, 0x00, 0x20, 0x01,
	0x10, 0xF0, 0x00, 0x00, 0x26, 0x00, 0x00, 0x00, 0x00, 0x00, 0x02, 0x00, 0x3C, 0x05, 0x00, 0x00,
	0x29, 0xA2, 0x44, 0x54, 0x10, 0x00, 0x00, 0x12, 0x7C, 0x80, 0x00, 0x00, 0x16, 0x00, 0x00, 0x00,
	0x00, 0x00, 0x20, 0x01, 0x00, 0x38, 0x01, 0x00, 0x26, 0x00, 0x00, 0x00, 0x02, 0x00, 0x02, 0x00,
	0x14, 0x05, 0x00, 0x00, 0x29, 0xAC, 0x44, 0x54, 0x10, 0x00, 0x00, 0x00, 0x14, 0x80, 0x00, 0x00,
	0x16, 0x20, 0x01, 0x00, 0x00, 0x00, 0x20, 0x01, 0x10, 0x80, 0x01, 0x00, 0x26, 0x00, 0x00, 0x00,
	0x00, 0x00, 0x02, 0x00, 0x28, 0x06, 0x00, 0x00, 0x29, 0xB6, 0x44, 0x54, 0x10, 0x00, 0x00, 0x12,
	0x68, 0x80, 0x00, 0x00, 0x2E, 0x00, 0x2F, 0x00, 0x00, 0x00, 0xE0, 0x01, 0x01, 0x38, 0x09, 0x00,
	0x00, 0x00, 0x00, 0x00, 0x00, 0x00, 0x00, 0x00, 0x00, 0x00, 0x00, 0x00, 0x00, 0x00, 0x14, 0x00,
	0x00, 0x00, 0x00, 0x00, 0x00, 0x00, 0x00, 0x00, 0x00, 0x00, 0x00, 0x00, 0x00, 0x00, 0x00, 0x00,
	0x00, 0x00, 0x00, 0x00, 0x00, 0x00, 0x14, 0x00, 0x00, 0x00, 0x00, 0x00, 0x00, 0x00, 0x00, 0x00,
	0x0E, 0x00, 0x30, 0x00, 0x00, 0x00, 0xE0, 0x01, 0x00, 0x80, 0x07, 0x00, 0x28, 0x00, 0x00, 0x00,
	0x00, 0x00, 0x00, 0x00, 0x00, 0x00, 0x00, 0x00, 0x38, 0x00, 0x00, 0x00, 0x00, 0x00, 0x00, 0x00,
	0x00, 0x00, 0xC4, 0x2B, 0x16, 0x00, 0x00, 0x00, 0x00, 0x00, 0x40, 0x00, 0x00, 0xC8, 0x01, 0x00,
	0x26, 0x00, 0x00, 0x00, 0x02, 0x00, 0x02, 0x00, 0x00, 0x06, 0x00, 0x00, 0x29, 0x84, 0x58, 0x5C,
	0x1C, 0x00, 0x00, 0x00, 0x00, 0x80, 0x00, 0x00, 0x16, 0x20, 0x01, 0x00, 0x00, 0x00, 0x40, 0x00,
	0x10, 0xD8, 0x01, 0x00, 0x26, 0x00, 0x00, 0x00, 0x00, 0x00, 0x02, 0x00, 0x3C, 0x07, 0x00, 0x00,
	0x29, 0xA2, 0x58, 0x5C, 0x1C, 0x00, 0x00, 0x12, 0x7C, 0x80, 0x00, 0x00, 0x2E, 0x80, 0x34, 0x00,
	0x00, 0x00, 0xE0, 0x01, 0x01, 0x00, 0x00, 0x00, 0x00, 0x00, 0x00, 0x00, 0x00, 0x00, 0x00, 0x00,
	0x00, 0x00, 0x00, 0x00, 0x00, 0x00, 0x14, 0x00, 0x00, 0x00, 0x00, 0x00, 0x00, 0x00, 0x00, 0x00,
	0x0E, 0x00, 0x30, 0x00, 0x00, 0x00, 0xE0, 0x01, 0x00, 0xF8, 0x07, 0x00, 0x28, 0x00, 0x00, 0x00,
	0x00, 0x00, 0x00, 0x00, 0x00, 0x00, 0x00, 0x00, 0x38, 0x00, 0x00, 0x00, 0x00, 0x00, 0x00, 0x00,
	0x00, 0x00, 0xC4, 0x2B, 0x16, 0x00, 0x00, 0x00, 0x00, 0x00, 0x40, 0x00, 0x00, 0xC8, 0x01, 0x00,
	0x26, 0x00, 0x00, 0x00, 0x02, 0x00, 0x02, 0x00, 0x14, 0x06, 0x00, 0x00, 0x29, 0x84, 0x58, 0x5C,
	0x1C, 0x00, 0x00, 0x00, 0x14, 0x80, 0x00, 0x00, 0x16, 0x20, 0x01, 0x00, 0x00, 0x00, 0x40, 0x00,
	0x10, 0xD8, 0x01, 0x00, 0x26, 0x00, 0x00, 0x00, 0x00, 0x00, 0x02, 0x00, 0x28, 0x07, 0x00, 0x00,
	0x29, 0xA2, 0x58, 0x5C, 0x1C, 0x00, 0x00, 0x12, 0x68, 0x80, 0x00, 0x00, 0x2E, 0x80, 0x34, 0x00,
	0x00, 0x00, 0xE0, 0x01, 0x01, 0x78, 0x00, 0x00, 0x00, 0x00, 0x00, 0x00, 0x00, 0x00, 0x00, 0x00,
	0x00, 0x00, 0x00, 0x00, 0x00, 0x00, 0x14, 0x00, 0x00, 0x00, 0x00, 0x00, 0x00, 0x00, 0x00, 0x00,
	0x0E, 0x00, 0x30, 0x00, 0x00, 0x00, 0xE0, 0x01, 0x00, 0x70, 0x08, 0x00, 0x28, 0x00, 0x00, 0x00,
	0x00, 0x00, 0x00, 0x00, 0x00, 0x00, 0x00, 0x00, 0x38, 0x00, 0x00, 0x00, 0x00, 0x00, 0x00, 0x00,
	0x00, 0x00, 0xC4, 0x2B, 0x16, 0x00, 0x00, 0x00, 0x00, 0x00, 0x40, 0x00, 0x00, 0xC8, 0x01, 0x00,
	0x26, 0x00, 0x00, 0x00, 0x02, 0x00, 0x02, 0x00, 0x00, 0x06, 0x00, 0x00, 0x29, 0x84, 0x58, 0x5C,
	0x1C, 0x00, 0x00, 0x00, 0x00, 0x80, 0x00, 0x00, 0x16, 0x20, 0x01, 0x00, 0x00, 0x00, 0x40, 0x00,
	0x10, 0xD8, 0x01, 0x00, 0x26, 0x00, 0x00, 0x00, 0x00, 0x00, 0x02, 0x00, 0x3C, 0x07, 0x00, 0x00,
	0x29, 0xA2, 0x58, 0x5C, 0x1C, 0x00, 0x00, 0x12, 0x7C, 0x80, 0x00, 0x00, 0x2E, 0x80, 0x34, 0x00,
	0x00, 0x00, 0xE0, 0x01, 0x01, 0xF0, 0x00, 0x00, 0x00, 0x00, 0x00, 0x00, 0x00, 0x00, 0x00, 0x00,
	0x00, 0x00, 0x00, 0x00, 0x00, 0x00, 0x14, 0x00, 0x00, 0x00, 0x00, 0x00, 0x00, 0x00, 0x00, 0x00,
	0x0E, 0x00, 0x30, 0x00, 0x00, 0x00, 0xE0, 0x01, 0x00, 0xE8, 0x08, 0x00, 0x28, 0x00, 0x00, 0x00,
	0x00, 0x00, 0x00, 0x00, 0x00, 0x00, 0x00, 0x00, 0x38, 0x00, 0x00, 0x00, 0x00, 0x00, 0x00, 0x00,
	0x00, 0x00, 0xC4, 0x2B, 0x16, 0x00, 0x00, 0x00, 0x00, 0x00, 0x40, 0x00, 0x00, 0xC8, 0x01, 0x00,
	0x26, 0x00, 0x00, 0x00, 0x02, 0x00, 0x02, 0x00, 0x14, 0x06, 0x00, 0x00, 0x29, 0x84, 0x58, 0x5C,
	0x1C, 0x00, 0x00, 0x00, 0x14, 0x80, 0x00, 0x00, 0x16, 0x20, 0x01, 0x00, 0x00, 0x00, 0x40, 0x00,
	0x10, 0xD8, 0x01, 0x00, 0x26, 0x00, 0x00, 0x00, 0x00, 0x00, 0x02, 0x00, 0x28, 0x07, 0x00, 0x00,
	0x29, 0xA2, 0x58, 0x5C, 0x1C, 0x00, 0x00, 0x12, 0x68, 0x80, 0x00, 0x00, 0x2E, 0x80, 0x34, 0x00,
	0x00, 0x00, 0xE0, 0x01, 0x01, 0x68, 0x01, 0x00, 0x00, 0x00, 0x00, 0x00, 0x00, 0x00, 0x00, 0x00,
	0x00, 0x00, 0x00, 0x00, 0x00, 0x00, 0x14, 0x00, 0x00, 0x00, 0x00, 0x00, 0x00, 0x00, 0x00, 0x00,
	0x00, 0x00, 0x00, 0x00, 0x00, 0x00, 0x00, 0x00, 0x00, 0x00, 0x00, 0x00, 0x00, 0x00, 0x14, 0x00,
	0x00, 0x00, 0x00, 0x00, 0x00, 0x00, 0x00, 0x00, 0x0E, 0x60, 0x39, 0x00, 0x00, 0x00, 0xE0, 0xC1,
	0x00, 0x00, 0x00, 0x00, 0x28, 0x00, 0x00, 0x00, 0x00, 0x00, 0x00, 0x00, 0x00, 0x00, 0x00, 0x00,
	0x38, 0x00, 0x00, 0x00, 0x00, 0x00, 0x00, 0x00, 0x00, 0x00, 0x84, 0x33, 0x16, 0x00, 0x00, 0x00,
	0x00, 0x00, 0x20, 0x00, 0x00, 0xE8, 0x01, 0x00, 0x26, 0x00, 0x00, 0x00, 0x02, 0x00, 0x02, 0x00,
	0x00, 0x07, 0x00, 0x00, 0x29, 0x00, 0x60, 0x64, 0x1C, 0xAC, 0x01, 0x00, 0x00, 0x80, 0x00, 0x00,
	0x16, 0x20, 0x01, 0x00, 0x00, 0x00, 0x20, 0x00, 0x10, 0xF0, 0x01, 0x00, 0x26, 0x00, 0x00, 0x00,
	0x00, 0x00, 0x02, 0x00, 0x3C, 0x08, 0x00, 0x00, 0x29, 0x2A, 0x60, 0x64, 0x1C, 0xAC, 0x01, 0x12,
	0x7C, 0x80, 0x20, 0x00, 0x28, 0x00, 0x00, 0x00, 0x00, 0x00, 0x00, 0x00, 0x00, 0x00, 0x00, 0x00,
	0x38, 0x00, 0x00, 0x00, 0x00, 0x00, 0x00, 0x00, 0x00, 0x00, 0x48, 0x33, 0x16, 0x00, 0x00, 0x00,
	0x00, 0x00, 0x20, 0x01, 0x00, 0xF8, 0x01, 0x00, 0x26, 0x00, 0x00, 0x00, 0x02, 0x00, 0x02, 0x00,
	0x14, 0x08, 0x00, 0x00, 0x29, 0x70, 0x68, 0x6C, 0x20, 0x00, 0x00, 0x00, 0x14, 0x80, 0x00, 0x00,
	0x16, 0x20, 0x01, 0x00, 0x00, 0x00, 0x20, 0x01, 0x10, 0x40, 0x02, 0x00, 0x26, 0x00, 0x00, 0x00,
	0x00, 0x00, 0x02, 0x00, 0x28, 0x09, 0x00, 0x00, 0x29, 0x98, 0x68, 0x6C, 0x20, 0x00, 0x00, 0x12,
	0x68, 0x80, 0x00, 0x00, 0x2E, 0x00, 0x3E, 0x00, 0x00, 0x00, 0xE0, 0xC1, 0x00, 0xC0, 0x03, 0x00,
	0x00, 0x00, 0x00, 0x00, 0x00, 0x00, 0x00, 0x00, 0x00, 0x00, 0x00, 0x00, 0x00, 0x00, 0x14, 0x00,
	0x00, 0x00, 0x00, 0x00, 0x00, 0x00, 0x00, 0x00, 0x0E, 0xC0, 0x40, 0x00, 0x00, 0x00, 0xE0, 0xC1,
	0x00, 0x96, 0x00, 0x00, 0x28, 0x00, 0x00, 0x00, 0x00, 0x00, 0x00, 0x00, 0x00, 0x00, 0x00, 0x00,
	0x38, 0x00, 0x00, 0x00, 0x00, 0x00, 0x00, 0x00, 0x00, 0x00, 0x84, 0x33, 0x16, 0x00, 0x00, 0x00,
	0x00, 0x00, 0x20, 0x00, 0x00, 0xE8, 0x01, 0x00, 0x26, 0x00, 0x00, 0x00, 0x02, 0x00, 0x02, 0x00,
	0x00, 0x07, 0x00, 0x00, 0x29, 0x00, 0x70, 0x74, 0x1C, 0x98, 0x01, 0x00, 0x00, 0x80, 0x00, 0x00,
	0x16, 0x20, 0x01, 0x00, 0x00, 0x00, 0x20, 0x00, 0x10, 0xF0, 0x01, 0x00, 0x26, 0x00, 0x00, 0x00,
	0x00, 0x00, 0x02, 0x00, 0x3C, 0x08, 0x00, 0x00, 0x29, 0x2D, 0x70, 0x74, 0x1C, 0x98, 0x01, 0x12,
	0x7C, 0x80, 0x00, 0x00, 0x28, 0x00, 0x00, 0x00, 0x00, 0x00, 0x00, 0x00, 0x00, 0x00, 0x00, 0x00,
	0x38, 0x00, 0x00, 0x00, 0x00, 0x00, 0x00, 0x00, 0x00, 0x00, 0x48, 0x33, 0x16, 0x00, 0x00, 0x00,
	0x00, 0x00, 0x20, 0x01, 0x00, 0xF8, 0x01, 0x00, 0x26, 0x00, 0x00, 0x00, 0x02, 0x00, 0x02, 0x00,
	0x14, 0x08, 0x00, 0x00, 0x29, 0x70, 0x68, 0x78, 0x24, 0x00, 0x00, 0x00, 0x14, 0x80, 0x00, 0x00,
	0x16, 0x20, 0x01, 0x00, 0x00, 0x00, 0x20, 0x01, 0x10, 0x40, 0x02, 0x00, 0x26, 0x00, 0x00, 0x00,
	0x00, 0x00, 0x02, 0x00, 0x28, 0x09, 0x00, 0x00, 0x29, 0x98, 0x68, 0x78, 0x24, 0x00, 0x00, 0x12,
	0x68, 0x80, 0x00, 0x00, 0x2E, 0x00, 0x3E, 0x00, 0x00, 0x00, 0xE0, 0xC1, 0x00, 0x60, 0x04, 0x00,
	0x00, 0x00, 0x00, 0x00, 0x00, 0x00, 0x00, 0x00, 0x00, 0x00, 0x00, 0x00, 0x00, 0x00, 0x14, 0x00,
	0x00, 0x00, 0x00, 0x00, 0x00, 0x00, 0x00, 0x00, 0x0E, 0x60, 0x39, 0x00, 0x00, 0x00, 0xE0, 0xC1,
	0x00, 0x36, 0x01, 0x00, 0x28, 0x00, 0x00, 0x00, 0x00, 0x00, 0x00, 0x00, 0x00, 0x00, 0x00, 0x00,
	0x38, 0x00, 0x00, 0x00, 0x00, 0x00, 0x00, 0x00, 0x00, 0x00, 0x84, 0x33, 0x16, 0x00, 0x00, 0x00,
	0x00, 0x00, 0x20, 0x00, 0x00, 0xE8, 0x01, 0x00, 0x26, 0x00, 0x00, 0x00, 0x02, 0x00, 0x02, 0x00,
	0x00, 0x07, 0x00, 0x00, 0x29, 0x00, 0x60, 0x64, 0x1C, 0xAC, 0x01, 0x00, 0x00, 0x80, 0x00, 0x00,
	0x16, 0x20, 0x01, 0x00, 0x00, 0x00, 0x20, 0x00, 0x10, 0xF0, 0x01, 0x00, 0x26, 0x00, 0x00, 0x00,
	0x00, 0x00, 0x02, 0x00, 0x3C, 0x08, 0x00, 0x00, 0x29, 0x2A, 0x60, 0x64, 0x1C, 0xAC, 0x01, 0x12,
	0x7C, 0x80, 0x20, 0x00, 0x28, 0x00, 0x00, 0x00, 0x00, 0x00, 0x00, 0x00, 0x00, 0x00, 0x00, 0x00,
	0x38, 0x00, 0x00, 0x00, 0x00, 0x00, 0x00, 0x00, 0x00, 0x00, 0x48, 0x33, 0x16, 0x00, 0x00, 0x00,
	0x00, 0x00, 0x20, 0x01, 0x00, 0xF8, 0x01, 0x00, 0x26, 0x00, 0x00, 0x00, 0x02, 0x00, 0x02, 0x00,
	0x14, 0x08, 0x00, 0x00, 0x29, 0x70, 0x68, 0x6C, 0x28, 0x00, 0x00, 0x00, 0x14, 0x80, 0x00, 0x00,
	0x16, 0x20, 0x01, 0x00, 0x00, 0x00, 0x20, 0x01, 0x10, 0x40, 0x02, 0x00, 0x26, 0x00, 0x00, 0x00,
	0x00, 0x00, 0x02, 0x00, 0x28, 0x09, 0x00, 0x00, 0x29, 0x98, 0x68, 0x6C, 0x28, 0x00, 0x00, 0x12,
	0x68, 0x80, 0x00, 0x00, 0x2E, 0x00, 0x3E, 0x00, 0x00, 0x00, 0xE0, 0xC1, 0x00, 0x00, 0x05, 0x00,
	0x00, 0x00, 0x00, 0x00, 0x00, 0x00, 0x00, 0x00, 0x00, 0x00, 0x00, 0x00, 0x00, 0x00, 0x14, 0x00,
	0x00, 0x00, 0x00, 0x00, 0x00, 0x00, 0x00, 0x00, 0x00, 0x00, 0x00, 0x00, 0x00, 0x00, 0x00, 0x00,
	0x00, 0x00, 0x00, 0x00, 0x00, 0x00, 0x14, 0x00, 0x00, 0x00, 0x00, 0x00, 0x00, 0x00, 0x00, 0x00,
	0x0E, 0x00, 0x3C, 0x00, 0x00, 0x00, 0xE0, 0x01, 0x00, 0x00, 0x00, 0x00, 0x0E, 0x00, 0x3E, 0x00,
	0x00, 0x00, 0xE0, 0xC1, 0x00, 0xC0, 0x03, 0x00, 0x40, 0xFC, 0x47, 0x70, 0xFE, 0x01, 0x00, 0x00,
	0x00, 0x00, 0x00, 0x00, 0x0B, 0x00, 0x7E, 0xC0, 0xC0, 0x00, 0x00, 0x20, 0x00, 0x00, 0xDE, 0x1B,
	0x2E, 0x00, 0x3E, 0x00, 0x00, 0x00, 0xE0, 0xC1, 0x00, 0x00, 0x0F, 0x00, 0x00, 0x00, 0x00, 0x00,
	0x00, 0x00, 0x00, 0x00, 0x00, 0x00, 0x00, 0x00, 0x00, 0x00, 0x14, 0x00, 0x00, 0x00, 0x00, 0x00,
	0x00, 0x00, 0x00, 0x00, 0x0E, 0x00, 0x3C, 0x00, 0x00, 0x00, 0xE0, 0x01, 0x00, 0xA0, 0x00, 0x00,
	0x0E, 0x00, 0x3E, 0x00, 0x00, 0x00, 0xE0, 0xC1, 0x00, 0x60, 0x04, 0x00, 0x40, 0xFC, 0x47, 0x70,
	0xFE, 0x01, 0x00, 0x00, 0x00, 0x00, 0x00, 0x00, 0x0B, 0x00, 0x7E, 0xC0, 0xC0, 0x00, 0x00, 0x20,
	0x00, 0x00, 0xDE, 0x1B, 0x2E, 0x00, 0x3E, 0x00, 0x00, 0x00, 0xE0, 0xC1, 0x00, 0xA0, 0x0F, 0x00,
	0x00, 0x00, 0x00, 0x00, 0x00, 0x00, 0x00, 0x00, 0x00, 0x00, 0x00, 0x00, 0x00, 0x00, 0x14, 0x00,
	0x00, 0x00, 0x00, 0x00, 0x00, 0x00, 0x00, 0x00, 0x0E, 0x00, 0x3C, 0x00, 0x00, 0x00, 0xE0, 0x01,
	0x00, 0x40, 0x01, 0x00, 0x0E, 0x00, 0x3E, 0x00, 0x00, 0x00, 0xE0, 0xC1, 0x00, 0x00, 0x05, 0x00,
	0x40, 0xFC, 0x47, 0x70, 0xFE, 0x01, 0x00, 0x00, 0x00, 0x00, 0x00, 0x00, 0x0B, 0x00, 0x7E, 0xC0,
	0xC0, 0x00, 0x00, 0x20, 0x00, 0x00, 0xDE, 0x1B, 0x2E, 0x00, 0x3E, 0x00, 0x00, 0x00, 0xE0, 0xC1,
	0x00, 0x40, 0x10, 0x00, 0x00, 0x00, 0x00, 0x00, 0x00, 0x00, 0x00, 0x00, 0x00, 0x00, 0x00, 0x00,
	0x00, 0x00, 0x14, 0x00, 0x00, 0x00, 0x00, 0x00, 0x00, 0x00, 0x00, 0x00, 0x00, 0x00, 0x00, 0x00,
	0x00, 0x00, 0x00, 0x00, 0x00, 0x00, 0x00, 0x00, 0x00, 0x00, 0x14, 0x00, 0x00, 0x00, 0x00, 0x00,
	0x00, 0x00, 0x00, 0x00, 0x0E, 0x60, 0x39, 0x00, 0x00, 0x00, 0xE0, 0xC1, 0x00, 0x00, 0x0F, 0x00,
	0x28, 0x00, 0x00, 0x00, 0x00, 0x00, 0x00, 0x00, 0x00, 0x00, 0x00, 0x00, 0x38, 0x00, 0x00, 0x00,
	0x00, 0x00, 0x00, 0x00, 0x00, 0x00, 0x84, 0x33, 0x16, 0x00, 0x00, 0x00, 0x00, 0x00, 0x20, 0x00,
	0x00, 0x88, 0x02, 0x00, 0x26, 0x00, 0x00, 0x00, 0x02, 0x00, 0x02, 0x00, 0x00, 0x09, 0x00, 0x00,
	0x29, 0x00, 0x60, 0x64, 0x1C, 0xAC, 0x01, 0x00, 0x00, 0x80, 0x00, 0x00, 0x16, 0x20, 0x01, 0x00,
	0x00, 0x00, 0x20, 0x00, 0x10, 0x90, 0x02, 0x00, 0x26, 0x00, 0x00, 0x00, 0x00, 0x00, 0x02, 0x00,
	0x3C, 0x0A, 0x00, 0x00, 0x29, 0x2A, 0x60, 0x64, 0x1C, 0xAC, 0x01, 0x12, 0x7C, 0x80, 0x20, 0x00,
	0x28, 0x00, 0x00, 0x00, 0x00, 0x00, 0x00, 0x00, 0x00, 0x00, 0x00, 0x00, 0x38, 0x00, 0x00, 0x00,
	0x00, 0x00, 0x00, 0x00, 0x00, 0x00, 0x86, 0x33, 0x16, 0x00, 0x00, 0x00, 0x00, 0x00, 0x20, 0x01,
	0x00, 0x98, 0x02, 0x00, 0x26, 0x00, 0x00, 0x00, 0x02, 0x00, 0x02, 0x00, 0x14, 0x0A, 0x00, 0x00,
	0x29, 0x70, 0x68, 0x6C, 0x20, 0x00, 0x00, 0x00, 0x14, 0x80, 0x00, 0x00, 0x16, 0x20, 0x01, 0x00,
	0x00, 0x00, 0x20, 0x01, 0x10, 0xE0, 0x02, 0x00, 0x26, 0x00, 0x00, 0x00, 0x00, 0x00, 0x02, 0x00,
	0x28, 0x0B, 0x00, 0x00, 0x29, 0x98, 0x68, 0x6C, 0x20, 0x00, 0x00, 0x12, 0x68, 0x80, 0x00, 0x00,
	0x2E, 0x00, 0x3E, 0x00, 0x00, 0x00, 0xE0, 0xC1, 0x00, 0x00, 0x00, 0x00, 0x00, 0x00, 0x00, 0x00,
	0x00, 0x00, 0x00, 0x00, 0x00, 0x00, 0x00, 0x00, 0x00, 0x00, 0x14, 0x00, 0x00, 0x00, 0x00, 0x00,
	0x00, 0x00, 0x00, 0x00, 0x0E, 0xC0, 0x40, 0x00, 0x00, 0x00, 0xE0, 0xC1, 0x00, 0x96, 0x0F, 0x00,
	0x28, 0x00, 0x00, 0x00, 0x00, 0x00, 0x00, 0x00, 0x00, 0x00, 0x00, 0x00, 0x38, 0x00, 0x00, 0x00,
	0x00, 0x00, 0x00, 0x00, 0x00, 0x00, 0x84, 0x33, 0x16, 0x00, 0x00, 0x00, 0x00, 0x00, 0x20, 0x00,
	0x00, 0x88, 0x02, 0x00, 0x26, 0x00, 0x00, 0x00, 0x02, 0x00, 0x02, 0x00, 0x00, 0x09, 0x00, 0x00,
	0x29, 0x00, 0x70, 0x74, 0x1C, 0x98, 0x01, 0x00, 0x00, 0x80, 0x00, 0x00, 0x16, 0x20, 0x01, 0x00,
	0x00, 0x00, 0x20, 0x00, 0x10, 0x90, 0x02, 0x00, 0x26, 0x00, 0x00, 0x00, 0x00, 0x00, 0x02, 0x00,
	0x3C, 0x0A, 0x00, 0x00, 0x29, 0x2D, 0x70, 0x74, 0x1C, 0x98, 0x01, 0x12, 0x7C, 0x80, 0x00, 0x00,
	0x28, 0x00, 0x00, 0x00, 0x00, 0x00, 0x00, 0x00, 0x00, 0x00, 0x00, 0x00, 0x38, 0x00, 0x00, 0x00,
	0x00, 0x00, 0x00, 0x00, 0x00, 0x00, 0x86, 0x33, 0x16, 0x00, 0x00, 0x00, 0x00, 0x00, 0x20, 0x01,
	0x00, 0x98, 0x02, 0x00, 0x26, 0x00, 0x00, 0x00, 0x02, 0x00, 0x02, 0x00, 0x14, 0x0A, 0x00, 0x00,
	0x29, 0x70, 0x68, 0x78, 0x24, 0x00, 0x00, 0x00, 0x14, 0x80, 0x00, 0x00, 0x16, 0x20, 0x01, 0x00,
	0x00, 0x00, 0x20, 0x01, 0x10, 0xE0, 0x02, 0x00, 0x26, 0x00, 0x00, 0x00, 0x00, 0x00, 0x02, 0x00,
	0x28, 0x0B, 0x00, 0x00, 0x29, 0x98, 0x68, 0x78, 0x24, 0x00, 0x00, 0x12, 0x68, 0x80, 0x00, 0x00,
	0x2E, 0x00, 0x3E, 0x00, 0x00, 0x00, 0xE0, 0xC1, 0x00, 0xA0, 0x00, 0x00, 0x00, 0x00, 0x00, 0x00,
	0x00, 0x00, 0x00, 0x00, 0x00, 0x00, 0x00, 0x00, 0x00, 0x00, 0x14, 0x00, 0x00, 0x00, 0x00, 0x00,
	0x00, 0x00, 0x00, 0x00, 0x0E, 0x60, 0x39, 0x00, 0x00, 0x00, 0xE0, 0xC1, 0x00, 0x36, 0x10, 0x00,
	0x28, 0x00, 0x00, 0x00, 0x00, 0x00, 0x00, 0x00, 0x00, 0x00, 0x00, 0x00, 0x38, 0x00, 0x00, 0x00,
	0x00, 0x00, 0x00, 0x00, 0x00, 0x00, 0x84, 0x33, 0x16, 0x00, 0x00, 0x00, 0x00, 0x00, 0x20, 0x00,
	0x00, 0x88, 0x02, 0x00, 0x26, 0x00, 0x00, 0x00, 0x02, 0x00, 0x02, 0x00, 0x00, 0x09, 0x00, 0x00,
	0x29, 0x00, 0x60, 0x64, 0x1C, 0xAC, 0x01, 0x00, 0x00, 0x80, 0x00, 0x00, 0x16, 0x20, 0x01, 0x00,
	0x00, 0x00, 0x20, 0x00, 0x10, 0x90, 0x02, 0x00, 0x26, 0x00, 0x00, 0x00, 0x00, 0x00, 0x02, 0x00,
	0x3C, 0x0A, 0x00, 0x00, 0x29, 0x2A, 0x60, 0x64, 0x1C, 0xAC, 0x01, 0x12, 0x7C, 0x80, 0x20, 0x00,
	0x28, 0x00, 0x00, 0x00, 0x00, 0x00, 0x00, 0x00, 0x00, 0x00, 0x00, 0x00, 0x38, 0x00, 0x00, 0x00,
	0x00, 0x00, 0x00, 0x00, 0x00, 0x00, 0x86, 0x33, 0x16, 0x00, 0x00, 0x00, 0x00, 0x00, 0x20, 0x01,
	0x00, 0x98, 0x02, 0x00, 0x26, 0x00, 0x00, 0x00, 0x02, 0x00, 0x02, 0x00, 0x14, 0x0A, 0x00, 0x00,
	0x29, 0x70, 0x68, 0x6C, 0x28, 0x00, 0x00, 0x00, 0x14, 0x80, 0x00, 0x00, 0x16, 0x20, 0x01, 0x00,
	0x00, 0x00, 0x20, 0x01, 0x10, 0xE0, 0x02, 0x00, 0x26, 0x00, 0x00, 0x00, 0x00, 0x00, 0x02, 0x00,
	0x28, 0x0B, 0x00, 0x00, 0x29, 0x98, 0x68, 0x6C, 0x28, 0x00, 0x00, 0x12, 0x68, 0x80, 0x00, 0x00,
	0x2E, 0x00, 0x3E, 0x00, 0x00, 0x00, 0xE0, 0xC1, 0x00, 0x40, 0x01, 0x00, 0x00, 0x00, 0x00, 0x00,
	0x00, 0x00, 0x00, 0x00, 0x00, 0x00, 0x00, 0x00, 0x00, 0x00, 0x14, 0x00, 0x00, 0x00, 0x00, 0x00,
	0x00, 0x00, 0x00, 0x00, 0x00, 0x00, 0x00, 0x00, 0x00, 0x00, 0x00, 0x00, 0x00, 0x00, 0x00, 0x00,
	0x00, 0x00, 0x14, 0x00, 0x00, 0x00, 0x00, 0x00, 0x00, 0x00, 0x00, 0x00, 0x0E, 0x00, 0x3E, 0x00,
	0x00, 0x00, 0xE0, 0xC1, 0x00, 0x00, 0x0F, 0x00, 0x0E, 0x00, 0x3C, 0x00, 0x00, 0x00, 0xE0, 0x01,
	0x00, 0x00, 0x00, 0x00, 0x40, 0x2F, 0x3F, 0x78, 0x9F, 0x01, 0x00, 0x00, 0x00, 0x00, 0x00, 0x00,
	0x0B, 0x00, 0x7C, 0x00, 0x0C, 0x00, 0x08, 0x00, 0x00, 0x00, 0xDE, 0x1B, 0x40, 0x08, 0x41, 0x00,
	0x00, 0x00, 0x00, 0x00, 0x00, 0x00, 0x00, 0x00, 0xDC, 0x00, 0x7E, 0xC0, 0x00, 0x00, 0x00, 0x00,
	0x00, 0x00, 0x80, 0x0B, 0x2E, 0x00, 0x3E, 0x00, 0x00, 0x00, 0xE0, 0xC1, 0x00, 0xC0, 0x03, 0x00,
	0x00, 0x00, 0x00, 0x00, 0x00, 0x00, 0x00, 0x00, 0x00, 0x00, 0x00, 0x00, 0x00, 0x00, 0x14, 0x00,
	0x00, 0x00, 0x00, 0x00, 0x00, 0x00, 0x00, 0x00, 0x0E, 0x00, 0x3E, 0x00, 0x00, 0x00, 0xE0, 0xC1,
	0x00, 0xA0, 0x0F, 0x00, 0x0E, 0x00, 0x3C, 0x00, 0x00, 0x00, 0xE0, 0x01, 0x00, 0xA0, 0x00, 0x00,
	0x40, 0x2F, 0x3F, 0x78, 0x9F, 0x01, 0x00, 0x00, 0x00, 0x00, 0x00, 0x00, 0x0B, 0x00, 0x7C, 0x00,
	0x0C, 0x00, 0x08, 0x00, 0x00, 0x00, 0xDE, 0x1B, 0x40, 0x08, 0x41, 0x00, 0x00, 0x00, 0x00, 0x00,
	0x00, 0x00, 0x00, 0x00, 0xDC, 0x00, 0x7E, 0xC0, 0x00, 0x00, 0x00, 0x00, 0x00, 0x00, 0x80, 0x0B,
	0x2E, 0x00, 0x3E, 0x00, 0x00, 0x00, 0xE0, 0xC1, 0x00, 0x60, 0x04, 0x00, 0x00, 0x00, 0x00, 0x00,
	0x00, 0x00, 0x00, 0x00, 0x00, 0x00, 0x00, 0x00, 0x00, 0x00, 0x14, 0x00, 0x00, 0x00, 0x00, 0x00,
	0x00, 0x00, 0x00, 0x00, 0x0E, 0x00, 0x3E, 0x00, 0x00, 0x00, 0xE0, 0xC1, 0x00, 0x40, 0x10, 0x00,
	0x0E, 0x00, 0x3C, 0x00, 0x00, 0x00, 0xE0, 0x01, 0x00, 0x40, 0x01, 0x00, 0x40, 0x2F, 0x3F, 0x78,
	0x9F, 0x01, 0x00, 0x00, 0x00, 0x00, 0x00, 0x00, 0x0B, 0x00, 0x7C, 0x00, 0x0C, 0x00, 0x08, 0x00,
	0x00, 0x00, 0xDE, 0x1B, 0x40, 0x08, 0x41, 0x00, 0x00, 0x00, 0x00, 0x00, 0x00, 0x00, 0x00, 0x00,
	0xDC, 0x00, 0x7E, 0xC0, 0x00, 0x00, 0x00, 0x00, 0x00, 0x00, 0x80, 0x0B, 0x2E, 0x00, 0x3E, 0x00,
	0x00, 0x00, 0xE0, 0xC1, 0x00, 0x00, 0x05, 0x00, 0x00, 0x00, 0x00, 0x00, 0x00, 0x00, 0x00, 0x00,
	0x00, 0x00, 0x00, 0x00, 0x00, 0x00, 0x14, 0x00, 0x00, 0x00, 0x00, 0x00, 0x00, 0x00, 0x00, 0x00,
	0x00, 0x00, 0x00, 0x00, 0x00, 0x00, 0x00, 0x00, 0x00, 0x00, 0x00, 0x00, 0x00, 0x00, 0x14, 0x00,
	0x00, 0x00, 0x00, 0x00, 0x00, 0x00, 0x00, 0x00, 0x0E, 0x00, 0x31, 0x00, 0x00, 0x00, 0xE0, 0x81,
	0x00, 0x80, 0x07, 0x00, 0x28, 0x00, 0x00, 0x00, 0x00, 0x00, 0x00, 0x00, 0x00, 0x00, 0x00, 0x00,
	0x38, 0x00, 0x00, 0x00, 0x00, 0x00, 0x00, 0x00, 0x00, 0x00, 0x44, 0x33, 0x16, 0x00, 0x00, 0x00,
	0x00, 0x00, 0x40, 0x00, 0x00, 0x28, 0x03, 0x00, 0x26, 0x00, 0x00, 0x00, 0x02, 0x00, 0x02, 0x00,
	0x00, 0x0B, 0x00, 0x00, 0x29, 0x00, 0x58, 0x5C, 0x1C, 0x20, 0x01, 0x00, 0x00, 0x80, 0x00, 0x00,
	0x16, 0x20, 0x01, 0x00, 0x00, 0x00, 0x40, 0x00, 0x10, 0x38, 0x03, 0x00, 0x26, 0x00, 0x00, 0x00,
	0x00, 0x00, 0x02, 0x00, 0x3C, 0x0C, 0x00, 0x00, 0x29, 0x1E, 0x58, 0x5C, 0x1C, 0x20, 0x01, 0x12,
	0x7C, 0x80, 0x00, 0x00, 0x40, 0xE7, 0x5F, 0x00, 0x00, 0x00, 0x00, 0x00, 0x00, 0x00, 0x00, 0x00,
	0xDC, 0x80, 0x80, 0x00, 0x01, 0x00, 0x00, 0x00, 0x00, 0x00, 0xC0, 0x0B, 0x2E, 0x80, 0x34, 0x00,
	0x00, 0x00, 0xE0, 0x01, 0x01, 0x00, 0x00, 0x00, 0x00, 0x00, 0x00, 0x00, 0x00, 0x00, 0x00, 0x00,
	0x00, 0x00, 0x00, 0x00, 0x00, 0x00, 0x14, 0x00, 0x00, 0x00, 0x00, 0x00, 0x00, 0x00, 0x00, 0x00,
	0x0E, 0x00, 0x31, 0x00, 0x00, 0x00, 0xE0, 0x81, 0x00, 0xF8, 0x07, 0x00, 0x28, 0x00, 0x00, 0x00,
	0x00, 0x00, 0x00, 0x00, 0x00, 0x00, 0x00, 0x00, 0x38, 0x00, 0x00, 0x00, 0x00, 0x00, 0x00, 0x00,
	0x00, 0x00, 0x44, 0x33, 0x16, 0x00, 0x00, 0x00, 0x00, 0x00, 0x40, 0x00, 0x00, 0x28, 0x03, 0x00,
	0x26, 0x00, 0x00, 0x00, 0x02, 0x00, 0x02, 0x00, 0x14, 0x0B, 0x00, 0x00, 0x29, 0x00, 0x58, 0x5C,
	0x1C, 0x20, 0x01, 0x00, 0x14, 0x80, 0x00, 0x00, 0x16, 0x20, 0x01, 0x00, 0x00, 0x00, 0x40, 0x00,
	0x10, 0x38, 0x03, 0x00, 0x26, 0x00, 0x00, 0x00, 0x00, 0x00, 0x02, 0x00, 0x28, 0x0C, 0x00, 0x00,
	0x29, 0x1E, 0x58, 0x5C, 0x1C, 0x20, 0x01, 0x12, 0x68, 0x80, 0x00, 0x00, 0x40, 0xE7, 0x5F, 0x00,
	0x00, 0x00, 0x00, 0x00, 0x00, 0x00, 0x00, 0x00, 0xDC, 0x80, 0x80, 0x00, 0x01, 0x00, 0x00, 0x00,
	0x00, 0x00, 0xC0, 0x0B, 0x2E, 0x80, 0x34, 0x00, 0x00, 0x00, 0xE0, 0x01, 0x01, 0x78, 0x00, 0x00,
	0x00, 0x00, 0x00, 0x00, 0x00, 0x00, 0x00, 0x00, 0x00, 0x00, 0x00, 0x00, 0x00, 0x00, 0x14, 0x00,
	0x00, 0x00, 0x00, 0x00, 0x00, 0x00, 0x00, 0x00, 0x0E, 0x00, 0x31, 0x00, 0x00, 0x00, 0xE0, 0x81,
	0x00, 0x70, 0x08, 0x00, 0x28, 0x00, 0x00, 0x00, 0x00, 0x00, 0x00, 0x00, 0x00, 0x00, 0x00, 0x00,
	0x38, 0x00, 0x00, 0x00, 0x00, 0x00, 0x00, 0x00, 0x00, 0x00, 0x44, 0x33, 0x16, 0x00, 0x00, 0x00,
	0x00, 0x00, 0x40, 0x00, 0x00, 0x28, 0x03, 0x00, 0x26, 0x00, 0x00, 0x00, 0x02, 0x00, 0x02, 0x00,
	0x00, 0x0B, 0x00, 0x00, 0x29, 0x00, 0x58, 0x5C, 0x1C, 0x20, 0x01, 0x00, 0x00, 0x80, 0x00, 0x00,
	0x16, 0x20, 0x01, 0x00, 0x00, 0x00, 0x40, 0x00, 0x10, 0x38, 0x03, 0x00, 0x26, 0x00, 0x00, 0x00,
	0x00, 0x00, 0x02, 0x00, 0x3C, 0x0C, 0x00, 0x00, 0x29, 0x1E, 0x58, 0x5C, 0x1C, 0x20, 0x01, 0x12,
	0x7C, 0x80, 0x00, 0x00, 0x40, 0xE7, 0x5F, 0x00, 0x00, 0x00, 0x00, 0x00, 0x00, 0x00, 0x00, 0x00,
	0xDC, 0x80, 0x80, 0x00, 0x01, 0x00, 0x00, 0x00, 0x00, 0x00, 0xC0, 0x0B, 0x2E, 0x80, 0x34, 0x00,
	0x00, 0x00, 0xE0, 0x01, 0x01, 0xF0, 0x00, 0x00, 0x00, 0x00, 0x00, 0x00, 0x00, 0x00, 0x00, 0x00,
	0x00, 0x00, 0x00, 0x00, 0x00, 0x00, 0x14, 0x00, 0x00, 0x00, 0x00, 0x00, 0x00, 0x00, 0x00, 0x00,
	0x0E, 0x00, 0x31, 0x00, 0x00, 0x00, 0xE0, 0x81, 0x00, 0xE8, 0x08, 0x00, 0x28, 0x00, 0x00, 0x00,
	0x00, 0x00, 0x00, 0x00, 0x00, 0x00, 0x00, 0x00, 0x38, 0x00, 0x00, 0x00, 0x00, 0x00, 0x00, 0x00,
	0x00, 0x00, 0x44, 0x33, 0x16, 0x00, 0x00, 0x00, 0x00, 0x00, 0x40, 0x00, 0x00, 0x28, 0x03, 0x00,
	0x26, 0x00, 0x00, 0x00, 0x02, 0x00, 0x02, 0x00, 0x14, 0x0B, 0x00, 0x00, 0x29, 0x00, 0x58, 0x5C,
	0x1C, 0x20, 0x01, 0x00, 0x14, 0x80, 0x00, 0x00, 0x16, 0x20, 0x01, 0x00, 0x00, 0x00, 0x40, 0x00,
	0x10, 0x38, 0x03, 0x00, 0x26, 0x00, 0x00, 0x00, 0x00, 0x00, 0x02, 0x00, 0x28, 0x0C, 0x00, 0x00,
	0x29, 0x1E, 0x58, 0x5C, 0x1C, 0x20, 0x01, 0x12, 0x68, 0x80, 0x00, 0x00, 0x40, 0xE7, 0x5F, 0x00,
	0x00, 0x00, 0x00, 0x00, 0x00, 0x00, 0x00, 0x00, 0xDC, 0x80, 0x80, 0x00, 0x01, 0x00, 0x00, 0x00,
	0x00, 0x00, 0xC0, 0x0B, 0x2E, 0x80, 0x34, 0x00, 0x00, 0x00, 0xE0, 0x01, 0x01, 0x68, 0x01, 0x00,
	0x00, 0x00, 0x00, 0x00, 0x00, 0x00, 0x00, 0x00, 0x00, 0x00, 0x00, 0x00, 0x00, 0x00, 0x14, 0x00,
	0x00, 0x00, 0x00, 0x00, 0x00, 0x00, 0x00, 0x00, 0x00, 0x00, 0x00, 0x00, 0x00, 0x00, 0x00, 0x00,
	0x00, 0x00, 0x00, 0x00, 0x00, 0x00, 0x14, 0x00, 0x00, 0x00, 0x00, 0x00, 0x00, 0x00, 0x00, 0x00,
	0x0E, 0x00, 0x0B, 0x00, 0x00, 0x00, 0xE0, 0x01, 0x01, 0xC0, 0x03, 0x00, 0x0D, 0x00, 0x84, 0x00,
	0x00, 0x00, 0x0C, 0x00, 0x00, 0x00, 0x00, 0x01, 0x0E, 0x00, 0x0B, 0x00, 0x00, 0x00, 0xE0, 0x01,
	0x01, 0x00, 0x00, 0x00, 0x0D, 0x00, 0x85, 0x00, 0x00, 0x00, 0x0C, 0x00, 0x00, 0x00, 0x02, 0x01,
	0x28, 0x00, 0x00, 0x00, 0x00, 0x00, 0x00, 0x00, 0x00, 0x00, 0x00, 0x00, 0x38, 0x00, 0x00, 0x00,
	0x00, 0x00, 0x00, 0x00, 0x00, 0x00, 0x46, 0x33, 0x16, 0x00, 0x00, 0x00, 0x00, 0x00, 0x40, 0x00,
	0x00, 0x48, 0x03, 0x00, 0x26, 0x00, 0x00, 0x00, 0x02, 0x00, 0x02, 0x00, 0x00, 0x0C, 0x00, 0x00,
	0x29, 0x70, 0x88, 0x8C, 0x1C, 0x00, 0x00, 0x00, 0x00, 0x80, 0x00, 0x00, 0x16, 0x20, 0x01, 0x00,
	0x00, 0x00, 0x40, 0x00, 0x10, 0x58, 0x03, 0x00, 0x26, 0x00, 0x00, 0x00, 0x00, 0x00, 0x02, 0x00,
	0x3C, 0x0D, 0x00, 0x00, 0x29, 0x84, 0x88, 0x8C, 0x1C, 0x00, 0x00, 0x12, 0x7C, 0x80, 0x00, 0x00,
	0x16, 0x00, 0x00, 0x00, 0x00, 0x00, 0x40, 0x00, 0x00, 0x68, 0x03, 0x00, 0x26, 0x00, 0x00, 0x00,
	0x02, 0x00, 0x02, 0x00, 0x14, 0x0D, 0x00, 0x00, 0x29, 0x98, 0x88, 0x8C, 0x1C, 0x00, 0x00, 0x00,
	0x14, 0x80, 0x00, 0x00, 0x16, 0x20, 0x01, 0x00, 0x00, 0x00, 0x40, 0x00, 0x10, 0x78, 0x03, 0x00,
	0x26, 0x00, 0x00, 0x00, 0x00, 0x00, 0x02, 0x00, 0x28, 0x0E, 0x00, 0x00, 0x29, 0xAC, 0x88, 0x8C,
	0x1C, 0x00, 0x00, 0x12, 0x68, 0x80, 0x00, 0x00, 0x2E, 0x00, 0x46, 0x00, 0x00, 0x00, 0xE0, 0xC1,
	0x00, 0x80, 0x07, 0x00, 0x00, 0x00, 0x00, 0x00, 0x00, 0x00, 0x00, 0x00, 0x00, 0x00, 0x00, 0x00,
	0x00, 0x00, 0x14, 0x00, 0x00, 0x00, 0x00, 0x00, 0x00, 0x00, 0x00, 0x00, 0x0E, 0x00, 0x0B, 0x00,
	0x00, 0x00, 0xE0, 0x01, 0x01, 0x10, 0x04, 0x00, 0x0D, 0x00, 0x84, 0x00, 0x00, 0x00, 0x0C, 0x00,
	0x00, 0x00, 0x00, 0x01, 0x0E, 0x00, 0x0B, 0x00, 0x00, 0x00, 0xE0, 0x01, 0x01, 0x50, 0x00, 0x00,
	0x0D, 0x00, 0x85, 0x00, 0x00, 0x00, 0x0C, 0x00, 0x00, 0x00, 0x02, 0x01, 0x28, 0x00, 0x00, 0x00,
	0x00, 0x00, 0x00, 0x00, 0x00, 0x00, 0x00, 0x00, 0x38, 0x00, 0x00, 0x00, 0x00, 0x00, 0x00, 0x00,
	0x00, 0x00, 0x46, 0x33, 0x16, 0x00, 0x00, 0x00, 0x00, 0x00, 0x40, 0x00, 0x00, 0x48, 0x03, 0x00,
	0x26, 0x00, 0x00, 0x00, 0x02, 0x00, 0x02, 0x00, 0x00, 0x0C, 0x00, 0x00, 0x29, 0x70, 0x88, 0x8C,
	0x1C, 0x00, 0x00, 0x00, 0x00, 0x80, 0x00, 0x00, 0x16, 0x20, 0x01, 0x00, 0x00, 0x00, 0x40, 0x00,
	0x10, 0x58, 0x03, 0x00, 0x26, 0x00, 0x00, 0x00, 0x00, 0x00, 0x02, 0x00, 0x3C, 0x0D, 0x00, 0x00,
	0x29, 0x84, 0x88, 0x8C, 0x1C, 0x00, 0x00, 0x12, 0x7C, 0x80, 0x00, 0x00, 0x16, 0x00, 0x00, 0x00,
	0x00, 0x00, 0x40, 0x00, 0x00, 0x68, 0x03, 0x00, 0x26, 0x00, 0x00, 0x00, 0x02, 0x00, 0x02, 0x00,
	0x14, 0x0D, 0x00, 0x00, 0x29, 0x98, 0x88, 0x8C, 0x1C, 0x00, 0x00, 0x00, 0x14, 0x80, 0x00, 0x00,
	0x16, 0x20, 0x01, 0x00, 0x00, 0x00, 0x40, 0x00, 0x10, 0x78, 0x03, 0x00, 0x26, 0x00, 0x00, 0x00,
	0x00, 0x00, 0x02, 0x00, 0x28, 0x0E, 0x00, 0x00, 0x29, 0xAC, 0x88, 0x8C, 0x1C, 0x00, 0x00, 0x12,
	0x68, 0x80, 0x00, 0x00, 0x2E, 0x00, 0x46, 0x00, 0x00, 0x00, 0xE0, 0xC1, 0x00, 0xD0, 0x07, 0x00,
	0x00, 0x00, 0x00, 0x00, 0x00, 0x00, 0x00, 0x00, 0x00, 0x00, 0x00, 0x00, 0x00, 0x00, 0x14, 0x00,
	0x00, 0x00, 0x00, 0x00, 0x00, 0x00, 0x00, 0x00, 0x0E, 0x00, 0x0B, 0x00, 0x00, 0x00, 0xE0, 0x01,
	0x01, 0x60, 0x04, 0x00, 0x0D, 0x00, 0x84, 0x00, 0x00, 0x00, 0x0C, 0x00, 0x00, 0x00, 0x00, 0x01,
	0x0E, 0x00, 0x0B, 0x00, 0x00, 0x00, 0xE0, 0x01, 0x01, 0xA0, 0x00, 0x00, 0x0D, 0x00, 0x85, 0x00,
	0x00, 0x00, 0x0C, 0x00, 0x00, 0x00, 0x02, 0x01, 0x28, 0x00, 0x00, 0x00, 0x00, 0x00, 0x00, 0x00,
	0x00, 0x00, 0x00, 0x00, 0x38, 0x00, 0x00, 0x00, 0x00, 0x00, 0x00, 0x00, 0x00, 0x00, 0x46, 0x33,
	0x16, 0x00, 0x00, 0x00, 0x00, 0x00, 0x40, 0x00, 0x00, 0x48, 0x03, 0x00, 0x26, 0x00, 0x00, 0x00,
	0x02, 0x00, 0x02, 0x00, 0x00, 0x0C, 0x00, 0x00, 0x29, 0x70, 0x88, 0x8C, 0x1C, 0x00, 0x00, 0x00,
	0x00, 0x80, 0x00, 0x00, 0x16, 0x20, 0x01, 0x00, 0x00, 0x00, 0x40, 0x00, 0x10, 0x58, 0x03, 0x00,
	0x26, 0x00, 0x00, 0x00, 0x00, 0x00, 0x02, 0x00, 0x3C, 0x0D, 0x00, 0x00, 0x29, 0x84, 0x88, 0x8C,
	0x1C, 0x00, 0x00, 0x12, 0x7C, 0x80, 0x00, 0x00, 0x16, 0x00, 0x00, 0x00, 0x00, 0x00, 0x40, 0x00,
	0x00, 0x68, 0x03, 0x00, 0x26, 0x00, 0x00, 0x00, 0x02, 0x00, 0x02, 0x00, 0x14, 0x0D, 0x00, 0x00,
	0x29, 0x98, 0x88, 0x8C, 0x1C, 0x00, 0x00, 0x00, 0x14, 0x80, 0x00, 0x00, 0x16, 0x20, 0x01, 0x00,
	0x00, 0x00, 0x40, 0x00, 0x10, 0x78, 0x03, 0x00, 0x26, 0x00, 0x00, 0x00, 0x00, 0x00, 0x02, 0x00,
	0x28, 0x0E, 0x00, 0x00, 0x29, 0xAC, 0x88, 0x8C, 0x1C, 0x00, 0x00, 0x12, 0x68, 0x80, 0x00, 0x00,
	0x2E, 0x00, 0x46, 0x00, 0x00, 0x00, 0xE0, 0xC1, 0x00, 0x20, 0x08, 0x00, 0x00, 0x00, 0x00, 0x00,
	0x00, 0x00, 0x00, 0x00, 0x00, 0x00, 0x00, 0x00, 0x00, 0x00, 0x14, 0x00, 0x00, 0x00, 0x00, 0x00,
	0x00, 0x00, 0x00, 0x00, 0x0E, 0x00, 0x0B, 0x00, 0x00, 0x00, 0xE0, 0x01, 0x01, 0xB0, 0x04, 0x00,
	0x0D, 0x00, 0x84, 0x00, 0x00, 0x00, 0x0C, 0x00, 0x00, 0x00, 0x00, 0x01, 0x0E, 0x00, 0x0B, 0x00,
	0x00, 0x00, 0xE0, 0x01, 0x01, 0xF0, 0x00, 0x00, 0x0D, 0x00, 0x85, 0x00, 0x00, 0x00, 0x0C, 0x00,
	0x00, 0x00, 0x02, 0x01, 0x28, 0x00, 0x00, 0x00, 0x00, 0x00, 0x00, 0x00, 0x00, 0x00, 0x00, 0x00,
	0x38, 0x00, 0x00, 0x00, 0x00, 0x00, 0x00, 0x00, 0x00, 0x00, 0x46, 0x33, 0x16, 0x00, 0x00, 0x00,
	0x00, 0x00, 0x40, 0x00, 0x00, 0x48, 0x03, 0x00, 0x26, 0x00, 0x00, 0x00, 0x02, 0x00, 0x02, 0x00,
	0x00, 0x0C, 0x00, 0x00, 0x29, 0x70, 0x88, 0x8C, 0x1C, 0x00, 0x00, 0x00, 0x00, 0x80, 0x00, 0x00,
	0x16, 0x20, 0x01, 0x00, 0x00, 0x00, 0x40, 0x00, 0x10, 0x58, 0x03, 0x00, 0x26, 0x00, 0x00, 0x00,
	0x00, 0x00, 0x02, 0x00, 0x3C, 0x0D, 0x00, 0x00, 0x29, 0x84, 0x88, 0x8C, 0x1C, 0x00, 0x00, 0x12,
	0x7C, 0x80, 0x00, 0x00, 0x16, 0x00, 0x00, 0x00, 0x00, 0x00, 0x40, 0x00, 0x00, 0x68, 0x03, 0x00,
	0x26, 0x00, 0x00, 0x00, 0x02, 0x00, 0x02, 0x00, 0x14, 0x0D, 0x00, 0x00, 0x29, 0x98, 0x88, 0x8C,
	0x1C, 0x00, 0x00, 0x00, 0x14, 0x80, 0x00, 0x00, 0x16, 0x20, 0x01, 0x00, 0x00, 0x00, 0x40, 0x00,
	0x10, 0x78, 0x03, 0x00, 0x26, 0x00, 0x00, 0x00, 0x00, 0x00, 0x02, 0x00, 0x28, 0x0E, 0x00, 0x00,
	0x29, 0xAC, 0x88, 0x8C, 0x1C, 0x00, 0x00, 0x12, 0x68, 0x80, 0x00, 0x00, 0x2E, 0x00, 0x46, 0x00,
	0x00, 0x00, 0xE0, 0xC1, 0x00, 0x70, 0x08, 0x00, 0x00, 0x00, 0x00, 0x00, 0x00, 0x00, 0x00, 0x00,
	0x00, 0x00, 0x00, 0x00, 0x00, 0x00, 0x14, 0x00, 0x00, 0x00, 0x00, 0x00, 0x00, 0x00, 0x00, 0x00,
	0x0E, 0x00, 0x0B, 0x00, 0x00, 0x00, 0xE0, 0x01, 0x01, 0x00, 0x05, 0x00, 0x0D, 0x00, 0x84, 0x00,
	0x00, 0x00, 0x0C, 0x00, 0x00, 0x00, 0x00, 0x01, 0x0E, 0x00, 0x0B, 0x00, 0x00, 0x00, 0xE0, 0x01,
	0x01, 0x40, 0x01, 0x00, 0x0D, 0x00, 0x85, 0x00, 0x00, 0x00, 0x0C, 0x00, 0x00, 0x00, 0x02, 0x01,
	0x28, 0x00, 0x00, 0x00, 0x00, 0x00, 0x00, 0x00, 0x00, 0x00, 0x00, 0x00, 0x38, 0x00, 0x00, 0x00,
	0x00, 0x00, 0x00, 0x00, 0x00, 0x00, 0x46, 0x33, 0x16, 0x00, 0x00, 0x00, 0x00, 0x00, 0x40, 0x00,
	0x00, 0x48, 0x03, 0x00, 0x26, 0x00, 0x00, 0x00, 0x02, 0x00, 0x02, 0x00, 0x00, 0x0C, 0x00, 0x00,
	0x29, 0x70, 0x88, 0x8C, 0x1C, 0x00, 0x00, 0x00, 0x00, 0x80, 0x00, 0x00, 0x16, 0x20, 0x01, 0x00,
	0x00, 0x00, 0x40, 0x00, 0x10, 0x58, 0x03, 0x00, 0x26, 0x00, 0x00, 0x00, 0x00, 0x00, 0x02, 0x00,
	0x3C, 0x0D, 0x00, 0x00, 0x29, 0x84, 0x88, 0x8C, 0x1C, 0x00, 0x00, 0x12, 0x7C, 0x80, 0x00, 0x00,
	0x16, 0x00, 0x00, 0x00, 0x00, 0x00, 0x40, 0x00, 0x00, 0x68, 0x03, 0x00, 0x26, 0x00, 0x00, 0x00,
	0x02, 0x00, 0x02, 0x00, 0x14, 0x0D, 0x00, 0x00, 0x29, 0x98, 0x88, 0x8C, 0x1C, 0x00, 0x00, 0x00,
	0x14, 0x80, 0x00, 0x00, 0x16, 0x20, 0x01, 0x00, 0x00, 0x00, 0x40, 0x00, 0x10, 0x78, 0x03, 0x00,
	0x26, 0x00, 0x00, 0x00, 0x00, 0x00, 0x02, 0x00, 0x28, 0x0E, 0x00, 0x00, 0x29, 0xAC, 0x88, 0x8C,
	0x1C, 0x00, 0x00, 0x12, 0x68, 0x80, 0x00, 0x00, 0x2E, 0x00, 0x46, 0x00, 0x00, 0x00, 0xE0, 0xC1,
	0x00, 0xC0, 0x08, 0x00, 0x00, 0x00, 0x00, 0x00, 0x00, 0x00, 0x00, 0x00, 0x00, 0x00, 0x00, 0x00,
	0x00, 0x00, 0x14, 0x00, 0x00, 0x00, 0x00, 0x00, 0x00, 0x00, 0x00, 0x00, 0x0E, 0x00, 0x0B, 0x00,
	0x00, 0x00, 0xE0, 0x01, 0x01, 0x50, 0x05, 0x00, 0x0D, 0x00, 0x84, 0x00, 0x00, 0x00, 0x0C, 0x00,
	0x00, 0x00, 0x00, 0x01, 0x0E, 0x00, 0x0B, 0x00, 0x00, 0x00, 0xE0, 0x01, 0x01, 0x90, 0x01, 0x00,
	0x0D, 0x00, 0x85, 0x00, 0x00, 0x00, 0x0C, 0x00, 0x00, 0x00, 0x02, 0x01, 0x28, 0x00, 0x00, 0x00,
	0x00, 0x00, 0x00, 0x00, 0x00, 0x00, 0x00, 0x00, 0x38, 0x00, 0x00, 0x00, 0x00, 0x00, 0x00, 0x00,
	0x00, 0x00, 0x46, 0x33, 0x16, 0x00, 0x00, 0x00, 0x00, 0x00, 0x40, 0x00, 0x00, 0x48, 0x03, 0x00,
	0x26, 0x00, 0x00, 0x00, 0x02, 0x00, 0x02, 0x00, 0x00, 0x0C, 0x00, 0x00, 0x29, 0x70, 0x88, 0x8C,
	0x1C, 0x00, 0x00, 0x00, 0x00, 0x80, 0x00, 0x00, 0x16, 0x20, 0x01, 0x00, 0x00, 0x00, 0x40, 0x00,
	0x10, 0x58, 0x03, 0x00, 0x26, 0x00, 0x00, 0x00, 0x00, 0x00, 0x02, 0x00, 0x3C, 0x0D, 0x00, 0x00,
	0x29, 0x84, 0x88, 0x8C, 0x1C, 0x00, 0x00, 0x12, 0x7C, 0x80, 0x00, 0x00, 0x16, 0x00, 0x00, 0x00,
	0x00, 0x00, 0x40, 0x00, 0x00, 0x68, 0x03, 0x00, 0x26, 0x00, 0x00, 0x00, 0x02, 0x00, 0x02, 0x00,
	0x14, 0x0D, 0x00, 0x00, 0x29, 0x98, 0x88, 0x8C, 0x1C, 0x00, 0x00, 0x00, 0x14, 0x80, 0x00, 0x00,
	0x16, 0x20, 0x01, 0x00, 0x00, 0x00, 0x40, 0x00, 0x10, 0x78, 0x03, 0x00, 0x26, 0x00, 0x00, 0x00,
	0x00, 0x00, 0x02, 0x00, 0x28, 0x0E, 0x00, 0x00, 0x29, 0xAC, 0x88, 0x8C, 0x1C, 0x00, 0x00, 0x12,
	0x68, 0x80, 0x00, 0x00, 0x2E, 0x00, 0x46, 0x00, 0x00, 0x00, 0xE0, 0xC1, 0x00, 0x10, 0x09, 0x00,
	0x00, 0x00, 0x00, 0x00, 0x00, 0x00, 0x00, 0x00, 0x00, 0x00, 0x00, 0x00, 0x00, 0x00, 0x14, 0x00,
	0x00, 0x00, 0x00, 0x00, 0x00, 0x00, 0x00, 0x00, 0x00, 0x00, 0x00, 0x00, 0x00, 0x00, 0x00, 0x00,
	0x00, 0x00, 0x00, 0x00, 0x00, 0x00, 0x14, 0x00, 0x00, 0x00, 0x00, 0x00, 0x00, 0x00, 0x00, 0x00,
	0x0E, 0x00, 0x44, 0x00, 0x00, 0x00, 0xE0, 0x01, 0x00, 0x80, 0x07, 0x00, 0x28, 0x00, 0x00, 0x00,
	0x00, 0x00, 0x00, 0x00, 0x00, 0x00, 0x00, 0x00, 0x38, 0x00, 0x00, 0x00, 0x00, 0x00, 0x00, 0x00,
	0x00, 0x00, 0x08, 0x33, 0x16, 0x00, 0x00, 0x00, 0x00, 0x00, 0x40, 0x02, 0x00, 0x88, 0x03, 0x00,
	0x26, 0x00, 0x00, 0x00, 0x02, 0x00, 0x02, 0x00, 0x00, 0x0E, 0x00, 0x00, 0x29, 0x98, 0x90, 0x8C,
	0x04, 0x00, 0x00, 0x00, 0x00, 0x80, 0x00, 0x00, 0x16, 0x20, 0x01, 0x00, 0x00, 0x00, 0x40, 0x02,
	0x10, 0x18, 0x04, 0x00, 0x26, 0x00, 0x00, 0x00, 0x00, 0x00, 0x02, 0x00, 0x3C, 0x0F, 0x00, 0x00,
	0x29, 0x9D, 0x90, 0x8C, 0x04, 0x00, 0x00, 0x12, 0x7C, 0x80, 0x00, 0x00, 0x16, 0x00, 0x00, 0x00,
	0x00, 0x00, 0x40, 0x02, 0x00, 0xA8, 0x04, 0x00, 0x26, 0x00, 0x00, 0x00, 0x02, 0x00, 0x02, 0x00,
	0x14, 0x0F, 0x00, 0x00, 0x29, 0xA2, 0x90, 0x8C, 0x04, 0x00, 0x00, 0x00, 0x14, 0x80, 0x00, 0x00,
	0x16, 0x20, 0x01, 0x00, 0x00, 0x00, 0x40, 0x02, 0x10, 0x38, 0x05, 0x00, 0x26, 0x00, 0x00, 0x00,
	0x00, 0x00, 0x02, 0x00, 0x28, 0x10, 0x00, 0x00, 0x29, 0xA7, 0x90, 0x8C, 0x04, 0x00, 0x00, 0x12,
	0x68, 0x80, 0x00, 0x00, 0x16, 0x00, 0x00, 0x00, 0x00, 0x00, 0x40, 0x02, 0x00, 0xC8, 0x05, 0x00,
	0x26, 0x00, 0x00, 0x00, 0x02, 0x00, 0x02, 0x00, 0x00, 0x10, 0x00, 0x00, 0x29, 0xAC, 0x90, 0x8C,
	0x04, 0x00, 0x00, 0x00, 0x00, 0x80, 0x00, 0x00, 0x16, 0x20, 0x01, 0x00, 0x00, 0x00, 0x40, 0x02,
	0x10, 0x58, 0x06, 0x00, 0x26, 0x00, 0x00, 0x00, 0x00, 0x00, 0x02, 0x00, 0x3C, 0x11, 0x00, 0x00,
	0x29, 0xB1, 0x90, 0x8C, 0x04, 0x00, 0x00, 0x12, 0x7C, 0x80, 0x00, 0x00, 0x16, 0x00, 0x00, 0x00,
	0x00, 0x00, 0x40, 0x02, 0x00, 0xE8, 0x06, 0x00, 0x26, 0x00, 0x00, 0x00, 0x02, 0x00, 0x02, 0x00,
	0x14, 0x11, 0x00, 0x00, 0x29, 0xB6, 0x90, 0x8C, 0x04, 0x00, 0x00, 0x00, 0x14, 0x80, 0x00, 0x00,
	0x16, 0x20, 0x01, 0x00, 0x00, 0x00, 0x40, 0x02, 0x10, 0x78, 0x07, 0x00, 0x26, 0x00, 0x00, 0x00,
	0x00, 0x00, 0x02, 0x00, 0x28, 0x12, 0x00, 0x00, 0x29, 0xBB, 0x90, 0x8C, 0x04, 0x00, 0x00, 0x12,
	0x68, 0x80, 0x00, 0x00, 0x2E, 0x00, 0x4B, 0x00, 0x00, 0x00, 0x78, 0x00, 0x01, 0x00, 0x00, 0x00,
	0x00, 0x00, 0x00, 0x00, 0x00, 0x00, 0x00, 0x00, 0x00, 0x00, 0x00, 0x00, 0x00, 0x00, 0x14, 0x00,
	0x00, 0x00, 0x00, 0x00, 0x00, 0x00, 0x00, 0x00, 0x0E, 0x00, 0x4C, 0x00, 0x00, 0x00, 0xE0, 0x01,
	0x00, 0xC6, 0x07, 0x00, 0x28, 0x00, 0x00, 0x00, 0x00, 0x00, 0x00, 0x00, 0x00, 0x00, 0x00, 0x00,
	0x38, 0x00, 0x00, 0x00, 0x00, 0x00, 0x00, 0x00, 0x00, 0x00, 0x08, 0x33, 0x16, 0x00, 0x00, 0x00,
	0x00, 0x00, 0x40, 0x02, 0x00, 0x88, 0x03, 0x00, 0x26, 0x00, 0x00, 0x00, 0x02, 0x00, 0x02, 0x00,
	0x00, 0x0E, 0x00, 0x00, 0x29, 0x98, 0x90, 0x94, 0x10, 0x00, 0x00, 0x00, 0x00, 0x80, 0x00, 0x00,
	0x16, 0x20, 0x01, 0x00, 0x00, 0x00, 0x40, 0x02, 0x10, 0x18, 0x04, 0x00, 0x26, 0x00, 0x00, 0x00,
	0x00, 0x00, 0x02, 0x00, 0x3C, 0x0F, 0x00, 0x00, 0x29, 0x9D, 0x90, 0x94, 0x10, 0x00, 0x00, 0x12,
	0x7C, 0x80, 0x00, 0x00, 0x16, 0x00, 0x00, 0x00, 0x00, 0x00, 0x40, 0x02, 0x00, 0xA8, 0x04, 0x00,
	0x26, 0x00, 0x00, 0x00, 0x02, 0x00, 0x02, 0x00, 0x14, 0x0F, 0x00, 0x00, 0x29, 0xA2, 0x90, 0x94,
	0x10, 0x00, 0x00, 0x00, 0x14, 0x80, 0x00, 0x00, 0x16, 0x20, 0x01, 0x00, 0x00, 0x00, 0x40, 0x02,
	0x10, 0x38, 0x05, 0x00, 0x26, 0x00, 0x00, 0x00, 0x00, 0x00, 0x02, 0x00, 0x28, 0x10, 0x00, 0x00,
	0x29, 0xA7, 0x90, 0x94, 0x10, 0x00, 0x00, 0x12, 0x68, 0x80, 0x00, 0x00, 0x16, 0x00, 0x00, 0x00,
	0x00, 0x00, 0x40, 0x02, 0x00, 0xC8, 0x05, 0x00, 0x26, 0x00, 0x00, 0x00, 0x02, 0x00, 0x02, 0x00,
	0x00, 0x10, 0x00, 0x00, 0x29, 0xAC, 0x90, 0x94, 0x10, 0x00, 0x00, 0x00, 0x00, 0x80, 0x00, 0x00,
	0x16, 0x20, 0x01, 0x00, 0x00, 0x00, 0x40, 0x02, 0x10, 0x58, 0x06, 0x00, 0x26, 0x00, 0x00, 0x00,
	0x00, 0x00, 0x02, 0x00, 0x3C, 0x11, 0x00, 0x00, 0x29, 0xB1, 0x90, 0x94, 0x10, 0x00, 0x00, 0x12,
	0x7C, 0x80, 0x00, 0x00, 0x16, 0x00, 0x00, 0x00, 0x00, 0x00, 0x40, 0x02, 0x00, 0xE8, 0x06, 0x00,
	0x26, 0x00, 0x00, 0x00, 0x02, 0x00, 0x02, 0x00, 0x14, 0x11, 0x00, 0x00, 0x29, 0xB6, 0x90, 0x94,
	0x10, 0x00, 0x00, 0x00, 0x14, 0x80, 0x00, 0x00, 0x16, 0x20, 0x01, 0x00, 0x00, 0x00, 0x40, 0x02,
	0x10, 0x78, 0x07, 0x00, 0x26, 0x00, 0x00, 0x00, 0x00, 0x00, 0x02, 0x00, 0x28, 0x12, 0x00, 0x00,
	0x29, 0xBB, 0x90, 0x94, 0x10, 0x00, 0x00, 0x12, 0x68, 0x80, 0x00, 0x00, 0x2E, 0x00, 0x4B, 0x00,
	0x00, 0x00, 0x78, 0x00, 0x01, 0x14, 0x00, 0x00, 0x00, 0x00, 0x00, 0x00, 0x00, 0x00, 0x00, 0x00,
	0x00, 0x00, 0x00, 0x00, 0x00, 0x00, 0x14, 0x00, 0x00, 0x00, 0x00, 0x00, 0x00, 0x00, 0x00, 0x00,
	0x0E, 0x00, 0x4C, 0x00, 0x00, 0x00, 0xE0, 0x01, 0x00, 0x16, 0x08, 0x00, 0x28, 0x00, 0x00, 0x00,
	0x00, 0x00, 0x00, 0x00, 0x00, 0x00, 0x00, 0x00, 0x38, 0x00, 0x00, 0x00, 0x00, 0x00, 0x00, 0x00,
	0x00, 0x00, 0x08, 0x33, 0x16, 0x00, 0x00, 0x00, 0x00, 0x00, 0x40, 0x02, 0x00, 0x88, 0x03, 0x00,
	0x26, 0x00, 0x00, 0x00, 0x02, 0x00, 0x02, 0x00, 0x00, 0x0E, 0x00, 0x00, 0x29, 0x98, 0x90, 0x94,
	0x10, 0x00, 0x00, 0x00, 0x00, 0x80, 0x00, 0x00, 0x16, 0x20, 0x01, 0x00, 0x00, 0x00, 0x40, 0x02,
	0x10, 0x18, 0x04, 0x00, 0x26, 0x00, 0x00, 0x00, 0x00, 0x00, 0x02, 0x00, 0x3C, 0x0F, 0x00, 0x00,
	0x29, 0x9D, 0x90, 0x94, 0x10, 0x00, 0x00, 0x12, 0x7C, 0x80, 0x00, 0x00, 0x16, 0x00, 0x00, 0x00,
	0x00, 0x00, 0x40, 0x02, 0x00, 0xA8, 0x04, 0x00, 0x26, 0x00, 0x00, 0x00, 0x02, 0x00, 0x02, 0x00,
	0x14, 0x0F, 0x00, 0x00, 0x29, 0xA2, 0x90, 0x94, 0x10, 0x00, 0x00, 0x00, 0x14, 0x80, 0x00, 0x00,
	0x16, 0x20, 0x01, 0x00, 0x00, 0x00, 0x40, 0x02, 0x10, 0x38, 0x05, 0x00, 0x26, 0x00, 0x00, 0x00,
	0x00, 0x00, 0x02, 0x00, 0x28, 0x10, 0x00, 0x00, 0x29, 0xA7, 0x90, 0x94, 0x10, 0x00, 0x00, 0x12,
	0x68, 0x80, 0x00, 0x00, 0x16, 0x00, 0x00, 0x00, 0x00, 0x00, 0x40, 0x02, 0x00, 0xC8, 0x05, 0x00,
	0x26, 0x00, 0x00, 0x00, 0x02, 0x00, 0x02, 0x00, 0x00, 0x10, 0x00, 0x00, 0x29, 0xAC, 0x90, 0x94,
	0x10, 0x00, 0x00, 0x00, 0x00, 0x80, 0x00, 0x00, 0x16, 0x20, 0x01, 0x00, 0x00, 0x00, 0x40, 0x02,
	0x10, 0x58, 0x06, 0x00, 0x26, 0x00, 0x00, 0x00, 0x00, 0x00, 0x02, 0x00, 0x3C, 0x11, 0x00, 0x00,
	0x29, 0xB1, 0x90, 0x94, 0x10, 0x00, 0x00, 0x12, 0x7C, 0x80, 0x00, 0x00, 0x16, 0x00, 0x00, 0x00,
	0x00, 0x00, 0x40, 0x02, 0x00, 0xE8, 0x06, 0x00, 0x26, 0x00, 0x00, 0x00, 0x02, 0x00, 0x02, 0x00,
	0x14, 0x11, 0x00, 0x00, 0x29, 0xB6, 0x90, 0x94, 0x10, 0x00, 0x00, 0x00, 0x14, 0x80, 0x00, 0x00,
	0x16, 0x20, 0x01, 0x00, 0x00, 0x00, 0x40, 0x02, 0x10, 0x78, 0x07, 0x00, 0x26, 0x00, 0x00, 0x00,
	0x00, 0x00, 0x02, 0x00, 0x28, 0x12, 0x00, 0x00, 0x29, 0xBB, 0x90, 0x94, 0x10, 0x00, 0x00, 0x12,
	0x68, 0x80, 0x00, 0x00, 0x2E, 0x00, 0x4B, 0x00, 0x00, 0x00, 0x78, 0x00, 0x01, 0x28, 0x00, 0x00,
	0x00, 0x00, 0x00, 0x00, 0x00, 0x00, 0x00, 0x00, 0x00, 0x00, 0x00, 0x00, 0x00, 0x00, 0x14, 0x00,
	0x00, 0x00, 0x00, 0x00, 0x00, 0x00, 0x00, 0x00, 0x0E, 0x00, 0x4C, 0x00, 0x00, 0x00, 0xE0, 0x01,
	0x00, 0x66, 0x08, 0x00, 0x28, 0x00, 0x00, 0x00, 0x00, 0x00, 0x00, 0x00, 0x00, 0x00, 0x00, 0x00,
	0x38, 0x00, 0x00, 0x00, 0x00, 0x00, 0x00, 0x00, 0x00, 0x00, 0x08, 0x33, 0x16, 0x00, 0x00, 0x00,
	0x00, 0x00, 0x40, 0x02, 0x00, 0x88, 0x03, 0x00, 0x26, 0x00, 0x00, 0x00, 0x02, 0x00, 0x02, 0x00,
	0x00, 0x0E, 0x00, 0x00, 0x29, 0x98, 0x90, 0x94, 0x10, 0x00, 0x00, 0x00, 0x00, 0x80, 0x00, 0x00,
	0x16, 0x20, 0x01, 0x00, 0x00, 0x00, 0x40, 0x02, 0x10, 0x18, 0x04, 0x00, 0x26, 0x00, 0x00, 0x00,
	0x00, 0x00, 0x02, 0x00, 0x3C, 0x0F, 0x00, 0x00, 0x29, 0x9D, 0x90, 0x94, 0x10, 0x00, 0x00, 0x12,
	0x7C, 0x80, 0x00, 0x00, 0x16, 0x00, 0x00, 0x00, 0x00, 0x00, 0x40, 0x02, 0x00, 0xA8, 0x04, 0x00,
	0x26, 0x00, 0x00, 0x00, 0x02, 0x00, 0x02, 0x00, 0x14, 0x0F, 0x00, 0x00, 0x29, 0xA2, 0x90, 0x94,
	0x10, 0x00, 0x00, 0x00, 0x14, 0x80, 0x00, 0x00, 0x16, 0x20, 0x01, 0x00, 0x00, 0x00, 0x40, 0x02,
	0x10, 0x38, 0x05, 0x00, 0x26, 0x00, 0x00, 0x00, 0x00, 0x00, 0x02, 0x00, 0x28, 0x10, 0x00, 0x00,
	0x29, 0xA7, 0x90, 0x94, 0x10, 0x00, 0x00, 0x12, 0x68, 0x80, 0x00, 0x00, 0x16, 0x00, 0x00, 0x00,
	0x00, 0x00, 0x40, 0x02, 0x00, 0xC8, 0x05, 0x00, 0x26, 0x00, 0x00, 0x00, 0x02, 0x00, 0x02, 0x00,
	0x00, 0x10, 0x00, 0x00, 0x29, 0xAC, 0x90, 0x94, 0x10, 0x00, 0x00, 0x00, 0x00, 0x80, 0x00, 0x00,
	0x16, 0x20, 0x01, 0x00, 0x00, 0x00, 0x40, 0x02, 0x10, 0x58, 0x06, 0x00, 0x26, 0x00, 0x00, 0x00,
	0x00, 0x00, 0x02, 0x00, 0x3C, 0x11, 0x00, 0x00, 0x29, 0xB1, 0x90, 0x94, 0x10, 0x00, 0x00, 0x12,
	0x7C, 0x80, 0x00, 0x00, 0x16, 0x00, 0x00, 0x00, 0x00, 0x00, 0x40, 0x02, 0x00, 0xE8, 0x06, 0x00,
	0x26, 0x00, 0x00, 0x00, 0x02, 0x00, 0x02, 0x00, 0x14, 0x11, 0x00, 0x00, 0x29, 0xB6, 0x90, 0x94,
	0x10, 0x00, 0x00, 0x00, 0x14, 0x80, 0x00, 0x00, 0x16, 0x20, 0x01, 0x00, 0x00, 0x00, 0x40, 0x02,
	0x10, 0x78, 0x07, 0x00, 0x26, 0x00, 0x00, 0x00, 0x00, 0x00, 0x02, 0x00, 0x28, 0x12, 0x00, 0x00,
	0x29, 0xBB, 0x90, 0x94, 0x10, 0x00, 0x00, 0x12, 0x68, 0x80, 0x00, 0x00, 0x2E, 0x00, 0x4B, 0x00,
	0x00, 0x00, 0x78, 0x00, 0x01, 0x3C, 0x00, 0x00, 0x00, 0x00, 0x00, 0x00, 0x00, 0x00, 0x00, 0x00,
	0x00, 0x00, 0x00, 0x00, 0x00, 0x00, 0x14, 0x00, 0x00, 0x00, 0x00, 0x00, 0x00, 0x00, 0x00, 0x00,
	0x0E, 0x00, 0x4C, 0x00, 0x00, 0x00, 0xE0, 0x01, 0x00, 0xB6, 0x08, 0x00, 0x28, 0x00, 0x00, 0x00,
	0x00, 0x00, 0x00, 0x00, 0x00, 0x00, 0x00, 0x00, 0x38, 0x00, 0x00, 0x00, 0x00, 0x00, 0x00, 0x00,
	0x00, 0x00, 0x08, 0x33, 0x16, 0x00, 0x00, 0x00, 0x00, 0x00, 0x40, 0x02, 0x00, 0x88, 0x03, 0x00,
	0x26, 0x00, 0x00, 0x00, 0x02, 0x00, 0x02, 0x00, 0x00, 0x0E, 0x00, 0x00, 0x29, 0x98, 0x90, 0x94,
	0x10, 0x00, 0x00, 0x00, 0x00, 0x80, 0x00, 0x00, 0x16, 0x20, 0x01, 0x00, 0x00, 0x00, 0x40, 0x02,
	0x10, 0x18, 0x04, 0x00, 0x26, 0x00, 0x00, 0x00, 0x00, 0x00, 0x02, 0x00, 0x3C, 0x0F, 0x00, 0x00,
	0x29, 0x9D, 0x90, 0x94, 0x10, 0x00, 0x00, 0x12, 0x7C, 0x80, 0x00, 0x00, 0x16, 0x00, 0x00, 0x00,
	0x00, 0x00, 0x40, 0x02, 0x00, 0xA8, 0x04, 0x00, 0x26, 0x00, 0x00, 0x00, 0x02, 0x00, 0x02, 0x00,
	0x14, 0x0F, 0x00, 0x00, 0x29, 0xA2, 0x90, 0x94, 0x10, 0x00, 0x00, 0x00, 0x14, 0x80, 0x00, 0x00,
	0x16, 0x20, 0x01, 0x00, 0x00, 0x00, 0x40, 0x02, 0x10, 0x38, 0x05, 0x00, 0x26, 0x00, 0x00, 0x00,
	0x00, 0x00, 0x02, 0x00, 0x28, 0x10, 0x00, 0x00, 0x29, 0xA7, 0x90, 0x94, 0x10, 0x00, 0x00, 0x12,
	0x68, 0x80, 0x00, 0x00, 0x16, 0x00, 0x00, 0x00, 0x00, 0x00, 0x40, 0x02, 0x00, 0xC8, 0x05, 0x00,
	0x26, 0x00, 0x00, 0x00, 0x02, 0x00, 0x02, 0x00, 0x00, 0x10, 0x00, 0x00, 0x29, 0xAC, 0x90, 0x94,
	0x10, 0x00, 0x00, 0x00, 0x00, 0x80, 0x00, 0x00, 0x16, 0x20, 0x01, 0x00, 0x00, 0x00, 0x40, 0x02,
	0x10, 0x58, 0x06, 0x00, 0x26, 0x00, 0x00, 0x00, 0x00, 0x00, 0x02, 0x00, 0x3C, 0x11, 0x00, 0x00,
	0x29, 0xB1, 0x90, 0x94, 0x10, 0x00, 0x00, 0x12, 0x7C, 0x80, 0x00, 0x00, 0x16, 0x00, 0x00, 0x00,
	0x00, 0x00, 0x40, 0x02, 0x00, 0xE8, 0x06, 0x00, 0x26, 0x00, 0x00, 0x00, 0x02, 0x00, 0x02, 0x00,
	0x14, 0x11, 0x00, 0x00, 0x29, 0xB6, 0x90, 0x94, 0x10, 0x00, 0x00, 0x00, 0x14, 0x80, 0x00, 0x00,
	0x16, 0x20, 0x01, 0x00, 0x00, 0x00, 0x40, 0x02, 0x10, 0x78, 0x07, 0x00, 0x26, 0x00, 0x00, 0x00,
	0x00, 0x00, 0x02, 0x00, 0x28, 0x12, 0x00, 0x00, 0x29, 0xBB, 0x90, 0x94, 0x10, 0x00, 0x00, 0x12,
	0x68, 0x80, 0x00, 0x00, 0x2E, 0x00, 0x4B, 0x00, 0x00, 0x00, 0x78, 0x00, 0x01, 0x50, 0x00, 0x00,
	0x00, 0x00, 0x00, 0x00, 0x00, 0x00, 0x00, 0x00, 0x00, 0x00, 0x00, 0x00, 0x00, 0x00, 0x14, 0x00,
	0x00, 0x00, 0x00, 0x00, 0x00, 0x00, 0x00, 0x00, 0x0E, 0x00, 0x4C, 0x00, 0x00, 0x00, 0xE0, 0x01,
	0x00, 0x06, 0x09, 0x00, 0x28, 0x00, 0x00, 0x00, 0x00, 0x00, 0x00, 0x00, 0x00, 0x00, 0x00, 0x00,
	0x38, 0x00, 0x00, 0x00, 0x00, 0x00, 0x00, 0x00, 0x00, 0x00, 0x08, 0x33, 0x16, 0x00, 0x00, 0x00,
	0x00, 0x00, 0x40, 0x02, 0x00, 0x88, 0x03, 0x00, 0x26, 0x00, 0x00, 0x00, 0x02, 0x00, 0x02, 0x00,
	0x00, 0x0E, 0x00, 0x00, 0x29, 0x98, 0x90, 0x94, 0x10, 0x00, 0x00, 0x00, 0x00, 0x80, 0x00, 0x00,
	0x16, 0x20, 0x01, 0x00, 0x00, 0x00, 0x40, 0x02, 0x10, 0x18, 0x04, 0x00, 0x26, 0x00, 0x00, 0x00,
	0x00, 0x00, 0x02, 0x00, 0x3C, 0x0F, 0x00, 0x00, 0x29, 0x9D, 0x90, 0x94, 0x10, 0x00, 0x00, 0x12,
	0x7C, 0x80, 0x00, 0x00, 0x16, 0x00, 0x00, 0x00, 0x00, 0x00, 0x40, 0x02, 0x00, 0xA8, 0x04, 0x00,
	0x26, 0x00, 0x00, 0x00, 0x02, 0x00, 0x02, 0x00, 0x14, 0x0F, 0x00, 0x00, 0x29, 0xA2, 0x90, 0x94,
	0x10, 0x00, 0x00, 0x00, 0x14, 0x80, 0x00, 0x00, 0x16, 0x20, 0x01, 0x00, 0x00, 0x00, 0x40, 0x02,
	0x10, 0x38, 0x05, 0x00, 0x26, 0x00, 0x00, 0x00, 0x00, 0x00, 0x02, 0x00, 0x28, 0x10, 0x00, 0x00,
	0x29, 0xA7, 0x90, 0x94, 0x10, 0x00, 0x00, 0x12, 0x68, 0x80, 0x00, 0x00, 0x16, 0x00, 0x00, 0x00,
	0x00, 0x00, 0x40, 0x02, 0x00, 0xC8, 0x05, 0x00, 0x26, 0x00, 0x00, 0x00, 0x02, 0x00, 0x02, 0x00,
	0x00, 0x10, 0x00, 0x00, 0x29, 0xAC, 0x90, 0x94, 0x10, 0x00, 0x00, 0x00, 0x00, 0x80, 0x00, 0x00,
	0x16, 0x20, 0x01, 0x00, 0x00, 0x00, 0x40, 0x02, 0x10, 0x58, 0x06, 0x00, 0x26, 0x00, 0x00, 0x00,
	0x00, 0x00, 0x02, 0x00, 0x3C, 0x11, 0x00, 0x00, 0x29, 0xB1, 0x90, 0x94, 0x10, 0x00, 0x00, 0x12,
	0x7C, 0x80, 0x00, 0x00, 0x16, 0x00, 0x00, 0x00, 0x00, 0x00, 0x40, 0x02, 0x00, 0xE8, 0x06, 0x00,
	0x26, 0x00, 0x00, 0x00, 0x02, 0x00, 0x02, 0x00, 0x14, 0x11, 0x00, 0x00, 0x29, 0xB6, 0x90, 0x94,
	0x10, 0x00, 0x00, 0x00, 0x14, 0x80, 0x00, 0x00, 0x16, 0x20, 0x01, 0x00, 0x00, 0x00, 0x40, 0x02,
	0x10, 0x78, 0x07, 0x00, 0x26, 0x00, 0x00, 0x00, 0x00, 0x00, 0x02, 0x00, 0x28, 0x12, 0x00, 0x00,
	0x29, 0xBB, 0x90, 0x94, 0x10, 0x00, 0x00, 0x12, 0x68, 0x80, 0x00, 0x00, 0x2E, 0x00, 0x4B, 0x00,
	0x00, 0x00, 0x78, 0x00, 0x01, 0x64, 0x00, 0x00, 0x00, 0x00, 0x00, 0x00, 0x00, 0x00, 0x00, 0x00,
	0x00, 0x00, 0x00, 0x00, 0x00, 0x00, 0x14, 0x00, 0x00, 0x00, 0x00, 0x00, 0x00, 0x00, 0x00, 0x00,
	0x00, 0x00, 0x00, 0x00, 0x00, 0x00, 0x00, 0x00, 0x00, 0x00, 0x00, 0x00, 0x00, 0x00, 0x14, 0x00,
	0x00, 0x00, 0x00, 0x00, 0x00, 0x00, 0x00, 0x00, 0x0E, 0x00, 0x50, 0x00, 0x00, 0x00, 0x78, 0x00,
	0x00, 0x00, 0x00, 0x00, 0x28, 0x00, 0x00, 0x00, 0x00, 0x00, 0x00, 0x00, 0x00, 0x00, 0x00, 0x00,
	0x38, 0x00, 0x00, 0x00, 0x00, 0x00, 0x00, 0x00, 0x00, 0x00, 0x06, 0x33, 0x16, 0x00, 0x00, 0x00,
	0x00, 0x00, 0x80, 0x00, 0x00, 0x08, 0x08, 0x00, 0x26, 0x00, 0x00, 0x00, 0x02, 0x00, 0x02, 0x00,
	0x00, 0x12, 0x00, 0x00, 0x29, 0x84, 0x98, 0x9C, 0x1C, 0x00, 0x00, 0x00, 0x00, 0x80, 0x00, 0x00,
	0x16, 0x20, 0x01, 0x00, 0x00, 0x00, 0x80, 0x00, 0x10, 0x28, 0x08, 0x00, 0x26, 0x00, 0x00, 0x00,
	0x00, 0x00, 0x02, 0x00, 0x3C, 0x13, 0x00, 0x00, 0x29, 0x93, 0x98, 0x9C, 0x1C, 0x00, 0x00, 0x12,
	0x7C, 0x80, 0x00, 0x00, 0x16, 0x00, 0x00, 0x00, 0x00, 0x00, 0x80, 0x00, 0x00, 0x48, 0x08, 0x00,
	0x26, 0x00, 0x00, 0x00, 0x02, 0x00, 0x02, 0x00, 0x14, 0x13, 0x00, 0x00, 0x29, 0xA2, 0x98, 0x9C,
	0x1C, 0x00, 0x00, 0x00, 0x14, 0x80, 0x00, 0x00, 0x16, 0x20, 0x01, 0x00, 0x00, 0x00, 0x80, 0x00,
	0x10, 0x68, 0x08, 0x00, 0x26, 0x00, 0x00, 0x00, 0x00, 0x00, 0x02, 0x00, 0x28, 0x14, 0x00, 0x00,
	0x29, 0xB1, 0x98, 0x9C, 0x1C, 0x00, 0x00, 0x12, 0x68, 0x80, 0x00, 0x00, 0x2E, 0x80, 0x54, 0x00,
	0x00, 0x00, 0x78, 0x00, 0x01, 0xC0, 0x03, 0x00, 0x00, 0x00, 0x00, 0x00, 0x00, 0x00, 0x00, 0x00,
	0x00, 0x00, 0x00, 0x00, 0x00, 0x00, 0x14, 0x00, 0x00, 0x00, 0x00, 0x00, 0x00, 0x00, 0x00, 0x00,
	0x0E, 0x00, 0x50, 0x00, 0x00, 0x00, 0x78, 0x00, 0x00, 0x3C, 0x00, 0x00, 0x28, 0x00, 0x00, 0x00,
	0x00, 0x00, 0x00, 0x00, 0x00, 0x00, 0x00, 0x00, 0x38, 0x00, 0x00, 0x00, 0x00, 0x00, 0x00, 0x00,
	0x00, 0x00, 0x06, 0x33, 0x16, 0x00, 0x00, 0x00, 0x00, 0x00, 0x80, 0x00, 0x00, 0x08, 0x08, 0x00,
	0x26, 0x00, 0x00, 0x00, 0x02, 0x00, 0x02, 0x00, 0x00, 0x12, 0x00, 0x00, 0x29, 0x84, 0x98, 0x9C,
	0x1C, 0x00, 0x00, 0x00, 0x00, 0x80, 0x00, 0x00, 0x16, 0x20, 0x01, 0x00, 0x00, 0x00, 0x80, 0x00,
	0x10, 0x28, 0x08, 0x00, 0x26, 0x00, 0x00, 0x00, 0x00, 0x00, 0x02, 0x00, 0x3C, 0x13, 0x00, 0x00,
	0x29, 0x93, 0x98, 0x9C, 0x1C, 0x00, 0x00, 0x12, 0x7C, 0x80, 0x00, 0x00, 0x16, 0x00, 0x00, 0x00,
	0x00, 0x00, 0x80, 0x00, 0x00, 0x48, 0x08, 0x00, 0x26, 0x00, 0x00, 0x00, 0x02, 0x00, 0x02, 0x00,
	0x14, 0x13, 0x00, 0x00, 0x29, 0xA2, 0x98, 0x9C, 0x1C, 0x00, 0x00, 0x00, 0x14, 0x80, 0x00, 0x00,
	0x16, 0x20, 0x01, 0x00, 0x00, 0x00, 0x80, 0x00, 0x10, 0x68, 0x08, 0x00, 0x26, 0x00, 0x00, 0x00,
	0x00, 0x00, 0x02, 0x00, 0x28, 0x14, 0x00, 0x00, 0x29, 0xB1, 0x98, 0x9C, 0x1C, 0x00, 0x00, 0x12,
	0x68, 0x80, 0x00, 0x00, 0x2E, 0x80, 0x54, 0x00, 0x00, 0x00, 0x78, 0x00, 0x01, 0xFC, 0x03, 0x00,
	0x00, 0x00, 0x00, 0x00, 0x00, 0x00, 0x00, 0x00, 0x00, 0x00, 0x00, 0x00, 0x00, 0x00, 0x14, 0x00,
	0x00, 0x00, 0x00, 0x00, 0x00, 0x00, 0x00, 0x00, 0x00, 0x00, 0x00, 0x00, 0x00, 0x00, 0x00, 0x00,
	0x00, 0x00, 0x00, 0x00, 0x00, 0x00, 0x14, 0x00, 0x00, 0x00, 0x00, 0x00, 0x00, 0x00, 0x00, 0x00,
	0x0E, 0xE0, 0x5B, 0x00, 0x00, 0x00, 0x78, 0xC0, 0x00, 0xC0, 0x03, 0x00, 0x28, 0x00, 0x00, 0x00,
	0x00, 0x00, 0x00, 0x00, 0x00, 0x00, 0x00, 0x00, 0x38, 0x00, 0x00, 0x00, 0x00, 0x00, 0x00, 0x00,
	0x00, 0x00, 0x84, 0x33, 0x16, 0x00, 0x00, 0x00, 0x00, 0x00, 0x40, 0x00, 0x00, 0x88, 0x08, 0x00,
	0x26, 0x00, 0x00, 0x00, 0x02, 0x00, 0x02, 0x00, 0x00, 0x14, 0x00, 0x00, 0x29, 0x00, 0xA0, 0xA4,
	0x1C, 0xFC, 0x01, 0x00, 0x00, 0x80, 0x00, 0x00, 0x16, 0x20, 0x01, 0x00, 0x00, 0x00, 0x40, 0x00,
	0x10, 0x98, 0x08, 0x00, 0x26, 0x00, 0x00, 0x00, 0x00, 0x00, 0x02, 0x00, 0x3C, 0x15, 0x00, 0x00,
	0x29, 0x10, 0xA0, 0xA4, 0x1C, 0xFC, 0x01, 0x12, 0x7C, 0x80, 0x10, 0x00, 0x16, 0x00, 0x00, 0x00,
	0x00, 0x00, 0x40, 0x00, 0x00, 0xA8, 0x08, 0x00, 0x26, 0x00, 0x00, 0x00, 0x02, 0x00, 0x02, 0x00,
	0x14, 0x15, 0x00, 0x00, 0x29, 0x20, 0xA0, 0xA4, 0x1C, 0xFC, 0x01, 0x00, 0x14, 0x80, 0x20, 0x00,
	0x16, 0x20, 0x01, 0x00, 0x00, 0x00, 0x40, 0x00, 0x10, 0xB8, 0x08, 0x00, 0x26, 0x00, 0x00, 0x00,
	0x00, 0x00, 0x02, 0x00, 0x28, 0x16, 0x00, 0x00, 0x29, 0x30, 0xA0, 0xA4, 0x1C, 0xFC, 0x01, 0x12,
	0x68, 0x80, 0x30, 0x00, 0x28, 0x00, 0x00, 0x00, 0x00, 0x00, 0x00, 0x00, 0x00, 0x00, 0x00, 0x00,
	0x38, 0x00, 0x00, 0x00, 0x00, 0x00, 0x00, 0x00, 0x00, 0x00, 0x08, 0x33, 0x16, 0x00, 0x00, 0x00,
	0x00, 0x00, 0x40, 0x02, 0x00, 0xC8, 0x08, 0x00, 0x26, 0x00, 0x00, 0x00, 0x02, 0x00, 0x02, 0x00,
	0x00, 0x16, 0x00, 0x00, 0x29, 0x84, 0x98, 0xA8, 0x20, 0x00, 0x00, 0x00, 0x00, 0x80, 0x00, 0x00,
	0x16, 0x20, 0x01, 0x00, 0x00, 0x00, 0x40, 0x02, 0x10, 0x58, 0x09, 0x00, 0x26, 0x00, 0x00, 0x00,
	0x00, 0x00, 0x02, 0x00, 0x3C, 0x17, 0x00, 0x00, 0x29, 0x93, 0x98, 0xA8, 0x20, 0x00, 0x00, 0x12,
	0x7C, 0x80, 0x00, 0x00, 0x16, 0x00, 0x00, 0x00, 0x00, 0x00, 0x40, 0x02, 0x00, 0xE8, 0x09, 0x00,
	0x26, 0x00, 0x00, 0x00, 0x02, 0x00, 0x02, 0x00, 0x14, 0x17, 0x00, 0x00, 0x29, 0xA2, 0x98, 0xA8,
	0x20, 0x00, 0x00, 0x00, 0x14, 0x80, 0x00, 0x00, 0x16, 0x20, 0x01, 0x00, 0x00, 0x00, 0x40, 0x02,
	0x10, 0x78, 0x0A, 0x00, 0x26, 0x00, 0x00, 0x00, 0x00, 0x00, 0x02, 0x00, 0x28, 0x18, 0x00, 0x00,
	0x29, 0xB1, 0x98, 0xA8, 0x20, 0x00, 0x00, 0x12, 0x68, 0x80, 0x00, 0x00, 0x2E, 0x80, 0x54, 0x00,
	0x00, 0x00, 0x78, 0x00, 0x01, 0xA0, 0x05, 0x00, 0x00, 0x00, 0x00, 0x00, 0x00, 0x00, 0x00, 0x00,
	0x00, 0x00, 0x00, 0x00, 0x00, 0x00, 0x14, 0x00, 0x00, 0x00, 0x00, 0x00, 0x00, 0x00, 0x00, 0x00,
	0x0E, 0xE0, 0x5B, 0x00, 0x00, 0x00, 0x78, 0xC0, 0x00, 0xF7, 0x03, 0x00, 0x28, 0x00, 0x00, 0x00,
	0x00, 0x00, 0x00, 0x00, 0x00, 0x00, 0x00, 0x00, 0x38, 0x00, 0x00, 0x00, 0x00, 0x00, 0x00, 0x00,
	0x00, 0x00, 0x84, 0x33, 0x16, 0x00, 0x00, 0x00, 0x00, 0x00, 0x40, 0x00, 0x00, 0x88, 0x08, 0x00,
	0x26, 0x00, 0x00, 0x00, 0x02, 0x00, 0x02, 0x00, 0x00, 0x14, 0x00, 0x00, 0x29, 0x00, 0xA0, 0xA4,
	0x1C, 0xFC, 0x01, 0x00, 0x00, 0x80, 0x00, 0x00, 0x16, 0x20, 0x01, 0x00, 0x00, 0x00, 0x40, 0x00,
	0x10, 0x98, 0x08, 0x00, 0x26, 0x00, 0x00, 0x00, 0x00, 0x00, 0x02, 0x00, 0x3C, 0x15, 0x00, 0x00,
	0x29, 0x10, 0xA0, 0xA4, 0x1C, 0xFC, 0x01, 0x12, 0x7C, 0x80, 0x10, 0x00, 0x16, 0x00, 0x00, 0x00,
	0x00, 0x00, 0x40, 0x00, 0x00, 0xA8, 0x08, 0x00, 0x26, 0x00, 0x00, 0x00, 0x02, 0x00, 0x02, 0x00,
	0x14, 0x15, 0x00, 0x00, 0x29, 0x20, 0xA0, 0xA4, 0x1C, 0xFC, 0x01, 0x00, 0x14, 0x80, 0x20, 0x00,
	0x16, 0x20, 0x01, 0x00, 0x00, 0x00, 0x40, 0x00, 0x10, 0xB8, 0x08, 0x00, 0x26, 0x00, 0x00, 0x00,
	0x00, 0x00, 0x02, 0x00, 0x28, 0x16, 0x00, 0x00, 0x29, 0x30, 0xA0, 0xA4, 0x1C, 0xFC, 0x01, 0x12,
	0x68, 0x80, 0x30, 0x00, 0x28, 0x00, 0x00, 0x00, 0x00, 0x00, 0x00, 0x00, 0x00, 0x00, 0x00, 0x00,
	0x38, 0x00, 0x00, 0x00, 0x00, 0x00, 0x00, 0x00, 0x00, 0x00, 0x08, 0x33, 0x16, 0x00, 0x00, 0x00,
	0x00, 0x00, 0x40, 0x02, 0x00, 0xC8, 0x08, 0x00, 0x26, 0x00, 0x00, 0x00, 0x02, 0x00, 0x02, 0x00,
	0x00, 0x16, 0x00, 0x00, 0x29, 0x84, 0x98, 0xA8, 0x28, 0x00, 0x00, 0x00, 0x00, 0x80, 0x00, 0x00,
	0x16, 0x20, 0x01, 0x00, 0x00, 0x00, 0x40, 0x02, 0x10, 0x58, 0x09, 0x00, 0x26, 0x00, 0x00, 0x00,
	0x00, 0x00, 0x02, 0x00, 0x3C, 0x17, 0x00, 0x00, 0x29, 0x93, 0x98, 0xA8, 0x28, 0x00, 0x00, 0x12,
	0x7C, 0x80, 0x00, 0x00, 0x16, 0x00, 0x00, 0x00, 0x00, 0x00, 0x40, 0x02, 0x00, 0xE8, 0x09, 0x00,
	0x26, 0x00, 0x00, 0x00, 0x02, 0x00, 0x02, 0x00, 0x14, 0x17, 0x00, 0x00, 0x29, 0xA2, 0x98, 0xA8,
	0x28, 0x00, 0x00, 0x00, 0x14, 0x80, 0x00, 0x00, 0x16, 0x20, 0x01, 0x00, 0x00, 0x00, 0x40, 0x02,
	0x10, 0x78, 0x0A, 0x00, 0x26, 0x00, 0x00, 0x00, 0x00, 0x00, 0x02, 0x00, 0x28, 0x18, 0x00, 0x00,
	0x29, 0xB1, 0x98, 0xA8, 0x28, 0x00, 0x00, 0x12, 0x68, 0x80, 0x00, 0x00, 0x2E, 0x80, 0x54, 0x00,
	0x00, 0x00, 0x78, 0x00, 0x01, 0xDC, 0x05, 0x00, 0x00, 0x00, 0x00, 0x00, 0x00, 0x00, 0x00, 0x00,
	0x00, 0x00, 0x00, 0x00, 0x00, 0x00, 0x14, 0x00, 0x00, 0x00, 0x00, 0x00, 0x00, 0x00, 0x00, 0x00,
	0x00, 0x00, 0x00, 0x00, 0x00, 0x00, 0x00, 0x00, 0x00, 0x00, 0x00, 0x00, 0x00, 0x00, 0x14, 0x00,
	0x00, 0x00, 0x00, 0x00, 0x00, 0x00, 0x00, 0x00, 0x0E, 0x00, 0x54, 0x00, 0x00, 0x00, 0x78, 0x00,
	0x00, 0xC0, 0x03, 0x00, 0x0E, 0x80, 0x54, 0x00, 0x00, 0x00, 0x78, 0x00, 0x01, 0xA0, 0x05, 0x00,
	0x40, 0x93, 0x5B, 0x74, 0xC3, 0x01, 0x00, 0x00, 0x00, 0x00, 0x00, 0x00, 0x0B, 0x80, 0xAC, 0x00,
	0x01, 0x01, 0x00, 0x08, 0x00, 0x00, 0xDE, 0x1B, 0x2E, 0x80, 0x54, 0x00, 0x00, 0x00, 0x78, 0x00,
	0x01, 0x00, 0x0F, 0x00, 0x00, 0x00, 0x00, 0x00, 0x00, 0x00, 0x00, 0x00, 0x00, 0x00, 0x00, 0x00,
	0x00, 0x00, 0x14, 0x00, 0x00, 0x00, 0x00, 0x00, 0x00, 0x00, 0x00, 0x00, 0x0E, 0x00, 0x54, 0x00,
	0x00, 0x00, 0x78, 0x00, 0x00, 0xFC, 0x03, 0x00, 0x0E, 0x80, 0x54, 0x00, 0x00, 0x00, 0x78, 0x00,
	0x01, 0xDC, 0x05, 0x00, 0x40, 0x93, 0x5B, 0x74, 0xC3, 0x01, 0x00, 0x00, 0x00, 0x00, 0x00, 0x00,
	0x0B, 0x80, 0xAC, 0x00, 0x01, 0x01, 0x00, 0x08, 0x00, 0x00, 0xDE, 0x1B, 0x2E, 0x80, 0x54, 0x00,
	0x00, 0x00, 0x78, 0x00, 0x01, 0x3C, 0x0F, 0x00, 0x00, 0x00, 0x00, 0x00, 0x00, 0x00, 0x00, 0x00,
	0x00, 0x00, 0x00, 0x00, 0x00, 0x00, 0x14, 0x00, 0x00, 0x00, 0x00, 0x00, 0x00, 0x00, 0x00, 0x00,
	0x00, 0x00, 0x00, 0x00, 0x00, 0x00, 0x00, 0x00, 0x00, 0x00, 0x00, 0x00, 0x00, 0x00, 0x14, 0x00,
	0x00, 0x00, 0x00, 0x00, 0x00, 0x00, 0x00, 0x00, 0x0E, 0xE0, 0x5B, 0x00, 0x00, 0x00, 0x78, 0xC0,
	0x00, 0x00, 0x0F, 0x00, 0x28, 0x00, 0x00, 0x00, 0x00, 0x00, 0x00, 0x00, 0x00, 0x00, 0x00, 0x00,
	0x38, 0x00, 0x00, 0x00, 0x00, 0x00, 0x00, 0x00, 0x00, 0x00, 0x44, 0x33, 0x16, 0x00, 0x00, 0x00,
	0x00, 0x00, 0x40, 0x00, 0x00, 0x08, 0x0B, 0x00, 0x26, 0x00, 0x00, 0x00, 0x02, 0x00, 0x02, 0x00,
	0x00, 0x18, 0x00, 0x00, 0x29, 0x00, 0xA0, 0xA4, 0x1C, 0xFC, 0x01, 0x00, 0x00, 0x80, 0x00, 0x00,
	0x16, 0x20, 0x01, 0x00, 0x00, 0x00, 0x40, 0x00, 0x10, 0x18, 0x0B, 0x00, 0x26, 0x00, 0x00, 0x00,
	0x00, 0x00, 0x02, 0x00, 0x3C, 0x19, 0x00, 0x00, 0x29, 0x10, 0xA0, 0xA4, 0x1C, 0xFC, 0x01, 0x12,
	0x7C, 0x80, 0x10, 0x00, 0x16, 0x00, 0x00, 0x00, 0x00, 0x00, 0x40, 0x00, 0x00, 0x28, 0x0B, 0x00,
	0x26, 0x00, 0x00, 0x00, 0x02, 0x00, 0x02, 0x00, 0x14, 0x19, 0x00, 0x00, 0x29, 0x20, 0xA0, 0xA4,
	0x1C, 0xFC, 0x01, 0x00, 0x14, 0x80, 0x20, 0x00, 0x16, 0x20, 0x01, 0x00, 0x00, 0x00, 0x40, 0x00,
	0x10, 0x38, 0x0B, 0x00, 0x26, 0x00, 0x00, 0x00, 0x00, 0x00, 0x02, 0x00, 0x28, 0x1A, 0x00, 0x00,
	0x29, 0x30, 0xA0, 0xA4, 0x1C, 0xFC, 0x01, 0x12, 0x68, 0x80, 0x30, 0x00, 0x28, 0x00, 0x00, 0x00,
	0x00, 0x00, 0x00, 0x00, 0x00, 0x00, 0x00, 0x00, 0x38, 0x00, 0x00, 0x00, 0x00, 0x00, 0x00, 0x00,
	0x00, 0x00, 0x46, 0x33, 0x16, 0x00, 0x00, 0x00, 0x00, 0x00, 0x40, 0x02, 0x00, 0x48, 0x0B, 0x00,
	0x26, 0x00, 0x00, 0x00, 0x02, 0x00, 0x02, 0x00, 0x00, 0x1A, 0x00, 0x00, 0x29, 0x84, 0x98, 0xA8,
	0x20, 0x00, 0x00, 0x00, 0x00, 0x80, 0x00, 0x00, 0x16, 0x20, 0x01, 0x00, 0x00, 0x00, 0x40, 0x02,
	0x10, 0xD8, 0x0B, 0x00, 0x26, 0x00, 0x00, 0x00, 0x00, 0x00, 0x02, 0x00, 0x3C, 0x1B, 0x00, 0x00,
	0x29, 0x93, 0x98, 0xA8, 0x20, 0x00, 0x00, 0x12, 0x7C, 0x80, 0x00, 0x00, 0x16, 0x00, 0x00, 0x00,
	0x00, 0x00, 0x40, 0x02, 0x00, 0x68, 0x0C, 0x00, 0x26, 0x00, 0x00, 0x00, 0x02, 0x00, 0x02, 0x00,
	0x14, 0x1B, 0x00, 0x00, 0x29, 0xA2, 0x98, 0xA8, 0x20, 0x00, 0x00, 0x00, 0x14, 0x80, 0x00, 0x00,
	0x16, 0x20, 0x01, 0x00, 0x00, 0x00, 0x40, 0x02, 0x10, 0xF8, 0x0C, 0x00, 0x26, 0x00, 0x00, 0x00,
	0x00, 0x00, 0x02, 0x00, 0x28, 0x1C, 0x00, 0x00, 0x29, 0xB1, 0x98, 0xA8, 0x20, 0x00, 0x00, 0x12,
	0x68, 0x80, 0x00, 0x00, 0x2E, 0x80, 0x54, 0x00, 0x00, 0x00, 0x78, 0x00, 0x01, 0xC0, 0x03, 0x00,
	0x00, 0x00, 0x00, 0x00, 0x00, 0x00, 0x00, 0x00, 0x00, 0x00, 0x00, 0x00, 0x00, 0x00, 0x14, 0x00,
	0x00, 0x00, 0x00, 0x00, 0x00, 0x00, 0x00, 0x00, 0x0E, 0xE0, 0x5B, 0x00, 0x00, 0x00, 0x78, 0xC0,
	0x00, 0x37, 0x0F, 0x00, 0x28, 0x00, 0x00, 0x00, 0x00, 0x00, 0x00, 0x00, 0x00, 0x00, 0x00, 0x00,
	0x38, 0x00, 0x00, 0x00, 0x00, 0x00, 0x00, 0x00, 0x00, 0x00, 0x44, 0x33, 0x16, 0x00, 0x00, 0x00,
	0x00, 0x00, 0x40, 0x00, 0x00, 0x08, 0x0B, 0x00, 0x26, 0x00, 0x00, 0x00, 0x02, 0x00, 0x02, 0x00,
	0x00, 0x18, 0x00, 0x00, 0x29, 0x00, 0xA0, 0xA4, 0x1C, 0xFC, 0x01, 0x00, 0x00, 0x80, 0x00, 0x00,
	0x16, 0x20, 0x01, 0x00, 0x00, 0x00, 0x40, 0x00, 0x10, 0x18, 0x0B, 0x00, 0x26, 0x00, 0x00, 0x00,
	0x00, 0x00, 0x02, 0x00, 0x3C, 0x19, 0x00, 0x00, 0x29, 0x10, 0xA0, 0xA4, 0x1C, 0xFC, 0x01, 0x12,
	0x7C, 0x80, 0x10, 0x00, 0x16, 0x00, 0x00, 0x00, 0x00, 0x00, 0x40, 0x00, 0x00, 0x28, 0x0B, 0x00,
	0x26, 0x00, 0x00, 0x00, 0x02, 0x00, 0x02, 0x00, 0x14, 0x19, 0x00, 0x00, 0x29, 0x20, 0xA0, 0xA4,
	0x1C, 0xFC, 0x01, 0x00, 0x14, 0x80, 0x20, 0x00, 0x16, 0x20, 0x01, 0x00, 0x00, 0x00, 0x40, 0x00,
	0x10, 0x38, 0x0B, 0x00, 0x26, 0x00, 0x00, 0x00, 0x00, 0x00, 0x02, 0x00, 0x28, 0x1A, 0x00, 0x00,
	0x29, 0x30, 0xA0, 0xA4, 0x1C, 0xFC, 0x01, 0x12, 0x68, 0x80, 0x30, 0x00, 0x28, 0x00, 0x00, 0x00,
	0x00, 0x00, 0x00, 0x00, 0x00, 0x00, 0x00, 0x00, 0x38, 0x00, 0x00, 0x00, 0x00, 0x00, 0x00, 0x00,
	0x00, 0x00, 0x46, 0x33, 0x16, 0x00, 0x00, 0x00, 0x00, 0x00, 0x40, 0x02, 0x00, 0x48, 0x0B, 0x00,
	0x26, 0x00, 0x00, 0x00, 0x02, 0x00, 0x02, 0x00, 0x00, 0x1A, 0x00, 0x00, 0x29, 0x84, 0x98, 0xA8,
	0x28, 0x00, 0x00, 0x00, 0x00, 0x80, 0x00, 0x00, 0x16, 0x20, 0x01, 0x00, 0x00, 0x00, 0x40, 0x02,
	0x10, 0xD8, 0x0B, 0x00, 0x26, 0x00, 0x00, 0x00, 0x00, 0x00, 0x02, 0x00, 0x3C, 0x1B, 0x00, 0x00,
	0x29, 0x93, 0x98, 0xA8, 0x28, 0x00, 0x00, 0x12, 0x7C, 0x80, 0x00, 0x00, 0x16, 0x00, 0x00, 0x00,
	0x00, 0x00, 0x40, 0x02, 0x00, 0x68, 0x0C, 0x00, 0x26, 0x00, 0x00, 0x00, 0x02, 0x00, 0x02, 0x00,
	0x14, 0x1B, 0x00, 0x00, 0x29, 0xA2, 0x98, 0xA8, 0x28, 0x00, 0x00, 0x00, 0x14, 0x80, 0x00, 0x00,
	0x16, 0x20, 0x01, 0x00, 0x00, 0x00, 0x40, 0x02, 0x10, 0xF8, 0x0C, 0x00, 0x26, 0x00, 0x00, 0x00,
	0x00, 0x00, 0x02, 0x00, 0x28, 0x1C, 0x00, 0x00, 0x29, 0xB1, 0x98, 0xA8, 0x28, 0x00, 0x00, 0x12,
	0x68, 0x80, 0x00, 0x00, 0x2E, 0x80, 0x54, 0x00, 0x00, 0x00, 0x78, 0x00, 0x01, 0xFC, 0x03, 0x00,
	0x00, 0x00, 0x00, 0x00, 0x00, 0x00, 0x00, 0x00, 0x00, 0x00, 0x00, 0x00, 0x00, 0x00, 0x14, 0x00,
	0x00, 0x00, 0x00, 0x00, 0x00, 0x00, 0x00, 0x00, 0x00, 0x00, 0x00, 0x00, 0x00, 0x00, 0x00, 0x00,
	0x00, 0x00, 0x00, 0x00, 0x00, 0x00, 0x14, 0x00, 0x00, 0x00, 0x00, 0x00, 0x00, 0x00, 0x00, 0x00,
	0x0E, 0x00, 0x54, 0x00, 0x00, 0x00, 0x78, 0x00, 0x00, 0x00, 0x0F, 0x00, 0x0E, 0x80, 0x54, 0x00,
	0x00, 0x00, 0x78, 0x00, 0x01, 0xC0, 0x03, 0x00, 0x40, 0xDD, 0x5C, 0x1C, 0xC7, 0x01, 0x00, 0x00,
	0x00, 0x00, 0x00, 0x00, 0x0B, 0x80, 0xAC, 0x00, 0x01, 0x01, 0x00, 0x08, 0x00, 0x00, 0xDE, 0x1B,
	0x2E, 0x80, 0x54, 0x00, 0x00, 0x00, 0x78, 0x00, 0x01, 0xA0, 0x05, 0x00, 0x00, 0x00, 0x00, 0x00,
	0x00, 0x00, 0x00, 0x00, 0x00, 0x00, 0x00, 0x00, 0x00, 0x00, 0x14, 0x00, 0x00, 0x00, 0x00, 0x00,
	0x00, 0x00, 0x00, 0x00, 0x0E, 0x00, 0x54, 0x00, 0x00, 0x00, 0x78, 0x00, 0x00, 0x3C, 0x0F, 0x00,
	0x0E, 0x80, 0x54, 0x00, 0x00, 0x00, 0x78, 0x00, 0x01, 0xFC, 0x03, 0x00, 0x40, 0xDD, 0x5C, 0x1C,
	0xC7, 0x01, 0x00, 0x00, 0x00, 0x00, 0x00, 0x00, 0x0B, 0x80, 0xAC, 0x00, 0x01, 0x01, 0x00, 0x08,
	0x00, 0x00, 0xDE, 0x1B, 0x2E, 0x80, 0x54, 0x00, 0x00, 0x00, 0x78, 0x00, 0x01, 0xDC, 0x05, 0x00,
	0x00, 0x00, 0x00, 0x00, 0x00, 0x00, 0x00, 0x00, 0x00, 0x00, 0x00, 0x00, 0x00, 0x00, 0x14, 0x00,
	0x00, 0x00, 0x00, 0x00, 0x00, 0x00, 0x00, 0x00, 0x00, 0x00, 0x00, 0x00, 0x00, 0x00, 0x00, 0x00,
	0x00, 0x00, 0x00, 0x00, 0x00, 0x00, 0x14, 0x00, 0x00, 0x00, 0x00, 0x00, 0x00, 0x00, 0x00, 0x00,
	0x0E, 0xE0, 0x5B, 0x00, 0x00, 0x00, 0x78, 0xC0, 0x00, 0xA0, 0x05, 0x00, 0x28, 0x00, 0x00, 0x00,
	0x00, 0x00, 0x00, 0x00, 0x00, 0x00, 0x00, 0x00, 0x38, 0x00, 0x00, 0x00, 0x00, 0x00, 0x00, 0x00,
	0x00, 0x00, 0x46, 0x33, 0x16, 0x00, 0x00, 0x00, 0x00, 0x00, 0x40, 0x00, 0x00, 0x88, 0x0D, 0x00,
	0x26, 0x00, 0x00, 0x00, 0x02, 0x00, 0x02, 0x00, 0x00, 0x1C, 0x00, 0x00, 0x29, 0x00, 0xA0, 0xA4,
	0x1C, 0xFC, 0x01, 0x00, 0x00, 0x80, 0x00, 0x00, 0x16, 0x20, 0x01, 0x00, 0x00, 0x00, 0x40, 0x00,
	0x10, 0x98, 0x0D, 0x00, 0x26, 0x00, 0x00, 0x00, 0x00, 0x00, 0x02, 0x00, 0x3C, 0x1D, 0x00, 0x00,
	0x29, 0x10, 0xA0, 0xA4, 0x1C, 0xFC, 0x01, 0x12, 0x7C, 0x80, 0x10, 0x00, 0x16, 0x00, 0x00, 0x00,
	0x00, 0x00, 0x40, 0x00, 0x00, 0xA8, 0x0D, 0x00, 0x26, 0x00, 0x00, 0x00, 0x02, 0x00, 0x02, 0x00,
	0x14, 0x1D, 0x00, 0x00, 0x29, 0x20, 0xA0, 0xA4, 0x1C, 0xFC, 0x01, 0x00, 0x14, 0x80, 0x20, 0x00,
	0x16, 0x20, 0x01, 0x00, 0x00, 0x00, 0x40, 0x00, 0x10, 0xB8, 0x0D, 0x00, 0x26, 0x00, 0x00, 0x00,
	0x00, 0x00, 0x02, 0x00, 0x28, 0x1E, 0x00, 0x00, 0x29, 0x30, 0xA0, 0xA4, 0x1C, 0xFC, 0x01, 0x12,
	0x68, 0x80, 0x30, 0x00, 0x28, 0x00, 0x00, 0x00, 0x00, 0x00, 0x00, 0x00, 0x00, 0x00, 0x00, 0x00,
	0x38, 0x00, 0x00, 0x00, 0x00, 0x00, 0x00, 0x00, 0x00, 0x00, 0x46, 0x33, 0x16, 0x00, 0x00, 0x00,
	0x00, 0x00, 0x40, 0x02, 0x00, 0xC8, 0x0D, 0x00, 0x26, 0x00, 0x00, 0x00, 0x02, 0x00, 0x02, 0x00,
	0x00, 0x1E, 0x00, 0x00, 0x29, 0x84, 0x98, 0xA8, 0x20, 0x00, 0x00, 0x00, 0x00, 0x80, 0x00, 0x00,
	0x16, 0x20, 0x01, 0x00, 0x00, 0x00, 0x40, 0x02, 0x10, 0x58, 0x0E, 0x00, 0x26, 0x00, 0x00, 0x00,
	0x00, 0x00, 0x02, 0x00, 0x3C, 0x1F, 0x00, 0x00, 0x29, 0x93, 0x98, 0xA8, 0x20, 0x00, 0x00, 0x12,
	0x7C, 0x80, 0x00, 0x00, 0x16, 0x00, 0x00, 0x00, 0x00, 0x00, 0x40, 0x02, 0x00, 0xE8, 0x0E, 0x00,
	0x26, 0x00, 0x00, 0x00, 0x02, 0x00, 0x02, 0x00, 0x14, 0x1F, 0x00, 0x00, 0x29, 0xA2, 0x98, 0xA8,
	0x20, 0x00, 0x00, 0x00, 0x14, 0x80, 0x00, 0x00, 0x16, 0x20, 0x01, 0x00, 0x00, 0x00, 0x40, 0x02,
	0x10, 0x78, 0x0F, 0x00, 0x26, 0x00, 0x00, 0x00, 0x00, 0x00, 0x02, 0x00, 0x28, 0x20, 0x00, 0x00,
	0x29, 0xB1, 0x98, 0xA8, 0x20, 0x00, 0x00, 0x12, 0x68, 0x80, 0x00, 0x00, 0x2E, 0x80, 0x54, 0x00,
	0x00, 0x00, 0x78, 0x00, 0x01, 0xC0, 0x03, 0x00, 0x00, 0x00, 0x00, 0x00, 0x00, 0x00, 0x00, 0x00,
	0x00, 0x00, 0x00, 0x00, 0x00, 0x00, 0x14, 0x00, 0x00, 0x00, 0x00, 0x00, 0x00, 0x00, 0x00, 0x00,
	0x0E, 0xE0, 0x5B, 0x00, 0x00, 0x00, 0x78, 0xC0, 0x00, 0xD7, 0x05, 0x00, 0x28, 0x00, 0x00, 0x00,
	0x00, 0x00, 0x00, 0x00, 0x00, 0x00, 0x00, 0x00, 0x38, 0x00, 0x00, 0x00, 0x00, 0x00, 0x00, 0x00,
	0x00, 0x00, 0x46, 0x33, 0x16, 0x00, 0x00, 0x00, 0x00, 0x00, 0x40, 0x00, 0x00, 0x88, 0x0D, 0x00,
	0x26, 0x00, 0x00, 0x00, 0x02, 0x00, 0x02, 0x00, 0x00, 0x1C, 0x00, 0x00, 0x29, 0x00, 0xA0, 0xA4,
	0x1C, 0xFC, 0x01, 0x00, 0x00, 0x80, 0x00, 0x00, 0x16, 0x20, 0x01, 0x00, 0x00, 0x00, 0x40, 0x00,
	0x10, 0x98, 0x0D, 0x00, 0x26, 0x00, 0x00, 0x00, 0x00, 0x00, 0x02, 0x00, 0x3C, 0x1D, 0x00, 0x00,
	0x29, 0x10, 0xA0, 0xA4, 0x1C, 0xFC, 0x01, 0x12, 0x7C, 0x80, 0x10, 0x00, 0x16, 0x00, 0x00, 0x00,
	0x00, 0x00, 0x40, 0x00, 0x00, 0xA8, 0x0D, 0x00, 0x26, 0x00, 0x00, 0x00, 0x02, 0x00, 0x02, 0x00,
	0x14, 0x1D, 0x00, 0x00, 0x29, 0x20, 0xA0, 0xA4, 0x1C, 0xFC, 0x01, 0x00, 0x14, 0x80, 0x20, 0x00,
	0x16, 0x20, 0x01, 0x00, 0x00, 0x00, 0x40, 0x00, 0x10, 0xB8, 0x0D, 0x00, 0x26, 0x00, 0x00, 0x00,
	0x00, 0x00, 0x02, 0x00, 0x28, 0x1E, 0x00, 0x00, 0x29, 0x30, 0xA0, 0xA4, 0x1C, 0xFC, 0x01, 0x12,
	0x68, 0x80, 0x30, 0x00, 0x28, 0x00, 0x00, 0x00, 0x00, 0x00, 0x00, 0x00, 0x00, 0x00, 0x00, 0x00,
	0x38, 0x00, 0x00, 0x00, 0x00, 0x00, 0x00, 0x00, 0x00, 0x00, 0x46, 0x33, 0x16, 0x00, 0x00, 0x00,
	0x00, 0x00, 0x40, 0x02, 0x00, 0xC8, 0x0D, 0x00, 0x26, 0x00, 0x00, 0x00, 0x02, 0x00, 0x02, 0x00,
	0x00, 0x1E, 0x00, 0x00, 0x29, 0x84, 0x98, 0xA8, 0x28, 0x00, 0x00, 0x00, 0x00, 0x80, 0x00, 0x00,
	0x16, 0x20, 0x01, 0x00, 0x00, 0x00, 0x40, 0x02, 0x10, 0x58, 0x0E, 0x00, 0x26, 0x00, 0x00, 0x00,
	0x00, 0x00, 0x02, 0x00, 0x3C, 0x1F, 0x00, 0x00, 0x29, 0x93, 0x98, 0xA8, 0x28, 0x00, 0x00, 0x12,
	0x7C, 0x80, 0x00, 0x00, 0x16, 0x00, 0x00, 0x00, 0x00, 0x00, 0x40, 0x02, 0x00, 0xE8, 0x0E, 0x00,
	0x26, 0x00, 0x00, 0x00, 0x02, 0x00, 0x02, 0x00, 0x14, 0x1F, 0x00, 0x00, 0x29, 0xA2, 0x98, 0xA8,
	0x28, 0x00, 0x00, 0x00, 0x14, 0x80, 0x00, 0x00, 0x16, 0x20, 0x01, 0x00, 0x00, 0x00, 0x40, 0x02,
	0x10, 0x78, 0x0F, 0x00, 0x26, 0x00, 0x00, 0x00, 0x00, 0x00, 0x02, 0x00, 0x28, 0x20, 0x00, 0x00,
	0x29, 0xB1, 0x98, 0xA8, 0x28, 0x00, 0x00, 0x12, 0x68, 0x80, 0x00, 0x00, 0x2E, 0x80, 0x54, 0x00,
	0x00, 0x00, 0x78, 0x00, 0x01, 0xFC, 0x03, 0x00, 0x00, 0x00, 0x00, 0x00, 0x00, 0x00, 0x00, 0x00,
	0x00, 0x00, 0x00, 0x00, 0x00, 0x00, 0x14, 0x00, 0x00, 0x00, 0x00, 0x00, 0x00, 0x00, 0x00, 0x00,
	0x00, 0x00, 0x00, 0x00, 0x00, 0x00, 0x00, 0x00, 0x00, 0x00, 0x00, 0x00, 0x00, 0x00, 0x14, 0x00,
	0x00, 0x00, 0x00, 0x00, 0x00, 0x00, 0x00, 0x00, 0x0E, 0x80, 0x54, 0x00, 0x00, 0x00, 0x78, 0x00,
	0x01, 0xA0, 0x05, 0x00, 0x0E, 0x00, 0x54, 0x00, 0x00, 0x00, 0x78, 0x00, 0x00, 0xC0, 0x03, 0x00,
	0x40, 0xEF, 0x65, 0x64, 0xC0, 0x01, 0x00, 0x00, 0x00, 0x00, 0x00, 0x00, 0x0B, 0x00, 0xAC, 0x00,
	0x10, 0x00, 0x02, 0x00, 0x00, 0x00, 0xDE, 0x1B, 0x40, 0x37, 0x7A, 0x00, 0x00, 0x00, 0x00, 0x00,
	0x00, 0x00, 0x00, 0x00, 0xDC, 0x80, 0xAC, 0x00, 0x01, 0x00, 0x00, 0x00, 0x00, 0x00, 0xC0, 0x0B,
	0x2E, 0x80, 0x54, 0x00, 0x00, 0x00, 0x78, 0x00, 0x01, 0x00, 0x0F, 0x00, 0x00, 0x00, 0x00, 0x00,
	0x00, 0x00, 0x00, 0x00, 0x00, 0x00, 0x00, 0x00, 0x00, 0x00, 0x14, 0x00, 0x00, 0x00, 0x00, 0x00,
	0x00, 0x00, 0x00, 0x00, 0x0E, 0x80, 0x54, 0x00, 0x00, 0x00, 0x78, 0x00, 0x01, 0xDC, 0x05, 0x00,
	0x0E, 0x00, 0x54, 0x00, 0x00, 0x00, 0x78, 0x00, 0x00, 0xFC, 0x03, 0x00, 0x40, 0xEF, 0x65, 0x64,
	0xC0, 0x01, 0x00, 0x00, 0x00, 0x00, 0x00, 0x00, 0x0B, 0x00, 0xAC, 0x00, 0x10, 0x00, 0x02, 0x00,
	0x00, 0x00, 0xDE, 0x1B, 0x40, 0x37, 0x7A, 0x00, 0x00, 0x00, 0x00, 0x00, 0x00, 0x00, 0x00, 0x00,
	0xDC, 0x80, 0xAC, 0x00, 0x01, 0x00, 0x00, 0x00, 0x00, 0x00, 0xC0, 0x0B, 0x2E, 0x80, 0x54, 0x00,
	0x00, 0x00, 0x78, 0x00, 0x01, 0x3C, 0x0F, 0x00, 0x00, 0x00, 0x00, 0x00, 0x00, 0x00, 0x00, 0x00,
	0x00, 0x00, 0x00, 0x00, 0x00, 0x00, 0x14, 0x00, 0x00, 0x00, 0x00, 0x00, 0x00, 0x00, 0x00, 0x00,
	0x00, 0x00, 0x00, 0x00, 0x00, 0x00, 0x00, 0x00, 0x00, 0x00, 0x00, 0x00, 0x00, 0x00, 0x14, 0x00,
	0x00, 0x00, 0x00, 0x00, 0x00, 0x00, 0x00, 0x00, 0x0E, 0x00, 0x50, 0x00, 0x00, 0x00, 0x78, 0x00,
	0x00, 0x00, 0x00, 0x00, 0x28, 0x00, 0x00, 0x00, 0x00, 0x00, 0x00, 0x00, 0x00, 0x00, 0x00, 0x00,
	0x38, 0x00, 0x00, 0x00, 0x00, 0x00, 0x00, 0x00, 0x00, 0x00, 0x46, 0x33, 0x16, 0x00, 0x00, 0x00,
	0x00, 0x00, 0x80, 0x00, 0x00, 0x08, 0x10, 0x00, 0x26, 0x00, 0x00, 0x00, 0x02, 0x00, 0x02, 0x00,
	0x00, 0x20, 0x00, 0x00, 0x29, 0x84, 0x98, 0x9C, 0x1C, 0x00, 0x00, 0x00, 0x00, 0x80, 0x00, 0x00,
	0x16, 0x20, 0x01, 0x00, 0x00, 0x00, 0x80, 0x00, 0x10, 0x28, 0x10, 0x00, 0x26, 0x00, 0x00, 0x00,
	0x00, 0x00, 0x02, 0x00, 0x3C, 0x21, 0x00, 0x00, 0x29, 0x93, 0x98, 0x9C, 0x1C, 0x00, 0x00, 0x12,
	0x7C, 0x80, 0x00, 0x00, 0x16, 0x00, 0x00, 0x00, 0x00, 0x00, 0x80, 0x00, 0x00, 0x48, 0x10, 0x00,
	0x26, 0x00, 0x00, 0x00, 0x02, 0x00, 0x02, 0x00, 0x14, 0x21, 0x00, 0x00, 0x29, 0xA2, 0x98, 0x9C,
	0x1C, 0x00, 0x00, 0x00, 0x14, 0x80, 0x00, 0x00, 0x16, 0x20, 0x01, 0x00, 0x00, 0x00, 0x80, 0x00,
	0x10, 0x68, 0x10, 0x00, 0x26, 0x00, 0x00, 0x00, 0x00, 0x00, 0x02, 0x00, 0x28, 0x22, 0x00, 0x00,
	0x29, 0xB1, 0x98, 0x9C, 0x1C, 0x00, 0x00, 0x12, 0x68, 0x80, 0x00, 0x00, 0x2E, 0x80, 0x54, 0x00,
	0x00, 0x00, 0x78, 0x00, 0x01, 0xC0, 0x03, 0x00, 0x00, 0x00, 0x00, 0x00, 0x00, 0x00, 0x00, 0x00,
	0x00, 0x00, 0x00, 0x00, 0x00, 0x00, 0x14, 0x00, 0x00, 0x00, 0x00, 0x00, 0x00, 0x00, 0x00, 0x00,
	0x0E, 0x00, 0x50, 0x00, 0x00, 0x00, 0x78, 0x00, 0x00, 0x3C, 0x00, 0x00, 0x28, 0x00, 0x00, 0x00,
	0x00, 0x00, 0x00, 0x00, 0x00, 0x00, 0x00, 0x00, 0x38, 0x00, 0x00, 0x00, 0x00, 0x00, 0x00, 0x00,
	0x00, 0x00, 0x46, 0x33, 0x16, 0x00, 0x00, 0x00, 0x00, 0x00, 0x80, 0x00, 0x00, 0x08, 0x10, 0x00,
	0x26, 0x00, 0x00, 0x00, 0x02, 0x00, 0x02, 0x00, 0x00, 0x20, 0x00, 0x00, 0x29, 0x84, 0x98, 0x9C,
	0x1C, 0x00, 0x00, 0x00, 0x00, 0x80, 0x00, 0x00, 0x16, 0x20, 0x01, 0x00, 0x00, 0x00, 0x80, 0x00,
	0x10, 0x28, 0x10, 0x00, 0x26, 0x00, 0x00, 0x00, 0x00, 0x00, 0x02, 0x00, 0x3C, 0x21, 0x00, 0x00,
	0x29, 0x93, 0x98, 0x9C, 0x1C, 0x00, 0x00, 0x12, 0x7C, 0x80, 0x00, 0x00, 0x16, 0x00, 0x00, 0x00,
	0x00, 0x00, 0x80, 0x00, 0x00, 0x48, 0x10, 0x00, 0x26, 0x00, 0x00, 0x00, 0x02, 0x00, 0x02, 0x00,
	0x14, 0x21, 0x00, 0x00, 0x29, 0xA2, 0x98, 0x9C, 0x1C, 0x00, 0x00, 0x00, 0x14, 0x80, 0x00, 0x00,
	0x16, 0x20, 0x01, 0x00, 0x00, 0x00, 0x80, 0x00, 0x10, 0x68, 0x10, 0x00, 0x26, 0x00, 0x00, 0x00,
	0x00, 0x00, 0x02, 0x00, 0x28, 0x22, 0x00, 0x00, 0x29, 0xB1, 0x98, 0x9C, 0x1C, 0x00, 0x00, 0x12,
	0x68, 0x80, 0x00, 0x00, 0x2E, 0x80, 0x54, 0x00, 0x00, 0x00, 0x78, 0x00, 0x01, 0xFC, 0x03, 0x00,
	0x00, 0x00, 0x00, 0x00, 0x00, 0x00, 0x00, 0x00, 0x00, 0x00, 0x00, 0x00, 0x00, 0x00, 0x14, 0x00,
	0x00, 0x00, 0x00, 0x00, 0x00, 0x00, 0x00, 0x00, 0x00, 0x00, 0x00, 0x00, 0x00, 0x00, 0x00, 0x00,
	0x00, 0x00, 0x00, 0x00, 0x00, 0x00, 0x14, 0x00, 0x00, 0x00, 0x00, 0x00, 0x00, 0x00, 0x00, 0x00,
	0x0E, 0x00, 0x2F, 0x00, 0x00, 0x00, 0x78, 0x00, 0x01, 0x00, 0x0F, 0x00, 0x0D, 0x00, 0xB0, 0x00,
	0x00, 0x00, 0x0C, 0x00, 0x00, 0x00, 0x00, 0x01, 0x0E, 0x00, 0x2F, 0x00, 0x00, 0x00, 0x78, 0x00,
	0x01, 0xC0, 0x03, 0x00, 0x0D, 0x00, 0xB1, 0x00, 0x00, 0x00, 0x0C, 0x00, 0x00, 0x00, 0x02, 0x01,
	0x28, 0x00, 0x00, 0x00, 0x00, 0x00, 0x00, 0x00, 0x00, 0x00, 0x00, 0x00, 0x38, 0x00, 0x00, 0x00,
	0x00, 0x00, 0x00, 0x00, 0x00, 0x00, 0x46, 0x33, 0x16, 0x00, 0x00, 0x00, 0x00, 0x00, 0x80, 0x00,
	0x00, 0x88, 0x10, 0x00, 0x26, 0x00, 0x00, 0x00, 0x02, 0x00, 0x02, 0x00, 0x00, 0x22, 0x00, 0x00,
	0x29, 0x70, 0xB4, 0xB8, 0x1C, 0x00, 0x00, 0x00, 0x00, 0x80, 0x00, 0x00, 0x16, 0x20, 0x01, 0x00,
	0x00, 0x00, 0x80, 0x00, 0x10, 0xA8, 0x10, 0x00, 0x26, 0x00, 0x00, 0x00, 0x00, 0x00, 0x02, 0x00,
	0x3C, 0x23, 0x00, 0x00, 0x29, 0x7A, 0xB4, 0xB8, 0x1C, 0x00, 0x00, 0x12, 0x7C, 0x80, 0x00, 0x00,
	0x16, 0x00, 0x00, 0x00, 0x00, 0x00, 0x80, 0x00, 0x00, 0xC8, 0x10, 0x00, 0x26, 0x00, 0x00, 0x00,
	0x02, 0x00, 0x02, 0x00, 0x14, 0x23, 0x00, 0x00, 0x29, 0x84, 0xB4, 0xB8, 0x1C, 0x00, 0x00, 0x00,
	0x14, 0x80, 0x00, 0x00, 0x16, 0x20, 0x01, 0x00, 0x00, 0x00, 0x80, 0x00, 0x10, 0xE8, 0x10, 0x00,
	0x26, 0x00, 0x00, 0x00, 0x00, 0x00, 0x02, 0x00, 0x28, 0x24, 0x00, 0x00, 0x29, 0x8E, 0xB4, 0xB8,
	0x1C, 0x00, 0x00, 0x12, 0x68, 0x80, 0x00, 0x00, 0x16, 0x00, 0x00, 0x00, 0x00, 0x00, 0x80, 0x00,
	0x00, 0x08, 0x11, 0x00, 0x26, 0x00, 0x00, 0x00, 0x02, 0x00, 0x02, 0x00, 0x00, 0x24, 0x00, 0x00,
	0x29, 0x98, 0xB4, 0xB8, 0x1C, 0x00, 0x00, 0x00, 0x00, 0x80, 0x00, 0x00, 0x16, 0x20, 0x01, 0x00,
	0x00, 0x00, 0x80, 0x00, 0x10, 0x28, 0x11, 0x00, 0x26, 0x00, 0x00, 0x00, 0x00, 0x00, 0x02, 0x00,
	0x3C, 0x25, 0x00, 0x00, 0x29, 0xA2, 0xB4, 0xB8, 0x1C, 0x00, 0x00, 0x12, 0x7C, 0x80, 0x00, 0x00,
	0x16, 0x00, 0x00, 0x00, 0x00, 0x00, 0x80, 0x00, 0x00, 0x48, 0x11, 0x00, 0x26, 0x00, 0x00, 0x00,
	0x02, 0x00, 0x02, 0x00, 0x14, 0x25, 0x00, 0x00, 0x29, 0xAC, 0xB4, 0xB8, 0x1C, 0x00, 0x00, 0x00,
	0x14, 0x80, 0x00, 0x00, 0x16, 0x20, 0x01, 0x00, 0x00, 0x00, 0x80, 0x00, 0x10, 0x68, 0x11, 0x00,
	0x26, 0x00, 0x00, 0x00, 0x00, 0x00, 0x02, 0x00, 0x28, 0x26, 0x00, 0x00, 0x29, 0xB6, 0xB4, 0xB8,
	0x1C, 0x00, 0x00, 0x12, 0x68, 0x80, 0x00, 0x00, 0x2E, 0x00, 0x5E, 0x00, 0x00, 0x00, 0x78, 0xC0,
	0x00, 0x00, 0x00, 0x00, 0x00, 0x00, 0x00, 0x00, 0x00, 0x00, 0x00, 0x00, 0x00, 0x00, 0x00, 0x00,
	0x00, 0x00, 0x14, 0x00, 0x00, 0x00, 0x00, 0x00, 0x00, 0x00, 0x00, 0x00, 0x0E, 0x00, 0x2F, 0x00,
	0x00, 0x00, 0x78, 0x00, 0x01, 0x28, 0x0F, 0x00, 0x0D, 0x00, 0xB0, 0x00, 0x00, 0x00, 0x0C, 0x00,
	0x00, 0x00, 0x00, 0x01, 0x0E, 0x00, 0x2F, 0x00, 0x00, 0x00, 0x78, 0x00, 0x01, 0xE8, 0x03, 0x00,
	0x0D, 0x00, 0xB1, 0x00, 0x00, 0x00, 0x0C, 0x00, 0x00, 0x00, 0x02, 0x01, 0x28, 0x00, 0x00, 0x00,
	0x00, 0x00, 0x00, 0x00, 0x00, 0x00, 0x00, 0x00, 0x38, 0x00, 0x00, 0x00, 0x00, 0x00, 0x00, 0x00,
	0x00, 0x00, 0x46, 0x33, 0x16, 0x00, 0x00, 0x00, 0x00, 0x00, 0x80, 0x00, 0x00, 0x88, 0x10, 0x00,
	0x26, 0x00, 0x00, 0x00, 0x02, 0x00, 0x02, 0x00, 0x00, 0x22, 0x00, 0x00, 0x29, 0x70, 0xB4, 0xB8,
	0x1C, 0x00, 0x00, 0x00, 0x00, 0x80, 0x00, 0x00, 0x16, 0x20, 0x01, 0x00, 0x00, 0x00, 0x80, 0x00,
	0x10, 0xA8, 0x10, 0x00, 0x26, 0x00, 0x00, 0x00, 0x00, 0x00, 0x02, 0x00, 0x3C, 0x23, 0x00, 0x00,
	0x29, 0x7A, 0xB4, 0xB8, 0x1C, 0x00, 0x00, 0x12, 0x7C, 0x80, 0x00, 0x00, 0x16, 0x00, 0x00, 0x00,
	0x00, 0x00, 0x80, 0x00, 0x00, 0xC8, 0x10, 0x00, 0x06, 0x00, 0x00, 0x00, 0x00, 0x00, 0x10, 0x00,
	0x00, 0x60, 0x00, 0x00, 0x08, 0x00, 0x00, 0x00, 0x00, 0x00, 0x00, 0x00, 0x00, 0x00, 0x00, 0x00,
	0x18, 0x00, 0x00, 0x00, 0x00, 0x00, 0x00, 0x00, 0x00, 0x00, 0x00, 0x00, 0x26, 0x00, 0x00, 0x00,
	0x02, 0x00, 0x02, 0x00, 0x14, 0x23, 0x00, 0x00, 0x29, 0x84, 0xB4, 0xB8, 0x1C, 0x00, 0x00, 0x00,
	0x14, 0x80, 0x00, 0x00, 0x16, 0x20, 0x01, 0x00, 0x00, 0x00, 0x80, 0x00, 0x10, 0xE8, 0x10, 0x00,
	0x26, 0x00, 0x00, 0x00, 0x00, 0x00, 0x02, 0x00, 0x28, 0x24, 0x00, 0x00, 0x29, 0x8E, 0xB4, 0xB8,
	0x1C, 0x00, 0x00, 0x12, 0x68, 0x80, 0x00, 0x00, 0x16, 0x00, 0x00, 0x00, 0x00, 0x00, 0x80, 0x00,
	0x00, 0x08, 0x11, 0x00, 0x26, 0x00, 0x00, 0x00, 0x02, 0x00, 0x02, 0x00, 0x00, 0x24, 0x00, 0x00,
	0x29, 0x98, 0xB4, 0xB8, 0x1C, 0x00, 0x00, 0x00, 0x00, 0x80, 0x00, 0x00, 0x16, 0x20, 0x01, 0x00,
	0x00, 0x00, 0x80, 0x00, 0x10, 0x28, 0x11, 0x00, 0x26, 0x00, 0x00, 0x00, 0x00, 0x00, 0x02, 0x00,
	0x3C, 0x25, 0x00, 0x00, 0x29, 0xA2, 0xB4, 0xB8, 0x1C, 0x00, 0x00, 0x12, 0x7C, 0x80, 0x00, 0x00,
	0x16, 0x00, 0x00, 0x00, 0x00, 0x00, 0x80, 0x00, 0x00, 0x48, 0x11, 0x00, 0x26, 0x00, 0x00, 0x00,
	0x02, 0x00, 0x02, 0x00, 0x14, 0x25, 0x00, 0x00, 0x29, 0xAC, 0xB4, 0xB8, 0x1C, 0x00, 0x00, 0x00,
	0x14, 0x80, 0x00, 0x00, 0x16, 0x20, 0x01, 0x00, 0x00, 0x00, 0x80, 0x00, 0x10, 0x68, 0x11, 0x00,
	0x26, 0x00, 0x00, 0x00, 0x00, 0x00, 0x02, 0x00, 0x28, 0x26, 0x00, 0x00, 0x29, 0xB6, 0xB4, 0xB8,
	0x1C, 0x00, 0x00, 0x12, 0x68, 0x80, 0x00, 0x00, 0x2E, 0x00, 0x5E, 0x00, 0x00, 0x00, 0x78, 0xC0,
	0x00, 0x28, 0x00, 0x00, 0x00, 0x00, 0x00, 0x00, 0x00, 0x00, 0x00, 0x00, 0x00, 0x00, 0x00, 0x00,
	0x00, 0x00, 0x14, 0x00, 0x00, 0x00, 0x00, 0x00, 0x00, 0x00, 0x00, 0x00, 0x0E, 0x00, 0x2F, 0x00,
	0x00, 0x00, 0x78, 0x00, 0x01, 0x50, 0x0F, 0x00, 0x0D, 0x00, 0xB0, 0x00, 0x00, 0x00, 0x0C, 0x00,
	0x00, 0x00, 0x00, 0x01, 0x0E, 0x00, 0x2F, 0x00, 0x00, 0x00, 0x78, 0x00, 0x01, 0x10, 0x04, 0x00,
	0x0D, 0x00, 0xB1, 0x00, 0x00, 0x00, 0x0C, 0x00, 0x00, 0x00, 0x02, 0x01, 0x28, 0x00, 0x00, 0x00,
	0x00, 0x00, 0x00, 0x00, 0x00, 0x00, 0x00, 0x00, 0x38, 0x00, 0x00, 0x00, 0x00, 0x00, 0x00, 0x00,
	0x00, 0x00, 0x46, 0x33, 0x16, 0x00, 0x00, 0x00, 0x00, 0x00, 0x80, 0x00, 0x00, 0x88, 0x10, 0x00,
	0x26, 0x00, 0x00, 0x00, 0x02, 0x00, 0x02, 0x00, 0x00, 0x22, 0x00, 0x00, 0x29, 0x70, 0xB4, 0xB8,
	0x1C, 0x00, 0x00, 0x00, 0x00, 0x80, 0x00, 0x00, 0x16, 0x20, 0x01, 0x00, 0x00, 0x00, 0x80, 0x00,
	0x10, 0xA8, 0x10, 0x00, 0x26, 0x00, 0x00, 0x00, 0x00, 0x00, 0x02, 0x00, 0x3C, 0x23, 0x00, 0x00,
	0x29, 0x7A, 0xB4, 0xB8, 0x1C, 0x00, 0x00, 0x12, 0x7C, 0x80, 0x00, 0x00, 0x16, 0x00, 0x00, 0x00,
	0x00, 0x00, 0x80, 0x00, 0x00, 0xC8, 0x10, 0x00, 0x26, 0x00, 0x00, 0x00, 0x02, 0x00, 0x02, 0x00,
	0x14, 0x23, 0x00, 0x00, 0x29, 0x84, 0xB4, 0xB8, 0x1C, 0x00, 0x00, 0x00, 0x14, 0x80, 0x00, 0x00,
	0x16, 0x20, 0x01, 0x00, 0x00, 0x00, 0x80, 0x00, 0x10, 0xE8, 0x10, 0x00, 0x26, 0x00, 0x00, 0x00,
	0x00, 0x00, 0x02, 0x00, 0x28, 0x24, 0x00, 0x00, 0x29, 0x8E, 0xB4, 0xB8, 0x1C, 0x00, 0x00, 0x12,
	0x68, 0x80, 0x00, 0x00, 0x16, 0x00, 0x00, 0x00, 0x00, 0x00, 0x80, 0x00, 0x00, 0x08, 0x11, 0x00,
	0x26, 0x00, 0x00, 0x00, 0x02, 0x00, 0x02, 0x00, 0x00, 0x24, 0x00, 0x00, 0x29, 0x98, 0xB4, 0xB8,
	0x1C, 0x00, 0x00, 0x00, 0x00, 0x80, 0x00, 0x00, 0x16, 0x20, 0x01, 0x00, 0x00, 0x00, 0x80, 0x00,
	0x10, 0x28, 0x11, 0x00, 0x26, 0x00, 0x00, 0x00, 0x00, 0x00, 0x02, 0x00, 0x3C, 0x25, 0x00, 0x00,
	0x29, 0xA2, 0xB4, 0xB8, 0x1C, 0x00, 0x00, 0x12, 0x7C, 0x80, 0x00, 0x00, 0x16, 0x00, 0x00, 0x00,
	0x00, 0x00, 0x80, 0x00, 0x00, 0x48, 0x11, 0x00, 0x26, 0x00, 0x00, 0x00, 0x02, 0x00, 0x02, 0x00,
	0x14, 0x25, 0x00, 0x00, 0x29, 0xAC, 0xB4, 0xB8, 0x1C, 0x00, 0x00, 0x00, 0x14, 0x80, 0x00, 0x00,
	0x16, 0x20, 0x01, 0x00, 0x00, 0x00, 0x80, 0x00, 0x10, 0x68, 0x11, 0x00, 0x26, 0x00, 0x00, 0x00,
	0x00, 0x00, 0x02, 0x00, 0x28, 0x26, 0x00, 0x00, 0x29, 0xB6, 0xB4, 0xB8, 0x1C, 0x00, 0x00, 0x12,
	0x68, 0x80, 0x00, 0x00, 0x2E, 0x00, 0x5E, 0x00, 0x00, 0x00, 0x78, 0xC0, 0x00, 0x50, 0x00, 0x00,
	0x00, 0x00, 0x00, 0x00, 0x00, 0x00, 0x00, 0x00, 0x00, 0x00, 0x00, 0x00, 0x00, 0x00, 0x14, 0x00,
	0x00, 0x00, 0x00, 0x00, 0x00, 0x00, 0x00, 0x00, 0x00, 0x00, 0x00, 0x00, 0x00, 0x00, 0x00, 0x00,
	0x00, 0x00, 0x00, 0x00, 0x00, 0x00, 0x14, 0x00, 0x00, 0x00, 0x00, 0x00, 0x00, 0x00, 0x00, 0x00,
	0x0E, 0x00, 0x5C, 0x00, 0x00, 0x00, 0x78, 0x00, 0x00, 0x00, 0x00, 0x00, 0x28, 0x00, 0x00, 0x00,
	0x00, 0x00, 0x00, 0x00, 0x00, 0x00, 0x00, 0x00, 0x38, 0x00, 0x00, 0x00, 0x00, 0x00, 0x00, 0x00,
	0x00, 0x00, 0x0A, 0x33, 0x16, 0x00, 0x00, 0x00, 0x00, 0x00, 0x40, 0x02, 0x00, 0x88, 0x11, 0x00,
	0x16, 0x20, 0x01, 0x00, 0x00, 0x00, 0x40, 0x02, 0x10, 0x18, 0x12, 0x00, 0x26, 0x00, 0x00, 0x00,
	0x02, 0x00, 0x02, 0x00, 0x00, 0x26, 0x00, 0x00, 0x29, 0x98, 0xBC, 0xB8, 0x04, 0x00, 0x00, 0x00,
	0x40, 0x80, 0x00, 0x00, 0x16, 0x00, 0x00, 0x00, 0x00, 0x00, 0x40, 0x02, 0x10, 0xA8, 0x12, 0x00,
	0x16, 0x20, 0x01, 0x00, 0x00, 0x00, 0x40, 0x02, 0x00, 0x38, 0x13, 0x00, 0x26, 0x00, 0x00, 0x00,
	0x00, 0x00, 0x02, 0x00, 0x3C, 0x27, 0x00, 0x00, 0x29, 0x9A, 0xBC, 0xB8, 0x04, 0x00, 0x00, 0x00,
	0x3C, 0x80, 0x20, 0x00, 0x16, 0x00, 0x00, 0x00, 0x00, 0x00, 0x40, 0x02, 0x00, 0xC8, 0x13, 0x00,
	0x16, 0x20, 0x01, 0x00, 0x00, 0x00, 0x40, 0x02, 0x10, 0x58, 0x14, 0x00, 0x26, 0x00, 0x00, 0x00,
	0x02, 0x00, 0x02, 0x00, 0x14, 0x27, 0x00, 0x00, 0x29, 0x9D, 0xBC, 0xB8, 0x04, 0x00, 0x00, 0x00,
	0x54, 0x80, 0x00, 0x00, 0x16, 0x00, 0x00, 0x00, 0x00, 0x00, 0x40, 0x02, 0x10, 0xE8, 0x14, 0x00,
	0x16, 0x20, 0x01, 0x00, 0x00, 0x00, 0x40, 0x02, 0x00, 0x78, 0x15, 0x00, 0x26, 0x00, 0x00, 0x00,
	0x00, 0x00, 0x02, 0x00, 0x28, 0x28, 0x00, 0x00, 0x29, 0x9F, 0xBC, 0xB8, 0x04, 0x00, 0x00, 0x00,
	0x28, 0x80, 0x20, 0x00, 0x16, 0x00, 0x00, 0x00, 0x00, 0x00, 0x40, 0x02, 0x00, 0x08, 0x16, 0x00,
	0x16, 0x20, 0x01, 0x00, 0x00, 0x00, 0x40, 0x02, 0x10, 0x98, 0x16, 0x00, 0x26, 0x00, 0x00, 0x00,
	0x02, 0x00, 0x02, 0x00, 0x00, 0x28, 0x00, 0x00, 0x29, 0xA2, 0xBC, 0xB8, 0x04, 0x00, 0x00, 0x00,
	0x40, 0x80, 0x00, 0x00, 0x16, 0x00, 0x00, 0x00, 0x00, 0x00, 0x40, 0x02, 0x10, 0x28, 0x17, 0x00,
	0x16, 0x20, 0x01, 0x00, 0x00, 0x00, 0x40, 0x02, 0x00, 0xB8, 0x17, 0x00, 0x26, 0x00, 0x00, 0x00,
	0x00, 0x00, 0x02, 0x00, 0x3C, 0x29, 0x00, 0x00, 0x29, 0xA4, 0xBC, 0xB8, 0x04, 0x00, 0x00, 0x00,
	0x3C, 0x80, 0x20, 0x00, 0x16, 0x00, 0x00, 0x00, 0x00, 0x00, 0x40, 0x02, 0x00, 0x48, 0x18, 0x00,
	0x16, 0x20, 0x01, 0x00, 0x00, 0x00, 0x40, 0x02, 0x10, 0xD8, 0x18, 0x00, 0x26, 0x00, 0x00, 0x00,
	0x02, 0x00, 0x02, 0x00, 0x14, 0x29, 0x00, 0x00, 0x29, 0xA7, 0xBC, 0xB8, 0x04, 0x00, 0x00, 0x00,
	0x54, 0x80, 0x00, 0x00, 0x16, 0x00, 0x00, 0x00, 0x00, 0x00, 0x40, 0x02, 0x10, 0x68, 0x19, 0x00,
	0x16, 0x20, 0x01, 0x00, 0x00, 0x00, 0x40, 0x02, 0x00, 0xF8, 0x19, 0x00, 0x26, 0x00, 0x00, 0x00,
	0x00, 0x00, 0x02, 0x00, 0x28, 0x2A, 0x00, 0x00, 0x29, 0xA9, 0xBC, 0xB8, 0x04, 0x00, 0x00, 0x00,
	0x28, 0x80, 0x20, 0x00, 0x16, 0x00, 0x00, 0x00, 0x00, 0x00, 0x40, 0x02, 0x00, 0x88, 0x1A, 0x00,
	0x16, 0x20, 0x01, 0x00, 0x00, 0x00, 0x40, 0x02, 0x10, 0x18, 0x1B, 0x00, 0x26, 0x00, 0x00, 0x00,
	0x02, 0x00, 0x02, 0x00, 0x00, 0x2A, 0x00, 0x00, 0x29, 0xAC, 0xBC, 0xB8, 0x04, 0x00, 0x00, 0x00,
	0x40, 0x80, 0x00, 0x00, 0x16, 0x00, 0x00, 0x00, 0x00, 0x00, 0x40, 0x02, 0x10, 0xA8, 0x1B, 0x00,
	0x16, 0x20, 0x01, 0x00, 0x00, 0x00, 0x40, 0x02, 0x00, 0x38, 0x1C, 0x00, 0x26, 0x00, 0x00, 0x00,
	0x00, 0x00, 0x02, 0x00, 0x3C, 0x2B, 0x00, 0x00, 0x29, 0xAE, 0xBC, 0xB8, 0x04, 0x00, 0x00, 0x00,
	0x3C, 0x80, 0x20, 0x00, 0x16, 0x00, 0x00, 0x00, 0x00, 0x00, 0x40, 0x02, 0x00, 0xC8, 0x1C, 0x00,
	0x16, 0x20, 0x01, 0x00, 0x00, 0x00, 0x40, 0x02, 0x10, 0x58, 0x1D, 0x00, 0x26, 0x00, 0x00, 0x00,
	0x02, 0x00, 0x02, 0x00, 0x14, 0x2B, 0x00, 0x00, 0x29, 0xB1, 0xBC, 0xB8, 0x04, 0x00, 0x00, 0x00,
	0x54, 0x80, 0x00, 0x00, 0x16, 0x00, 0x00, 0x00, 0x00, 0x00, 0x40, 0x02, 0x10, 0xE8, 0x1D, 0x00,
	0x16, 0x20, 0x01, 0x00, 0x00, 0x00, 0x40, 0x02, 0x00, 0x78, 0x1E, 0x00, 0x26, 0x00, 0x00, 0x00,
	0x00, 0x00, 0x02, 0x00, 0x28, 0x2C, 0x00, 0x00, 0x29, 0xB3, 0xBC, 0xB8, 0x04, 0x00, 0x00, 0x00,
	0x28, 0x80, 0x20, 0x00, 0x16, 0x00, 0x00, 0x00, 0x00, 0x00, 0x40, 0x02, 0x00, 0x08, 0x1F, 0x00,
	0x16, 0x20, 0x01, 0x00, 0x00, 0x00, 0x40, 0x02, 0x10, 0x98, 0x1F, 0x00, 0x26, 0x00, 0x00, 0x00,
	0x02, 0x00, 0x02, 0x00, 0x00, 0x2C, 0x00, 0x00, 0x29, 0xB6, 0xBC, 0xB8, 0x04, 0x00, 0x00, 0x00,
	0x40, 0x80, 0x00, 0x00, 0x16, 0x00, 0x00, 0x00, 0x00, 0x00, 0x40, 0x02, 0x10, 0x28, 0x20, 0x00,
	0x16, 0x20, 0x01, 0x00, 0x00, 0x00, 0x40, 0x02, 0x00, 0xB8, 0x20, 0x00, 0x26, 0x00, 0x00, 0x00,
	0x00, 0x00, 0x02, 0x00, 0x3C, 0x2D, 0x00, 0x00, 0x29, 0xB8, 0xBC, 0xB8, 0x04, 0x00, 0x00, 0x00,
	0x3C, 0x80, 0x20, 0x00, 0x16, 0x00, 0x00, 0x00, 0x00, 0x00, 0x40, 0x02, 0x00, 0x48, 0x21, 0x00,
	0x16, 0x20, 0x01, 0x00, 0x00, 0x00, 0x40, 0x02, 0x10, 0xD8, 0x21, 0x00, 0x26, 0x00, 0x00, 0x00,
	0x02, 0x00, 0x02, 0x00, 0x14, 0x2D, 0x00, 0x00, 0x29, 0xBB, 0xBC, 0xB8, 0x04, 0x00, 0x00, 0x00,
	0x54, 0x80, 0x00, 0x00, 0x16, 0x00, 0x00, 0x00, 0x00, 0x00, 0x40, 0x02, 0x10, 0x68, 0x22, 0x00,
	0x16, 0x20, 0x01, 0x00, 0x00, 0x00, 0x40, 0x02, 0x00, 0xF8, 0x22, 0x00, 0x26, 0x00, 0x00, 0x00,
	0x00, 0x00, 0x02, 0x00, 0x28, 0x2E, 0x00, 0x00, 0x29, 0xBD, 0xBC, 0xB8, 0x04, 0x00, 0x00, 0x00,
	0x28, 0x80, 0x20, 0x00, 0x2E, 0x00, 0x63, 0x00, 0x00, 0x00, 0x1E, 0x00, 0x01, 0xC0, 0x03, 0x00,
	0x00, 0x00, 0x00, 0x00, 0x00, 0x00, 0x00, 0x00, 0x00, 0x00, 0x00, 0x00, 0x00, 0x00, 0x14, 0x00,
	0x00, 0x00, 0x00, 0x00, 0x00, 0x00, 0x00, 0x00, 0x0E, 0x00, 0x64, 0x00, 0x00, 0x00, 0x78, 0x00,
	0x00, 0x23, 0x00, 0x00, 0x28, 0x00, 0x00, 0x00, 0x00, 0x00, 0x00, 0x00, 0x00, 0x00, 0x00, 0x00,
	0x38, 0x00, 0x00, 0x00, 0x00, 0x00, 0x00, 0x00, 0x00, 0x00, 0x0A, 0x33, 0x16, 0x00, 0x00, 0x00,
	0x00, 0x00, 0x40, 0x02, 0x00, 0x88, 0x11, 0x00, 0x16, 0x20, 0x01, 0x00, 0x00, 0x00, 0x40, 0x02,
	0x10, 0x18, 0x12, 0x00, 0x26, 0x00, 0x00, 0x00, 0x02, 0x00, 0x02, 0x00, 0x00, 0x26, 0x00, 0x00,
	0x29, 0x98, 0xBC, 0xC0, 0x10, 0x00, 0x00, 0x00, 0x40, 0x80, 0x00, 0x00, 0x16, 0x00, 0x00, 0x00,
	0x00, 0x00, 0x40, 0x02, 0x10, 0xA8, 0x12, 0x00, 0x16, 0x20, 0x01, 0x00, 0x00, 0x00, 0x40, 0x02,
	0x00, 0x38, 0x13, 0x00, 0x26, 0x00, 0x00, 0x00, 0x00, 0x00, 0x02, 0x00, 0x3C, 0x27, 0x00, 0x00,
	0x29, 0x9A, 0xBC, 0xC0, 0x10, 0x00, 0x00, 0x00, 0x3C, 0x80, 0x20, 0x00, 0x16, 0x00, 0x00, 0x00,
	0x00, 0x00, 0x40, 0x02, 0x00, 0xC8, 0x13, 0x00, 0x16, 0x20, 0x01, 0x00, 0x00, 0x00, 0x40, 0x02,
	0x10, 0x58, 0x14, 0x00, 0x26, 0x00, 0x00, 0x00, 0x02, 0x00, 0x02, 0x00, 0x14, 0x27, 0x00, 0x00,
	0x29, 0x9D, 0xBC, 0xC0, 0x10, 0x00, 0x00, 0x00, 0x54, 0x80, 0x00, 0x00, 0x16, 0x00, 0x00, 0x00,
	0x00, 0x00, 0x40, 0x02, 0x10, 0xE8, 0x14, 0x00, 0x16, 0x20, 0x01, 0x00, 0x00, 0x00, 0x40, 0x02,
	0x00, 0x78, 0x15, 0x00, 0x26, 0x00, 0x00, 0x00, 0x00, 0x00, 0x02, 0x00, 0x28, 0x28, 0x00, 0x00,
	0x29, 0x9F, 0xBC, 0xC0, 0x10, 0x00, 0x00, 0x00, 0x28, 0x80, 0x20, 0x00, 0x16, 0x00, 0x00, 0x00,
	0x00, 0x00, 0x40, 0x02, 0x00, 0x08, 0x16, 0x00, 0x16, 0x20, 0x01, 0x00, 0x00, 0x00, 0x40, 0x02,
	0x10, 0x98, 0x16, 0x00, 0x26, 0x00, 0x00, 0x00, 0x02, 0x00, 0x02, 0x00, 0x00, 0x28, 0x00, 0x00,
	0x29, 0xA2, 0xBC, 0xC0, 0x10, 0x00, 0x00, 0x00, 0x40, 0x80, 0x00, 0x00, 0x16, 0x00, 0x00, 0x00,
	0x00, 0x00, 0x40, 0x02, 0x10, 0x28, 0x17, 0x00, 0x16, 0x20, 0x01, 0x00, 0x00, 0x00, 0x40, 0x02,
	0x00, 0xB8, 0x17, 0x00, 0x26, 0x00, 0x00, 0x00, 0x00, 0x00, 0x02, 0x00, 0x3C, 0x29, 0x00, 0x00,
	0x29, 0xA4, 0xBC, 0xC0, 0x10, 0x00, 0x00, 0x00, 0x3C, 0x80, 0x20, 0x00, 0x16, 0x00, 0x00, 0x00,
	0x00, 0x00, 0x40, 0x02, 0x00, 0x48, 0x18, 0x00, 0x16, 0x20, 0x01, 0x00, 0x00, 0x00, 0x40, 0x02,
	0x10, 0xD8, 0x18, 0x00, 0x26, 0x00, 0x00, 0x00, 0x02, 0x00, 0x02, 0x00, 0x14, 0x29, 0x00, 0x00,
	0x29, 0xA7, 0xBC, 0xC0, 0x10, 0x00, 0x00, 0x00, 0x54, 0x80, 0x00, 0x00, 0x16, 0x00, 0x00, 0x00,
	0x00, 0x00, 0x40, 0x02, 0x10, 0x68, 0x19, 0x00, 0x16, 0x20, 0x01, 0x00, 0x00, 0x00, 0x40, 0x02,
	0x00, 0xF8, 0x19, 0x00, 0x26, 0x00, 0x00, 0x00, 0x00, 0x00, 0x02, 0x00, 0x28, 0x2A, 0x00, 0x00,
	0x29, 0xA9, 0xBC, 0xC0, 0x10, 0x00, 0x00, 0x00, 0x28, 0x80, 0x20, 0x00, 0x16, 0x00, 0x00, 0x00,
	0x00, 0x00, 0x40, 0x02, 0x00, 0x88, 0x1A, 0x00, 0x16, 0x20, 0x01, 0x00, 0x00, 0x00, 0x40, 0x02,
	0x10, 0x18, 0x1B, 0x00, 0x26, 0x00, 0x00, 0x00, 0x02, 0x00, 0x02, 0x00, 0x00, 0x2A, 0x00, 0x00,
	0x29, 0xAC, 0xBC, 0xC0, 0x10, 0x00, 0x00, 0x00, 0x40, 0x80, 0x00, 0x00, 0x16, 0x00, 0x00, 0x00,
	0x00, 0x00, 0x40, 0x02, 0x10, 0xA8, 0x1B, 0x00, 0x16, 0x20, 0x01, 0x00, 0x00, 0x00, 0x40, 0x02,
	0x00, 0x38, 0x1C, 0x00, 0x26, 0x00, 0x00, 0x00, 0x00, 0x00, 0x02, 0x00, 0x3C, 0x2B, 0x00, 0x00,
	0x29, 0xAE, 0xBC, 0xC0, 0x10, 0x00, 0x00, 0x00, 0x3C, 0x80, 0x20, 0x00, 0x16, 0x00, 0x00, 0x00,
	0x00, 0x00, 0x40, 0x02, 0x00, 0xC8, 0x1C, 0x00, 0x16, 0x20, 0x01, 0x00, 0x00, 0x00, 0x40, 0x02,
	0x10, 0x58, 0x1D, 0x00, 0x26, 0x00, 0x00, 0x00, 0x02, 0x00, 0x02, 0x00, 0x14, 0x2B, 0x00, 0x00,
	0x29, 0xB1, 0xBC, 0xC0, 0x10, 0x00, 0x00, 0x00, 0x54, 0x80, 0x00, 0x00, 0x16, 0x00, 0x00, 0x00,
	0x00, 0x00, 0x40, 0x02, 0x10, 0xE8, 0x1D, 0x00, 0x16, 0x20, 0x01, 0x00, 0x00, 0x00, 0x40, 0x02,
	0x00, 0x78, 0x1E, 0x00, 0x26, 0x00, 0x00, 0x00, 0x00, 0x00, 0x02, 0x00, 0x28, 0x2C, 0x00, 0x00,
	0x29, 0xB3, 0xBC, 0xC0, 0x10, 0x00, 0x00, 0x00, 0x28, 0x80, 0x20, 0x00, 0x16, 0x00, 0x00, 0x00,
	0x00, 0x00, 0x40, 0x02, 0x00, 0x08, 0x1F, 0x00, 0x16, 0x20, 0x01, 0x00, 0x00, 0x00, 0x40, 0x02,
	0x10, 0x98, 0x1F, 0x00, 0x26, 0x00, 0x00, 0x00, 0x02, 0x00, 0x02, 0x00, 0x00, 0x2C, 0x00, 0x00,
	0x29, 0xB6, 0xBC, 0xC0, 0x10, 0x00, 0x00, 0x00, 0x40, 0x80, 0x00, 0x00, 0x16, 0x00, 0x00, 0x00,
	0x00, 0x00, 0x40, 0x02, 0x10, 0x28, 0x20, 0x00, 0x16, 0x20, 0x01, 0x00, 0x00, 0x00, 0x40, 0x02,
	0x00, 0xB8, 0x20, 0x00, 0x26, 0x00, 0x00, 0x00, 0x00, 0x00, 0x02, 0x00, 0x3C, 0x2D, 0x00, 0x00,
	0x29, 0xB8, 0xBC, 0xC0, 0x10, 0x00, 0x00, 0x00, 0x3C, 0x80, 0x20, 0x00, 0x16, 0x00, 0x00, 0x00,
	0x00, 0x00, 0x40, 0x02, 0x00, 0x48, 0x21, 0x00, 0x16, 0x20, 0x01, 0x00, 0x00, 0x00, 0x40, 0x02,
	0x10, 0xD8, 0x21, 0x00, 0x26, 0x00, 0x00, 0x00, 0x02, 0x00, 0x02, 0x00, 0x14, 0x2D, 0x00, 0x00,
	0x29, 0xBB, 0xBC, 0xC0, 0x10, 0x00, 0x00, 0x00, 0x54, 0x80, 0x00, 0x00, 0x16, 0x00, 0x00, 0x00,
	0x00, 0x00, 0x40, 0x02, 0x10, 0x68, 0x22, 0x00, 0x16, 0x20, 0x01, 0x00, 0x00, 0x00, 0x40, 0x02,
	0x00, 0xF8, 0x22, 0x00, 0x26, 0x00, 0x00, 0x00, 0x00, 0x00, 0x02, 0x00, 0x28, 0x2E, 0x00, 0x00,
	0x29, 0xBD, 0xBC, 0xC0, 0x10, 0x00, 0x00, 0x00, 0x28, 0x80, 0x20, 0x00, 0x2E, 0x00, 0x63, 0x00,
	0x00, 0x00, 0x1E, 0x00, 0x01, 0xCA, 0x03, 0x00, 0x00, 0x00, 0x00, 0x00, 0x00, 0x00, 0x00, 0x00,
	0x00, 0x00, 0x00, 0x00, 0x00, 0x00, 0x14, 0x00, 0x00, 0x00, 0x00, 0x00, 0x00, 0x00, 0x00, 0x00,
	0x0E, 0x00, 0x64, 0x00, 0x00, 0x00, 0x78, 0x00, 0x00, 0x4B, 0x00, 0x00, 0x28, 0x00, 0x00, 0x00,
	0x00, 0x00, 0x00, 0x00, 0x00, 0x00, 0x00, 0x00, 0x38, 0x00, 0x00, 0x00, 0x00, 0x00, 0x00, 0x00,
	0x00, 0x00, 0x0A, 0x33, 0x16, 0x00, 0x00, 0x00, 0x00, 0x00, 0x40, 0x02, 0x00, 0x88, 0x11, 0x00,
	0x16, 0x20, 0x01, 0x00, 0x00, 0x00, 0x40, 0x02, 0x10, 0x18, 0x12, 0x00, 0x26, 0x00, 0x00, 0x00,
	0x02, 0x00, 0x02, 0x00, 0x00, 0x26, 0x00, 0x00, 0x29, 0x98, 0xBC, 0xC0, 0x10, 0x00, 0x00, 0x00,
	0x40, 0x80, 0x00, 0x00, 0x16, 0x00, 0x00, 0x00, 0x00, 0x00, 0x40, 0x02, 0x10, 0xA8, 0x12, 0x00,
	0x16, 0x20, 0x01, 0x00, 0x00, 0x00, 0x40, 0x02, 0x00, 0x38, 0x13, 0x00, 0x26, 0x00, 0x00, 0x00,
	0x00, 0x00, 0x02, 0x00, 0x3C, 0x27, 0x00, 0x00, 0x29, 0x9A, 0xBC, 0xC0, 0x10, 0x00, 0x00, 0x00,
	0x3C, 0x80, 0x20, 0x00, 0x16, 0x00, 0x00, 0x00, 0x00, 0x00, 0x40, 0x02, 0x00, 0xC8, 0x13, 0x00,
	0x16, 0x20, 0x01, 0x00, 0x00, 0x00, 0x40, 0x02, 0x10, 0x58, 0x14, 0x00, 0x26, 0x00, 0x00, 0x00,
	0x02, 0x00, 0x02, 0x00, 0x14, 0x27, 0x00, 0x00, 0x29, 0x9D, 0xBC, 0xC0, 0x10, 0x00, 0x00, 0x00,
	0x54, 0x80, 0x00, 0x00, 0x16, 0x00, 0x00, 0x00, 0x00, 0x00, 0x40, 0x02, 0x10, 0xE8, 0x14, 0x00,
	0x16, 0x20, 0x01, 0x00, 0x00, 0x00, 0x40, 0x02, 0x00, 0x78, 0x15, 0x00, 0x26, 0x00, 0x00, 0x00,
	0x00, 0x00, 0x02, 0x00, 0x28, 0x28, 0x00, 0x00, 0x29, 0x9F, 0xBC, 0xC0, 0x10, 0x00, 0x00, 0x00,
	0x28, 0x80, 0x20, 0x00, 0x16, 0x00, 0x00, 0x00, 0x00, 0x00, 0x40, 0x02, 0x00, 0x08, 0x16, 0x00,
	0x16, 0x20, 0x01, 0x00, 0x00, 0x00, 0x40, 0x02, 0x10, 0x98, 0x16, 0x00, 0x26, 0x00, 0x00, 0x00,
	0x02, 0x00, 0x02, 0x00, 0x00, 0x28, 0x00, 0x00, 0x29, 0xA2, 0xBC, 0xC0, 0x10, 0x00, 0x00, 0x00,
	0x40, 0x80, 0x00, 0x00, 0x16, 0x00, 0x00, 0x00, 0x00, 0x00, 0x40, 0x02, 0x10, 0x28, 0x17, 0x00,
	0x16, 0x20, 0x01, 0x00, 0x00, 0x00, 0x40, 0x02, 0x00, 0xB8, 0x17, 0x00, 0x26, 0x00, 0x00, 0x00,
	0x00, 0x00, 0x02, 0x00, 0x3C, 0x29, 0x00, 0x00, 0x29, 0xA4, 0xBC, 0xC0, 0x10, 0x00, 0x00, 0x00,
	0x3C, 0x80, 0x20, 0x00, 0x16, 0x00, 0x00, 0x00, 0x00, 0x00, 0x40, 0x02, 0x00, 0x48, 0x18, 0x00,
	0x16, 0x20, 0x01, 0x00, 0x00, 0x00, 0x40, 0x02, 0x10, 0xD8, 0x18, 0x00, 0x26, 0x00, 0x00, 0x00,
	0x02, 0x00, 0x02, 0x00, 0x14, 0x29, 0x00, 0x00, 0x29, 0xA7, 0xBC, 0xC0, 0x10, 0x00, 0x00, 0x00,
	0x54, 0x80, 0x00, 0x00, 0x16, 0x00, 0x00, 0x00, 0x00, 0x00, 0x40, 0x02, 0x10, 0x68, 0x19, 0x00,
	0x16, 0x20, 0x01, 0x00, 0x00, 0x00, 0x40, 0x02, 0x00, 0xF8, 0x19, 0x00, 0x26, 0x00, 0x00, 0x00,
	0x00, 0x00, 0x02, 0x00, 0x28, 0x2A, 0x00, 0x00, 0x29, 0xA9, 0xBC, 0xC0, 0x10, 0x00, 0x00, 0x00,
	0x28, 0x80, 0x20, 0x00, 0x16, 0x00, 0x00, 0x00, 0x00, 0x00, 0x40, 0x02, 0x00, 0x88, 0x1A, 0x00,
	0x16, 0x20, 0x01, 0x00, 0x00, 0x00, 0x40, 0x02, 0x10, 0x18, 0x1B, 0x00, 0x26, 0x00, 0x00, 0x00,
	0x02, 0x00, 0x02, 0x00, 0x00, 0x2A, 0x00, 0x00, 0x29, 0xAC, 0xBC, 0xC0, 0x10, 0x00, 0x00, 0x00,
	0x40, 0x80, 0x00, 0x00, 0x16, 0x00, 0x00, 0x00, 0x00, 0x00, 0x40, 0x02, 0x10, 0xA8, 0x1B, 0x00,
	0x16, 0x20, 0x01, 0x00, 0x00, 0x00, 0x40, 0x02, 0x00, 0x38, 0x1C, 0x00, 0x26, 0x00, 0x00, 0x00,
	0x00, 0x00, 0x02, 0x00, 0x3C, 0x2B, 0x00, 0x00, 0x29, 0xAE, 0xBC, 0xC0, 0x10, 0x00, 0x00, 0x00,
	0x3C, 0x80, 0x20, 0x00, 0x16, 0x00, 0x00, 0x00, 0x00, 0x00, 0x40, 0x02, 0x00, 0xC8, 0x1C, 0x00,
	0x16, 0x20, 0x01, 0x00, 0x00, 0x00, 0x40, 0x02, 0x10, 0x58, 0x1D, 0x00, 0x26, 0x00, 0x00, 0x00,
	0x02, 0x00, 0x02, 0x00, 0x14, 0x2B, 0x00, 0x00, 0x29, 0xB1, 0xBC, 0xC0, 0x10, 0x00, 0x00, 0x00,
	0x54, 0x80, 0x00, 0x00, 0x16, 0x00, 0x00, 0x00, 0x00, 0x00, 0x40, 0x02, 0x10, 0xE8, 0x1D, 0x00,
	0x16, 0x20, 0x01, 0x00, 0x00, 0x00, 0x40, 0x02, 0x00, 0x78, 0x1E, 0x00, 0x26, 0x00, 0x00, 0x00,
	0x00, 0x00, 0x02, 0x00, 0x28, 0x2C, 0x00, 0x00, 0x29, 0xB3, 0xBC, 0xC0, 0x10, 0x00, 0x00, 0x00,
	0x28, 0x80, 0x20, 0x00, 0x16, 0x00, 0x00, 0x00, 0x00, 0x00, 0x40, 0x02, 0x00, 0x08, 0x1F, 0x00,
	0x16, 0x20, 0x01, 0x00, 0x00, 0x00, 0x40, 0x02, 0x10, 0x98, 0x1F, 0x00, 0x26, 0x00, 0x00, 0x00,
	0x02, 0x00, 0x02, 0x00, 0x00, 0x2C, 0x00, 0x00, 0x29, 0xB6, 0xBC, 0xC0, 0x10, 0x00, 0x00, 0x00,
	0x40, 0x80, 0x00, 0x00, 0x16, 0x00, 0x00, 0x00, 0x00, 0x00, 0x40, 0x02, 0x10, 0x28, 0x20, 0x00,
	0x16, 0x20, 0x01, 0x00, 0x00, 0x00, 0x40, 0x02, 0x00, 0xB8, 0x20, 0x00, 0x26, 0x00, 0x00, 0x00,
	0x00, 0x00, 0x02, 0x00, 0x3C, 0x2D, 0x00, 0x00, 0x29, 0xB8, 0xBC, 0xC0, 0x10, 0x00, 0x00, 0x00,
	0x3C, 0x80, 0x20, 0x00, 0x16, 0x00, 0x00, 0x00, 0x00, 0x00, 0x40, 0x02, 0x00, 0x48, 0x21, 0x00,
	0x16, 0x20, 0x01, 0x00, 0x00, 0x00, 0x40, 0x02, 0x10, 0xD8, 0x21, 0x00, 0x26, 0x00, 0x00, 0x00,
	0x02, 0x00, 0x02, 0x00, 0x14, 0x2D, 0x00, 0x00, 0x29, 0xBB, 0xBC, 0xC0, 0x10, 0x00, 0x00, 0x00,
	0x54, 0x80, 0x00, 0x00, 0x16, 0x00, 0x00, 0x00, 0x00, 0x00, 0x40, 0x02, 0x10, 0x68, 0x22, 0x00,
	0x16, 0x20, 0x01, 0x00, 0x00, 0x00, 0x40, 0x02, 0x00, 0xF8, 0x22, 0x00, 0x26, 0x00, 0x00, 0x00,
	0x00, 0x00, 0x02, 0x00, 0x28, 0x2E, 0x00, 0x00, 0x29, 0xBD, 0xBC, 0xC0, 0x10, 0x00, 0x00, 0x00,
	0x28, 0x80, 0x20, 0x00, 0x2E, 0x00, 0x63, 0x00, 0x00, 0x00, 0x1E, 0x00, 0x01, 0xD4, 0x03, 0x00,
	0x00, 0x00, 0x00, 0x00, 0x00, 0x00, 0x00, 0x00, 0x00, 0x00, 0x00, 0x00, 0x00, 0x00, 0x14, 0x00,
	0x00, 0x00, 0x00, 0x00, 0x00, 0x00, 0x00, 0x00, 0x66, 0x00, 0x00, 0x00, 0x00, 0x00, 0x80, 0x07,
	0x00, 0xC0, 0x03, 0x00, 0x28, 0x00, 0x00, 0x00, 0x00, 0x00, 0x00, 0x00, 0x00, 0x00, 0x00, 0x00,
	0x38, 0x00, 0x00, 0x00, 0x00, 0x00, 0x00, 0x00, 0x00, 0x00, 0x46, 0x33, 0x16, 0x00, 0x00, 0x00,
	0x00, 0x00, 0x00, 0x01, 0x00, 0x88, 0x23, 0x00, 0x26, 0x00, 0x00, 0x00, 0x02, 0x00, 0x02, 0x00,
	0x00, 0x2E, 0x00, 0x00, 0x29, 0x84, 0xC4, 0xC8, 0x1C, 0x00, 0x00, 0x00, 0x00, 0x80, 0x00, 0x00,
	0x16, 0x20, 0x01, 0x00, 0x00, 0x00, 0x00, 0x01, 0x10, 0xC8, 0x23, 0x00, 0x26, 0x00, 0x00, 0x00,
	0x00, 0x00, 0x02, 0x00, 0x3C, 0x2F, 0x00, 0x00, 0x29, 0x8B, 0xC4, 0xC8, 0x1C, 0x00, 0x00, 0x12,
	0x7C, 0x80, 0x20, 0x00, 0x16, 0x00, 0x00, 0x00, 0x00, 0x00, 0x00, 0x01, 0x00, 0x08, 0x24, 0x00,
	0x26, 0x00, 0x00, 0x00, 0x02, 0x00, 0x02, 0x00, 0x14, 0x2F, 0x00, 0x00, 0x29, 0x93, 0xC4, 0xC8,
	0x1C, 0x00, 0x00, 0x00, 0x14, 0x80, 0x00, 0x00, 0x16, 0x20, 0x01, 0x00, 0x00, 0x00, 0x00, 0x01,
	0x10, 0x48, 0x24, 0x00, 0x26, 0x00, 0x00, 0x00, 0x00, 0x00, 0x02, 0x00, 0x28, 0x30, 0x00, 0x00,
	0x29, 0x9A, 0xC4, 0xC8, 0x1C, 0x00, 0x00, 0x12, 0x68, 0x80, 0x20, 0x00, 0x16, 0x00, 0x00, 0x00,
	0x00, 0x00, 0x00, 0x01, 0x00, 0x88, 0x24, 0x00, 0x26, 0x00, 0x00, 0x00, 0x02, 0x00, 0x02, 0x00,
	0x00, 0x30, 0x00, 0x00, 0x29, 0xA2, 0xC4, 0xC8, 0x1C, 0x00, 0x00, 0x00, 0x00, 0x80, 0x00, 0x00,
	0x16, 0x20, 0x01, 0x00, 0x00, 0x00, 0x00, 0x01, 0x10, 0xC8, 0x24, 0x00, 0x26, 0x00, 0x00, 0x00,
	0x00, 0x00, 0x02, 0x00, 0x3C, 0x31, 0x00, 0x00, 0x29, 0xA9, 0xC4, 0xC8, 0x1C, 0x00, 0x00, 0x12,
	0x7C, 0x80, 0x20, 0x00, 0x16, 0x00, 0x00, 0x00, 0x00, 0x00, 0x00, 0x01, 0x00, 0x08, 0x25, 0x00,
	0x26, 0x00, 0x00, 0x00, 0x02, 0x00, 0x02, 0x00, 0x14, 0x31, 0x00, 0x00, 0x29, 0xB1, 0xC4, 0xC8,
	0x1C, 0x00, 0x00, 0x00, 0x14, 0x80, 0x00, 0x00, 0x16, 0x20, 0x01, 0x00, 0x00, 0x00, 0x00, 0x01,
	0x10, 0x48, 0x25, 0x00, 0x26, 0x00, 0x00, 0x00, 0x00, 0x00, 0x02, 0x00, 0x28, 0x32, 0x00, 0x00,
	0x29, 0xB8, 0xC4, 0xC8, 0x1C, 0x00, 0x00, 0x12, 0x68, 0x80, 0x20, 0x00, 0x28, 0x00, 0x00, 0x00,
	0x00, 0x00, 0x00, 0x00, 0x00, 0x00, 0x00, 0x00, 0x38, 0x00, 0x00, 0x00, 0x00, 0x00, 0x00, 0x00,
	0x00, 0x00, 0x44, 0x33, 0x16, 0x00, 0x00, 0x00, 0x00, 0x00, 0x80, 0x00, 0x00, 0x88, 0x25, 0x00,
	0x26, 0x00, 0x00, 0x00, 0x02, 0x00, 0x02, 0x00, 0x00, 0x32, 0x00, 0x00, 0x29, 0x44, 0xC4, 0xCC,
	0x1C, 0x10, 0x02, 0x00, 0x00, 0x80, 0x00, 0x00, 0x16, 0x20, 0x01, 0x00, 0x00, 0x00, 0x80, 0x00,
	0x10, 0xA8, 0x25, 0x00, 0x26, 0x00, 0x00, 0x00, 0x00, 0x00, 0x02, 0x00, 0x3C, 0x33, 0x00, 0x00,
	0x29, 0x4B, 0xC4, 0xCC, 0x1C, 0x10, 0x02, 0x12, 0x7C, 0x80, 0x20, 0x00, 0x16, 0x00, 0x00, 0x00,
	0x00, 0x00, 0x80, 0x00, 0x00, 0xC8, 0x25, 0x00, 0x26, 0x00, 0x00, 0x00, 0x02, 0x00, 0x02, 0x00,
	0x14, 0x33, 0x00, 0x00, 0x29, 0x53, 0xC4, 0xCC, 0x1C, 0x10, 0x02, 0x00, 0x14, 0x80, 0x00, 0x00,
	0x16, 0x20, 0x01, 0x00, 0x00, 0x00, 0x80, 0x00, 0x10, 0xE8, 0x25, 0x00, 0x26, 0x00, 0x00, 0x00,
	0x00, 0x00, 0x02, 0x00, 0x28, 0x34, 0x00, 0x00, 0x29, 0x5A, 0xC4, 0xCC, 0x1C, 0x10, 0x02, 0x12,
	0x68, 0x80, 0x20, 0x00, 0x16, 0x00, 0x00, 0x00, 0x00, 0x00, 0x80, 0x00, 0x00, 0x08, 0x26, 0x00,
	0x26, 0x00, 0x00, 0x00, 0x02, 0x00, 0x02, 0x00, 0x00, 0x34, 0x00, 0x00, 0x29, 0x62, 0xC4, 0xCC,
	0x1C, 0x10, 0x02, 0x00, 0x00, 0x80, 0x00, 0x00, 0x16, 0x20, 0x01, 0x00, 0x00, 0x00, 0x80, 0x00,
	0x10, 0x28, 0x26, 0x00, 0x26, 0x00, 0x00, 0x00, 0x00, 0x00, 0x02, 0x00, 0x3C, 0x35, 0x00, 0x00,
	0x29, 0x69, 0xC4, 0xCC, 0x1C, 0x10, 0x02, 0x12, 0x7C, 0x80, 0x20, 0x00, 0x16, 0x00, 0x00, 0x00,
	0x00, 0x00, 0x80, 0x00, 0x00, 0x48, 0x26, 0x00, 0x26, 0x00, 0x00, 0x00, 0x02, 0x00, 0x02, 0x00,
	0x14, 0x35, 0x00, 0x00, 0x29, 0x71, 0xC4, 0xCC, 0x1C, 0x10, 0x02, 0x00, 0x14, 0x80, 0x00, 0x00,
	0x16, 0x20, 0x01, 0x00, 0x00, 0x00, 0x80, 0x00, 0x10, 0x68, 0x26, 0x00, 0x26, 0x00, 0x00, 0x00,
	0x00, 0x00, 0x02, 0x00, 0x28, 0x36, 0x00, 0x00, 0x29, 0x78, 0xC4, 0xCC, 0x1C, 0x10, 0x02, 0x12,
	0x68, 0x80, 0x20, 0x00, 0x28, 0x00, 0x00, 0x00, 0x00, 0x00, 0x00, 0x00, 0x00, 0x00, 0x00, 0x00,
	0x38, 0x00, 0x00, 0x00, 0x00, 0x00, 0x00, 0x00, 0x00, 0x00, 0x48, 0x33, 0x16, 0x00, 0x00, 0x00,
	0x00, 0x00, 0x40, 0x02, 0x00, 0x88, 0x26, 0x00, 0x16, 0x20, 0x01, 0x00, 0x00, 0x00, 0x40, 0x02,
	0x10, 0x18, 0x27, 0x00, 0x26, 0x00, 0x00, 0x00, 0x02, 0x00, 0x02, 0x00, 0x00, 0x36, 0x00, 0x00,
	0x29, 0x00, 0xC4, 0xD0, 0x68, 0x10, 0x01, 0x00, 0x40, 0x80, 0x00, 0x00, 0x16, 0x00, 0x00, 0x00,
	0x00, 0x00, 0x40, 0x02, 0x10, 0xA8, 0x27, 0x00, 0x16, 0x20, 0x01, 0x00, 0x00, 0x00, 0x40, 0x02,
	0x00, 0x38, 0x28, 0x00, 0x26, 0x00, 0x00, 0x00, 0x00, 0x00, 0x02, 0x00, 0x3C, 0x37, 0x00, 0x00,
	0x29, 0x07, 0xC4, 0xD0, 0x68, 0x10, 0x01, 0x00, 0x3C, 0x80, 0x20, 0x00, 0x16, 0x00, 0x00, 0x00,
	0x00, 0x00, 0x40, 0x02, 0x00, 0xC8, 0x28, 0x00, 0x16, 0x20, 0x01, 0x00, 0x00, 0x00, 0x40, 0x02,
	0x10, 0x58, 0x29, 0x00, 0x26, 0x00, 0x00, 0x00, 0x02, 0x00, 0x02, 0x00, 0x14, 0x37, 0x00, 0x00,
	0x29, 0x0F, 0xC4, 0xD0, 0x68, 0x10, 0x01, 0x00, 0x54, 0x80, 0x00, 0x00, 0x16, 0x00, 0x00, 0x00,
	0x00, 0x00, 0x40, 0x02, 0x10, 0xE8, 0x29, 0x00, 0x16, 0x20, 0x01, 0x00, 0x00, 0x00, 0x40, 0x02,
	0x00, 0x78, 0x2A, 0x00, 0x26, 0x00, 0x00, 0x00, 0x00, 0x00, 0x02, 0x00, 0x28, 0x38, 0x00, 0x00,
	0x29, 0x16, 0xC4, 0xD0, 0x68, 0x10, 0x01, 0x00, 0x28, 0x80, 0x20, 0x00, 0x16, 0x00, 0x00, 0x00,
	0x00, 0x00, 0x40, 0x02, 0x00, 0x08, 0x2B, 0x00, 0x16, 0x20, 0x01, 0x00, 0x00, 0x00, 0x40, 0x02,
	0x10, 0x98, 0x2B, 0x00, 0x26, 0x00, 0x00, 0x00, 0x02, 0x00, 0x02, 0x00, 0x00, 0x38, 0x00, 0x00,
	0x29, 0x1E, 0xC4, 0xD0, 0x68, 0x10, 0x01, 0x00, 0x40, 0x80, 0x00, 0x00, 0x16, 0x00, 0x00, 0x00,
	0x00, 0x00, 0x40, 0x02, 0x10, 0x28, 0x2C, 0x00, 0x16, 0x20, 0x01, 0x00, 0x00, 0x00, 0x40, 0x02,
	0x00, 0xB8, 0x2C, 0x00, 0x26, 0x00, 0x00, 0x00, 0x00, 0x00, 0x02, 0x00, 0x3C, 0x39, 0x00, 0x00,
	0x29, 0x25, 0xC4, 0xD0, 0x68, 0x10, 0x01, 0x00, 0x3C, 0x80, 0x20, 0x00, 0x16, 0x00, 0x00, 0x00,
	0x00, 0x00, 0x40, 0x02, 0x00, 0x48, 0x2D, 0x00, 0x16, 0x20, 0x01, 0x00, 0x00, 0x00, 0x40, 0x02,
	0x10, 0xD8, 0x2D, 0x00, 0x26, 0x00, 0x00, 0x00, 0x02, 0x00, 0x02, 0x00, 0x14, 0x39, 0x00, 0x00,
	0x29, 0x2D, 0xC4, 0xD0, 0x68, 0x10, 0x01, 0x00, 0x54, 0x80, 0x00, 0x00, 0x16, 0x00, 0x00, 0x00,
	0x00, 0x00, 0x40, 0x02, 0x10, 0x68, 0x2E, 0x00, 0x16, 0x20, 0x01, 0x00, 0x00, 0x00, 0x40, 0x02,
	0x00, 0xF8, 0x2E, 0x00, 0x26, 0x00, 0x00, 0x00, 0x00, 0x00, 0x02, 0x00, 0x28, 0x3A, 0x00, 0x00,
	0x29, 0x34, 0xC4, 0xD0, 0x68, 0x10, 0x01, 0x00, 0x28, 0x80, 0x20, 0x00, 0x40, 0x36, 0x30, 0x74,
	0x1C, 0x01, 0x00, 0x00, 0x00, 0x00, 0x00, 0x00, 0x0B, 0x00, 0xCC, 0x00, 0x10, 0x00, 0x02, 0x00,
	0x00, 0x00, 0x9C, 0x1B, 0x76, 0x00, 0x00, 0x00, 0x00, 0x00, 0xC0, 0x03, 0x00, 0xA0, 0x05, 0x00,
	0x66, 0x00, 0x01, 0x00, 0x00, 0x00, 0x80, 0x87, 0x00, 0xC0, 0x03, 0x00, 0x28, 0x00, 0x00, 0x00,
	0x00, 0x00, 0x00, 0x00, 0x00, 0x00, 0x00, 0x00, 0x38, 0x00, 0x00, 0x00, 0x00, 0x00, 0x00, 0x00,
	0x00, 0x00, 0x86, 0x33, 0x16, 0x00, 0x00, 0x00, 0x00, 0x00, 0x00, 0x01, 0x00, 0x88, 0x2F, 0x00,
	0x26, 0x00, 0x00, 0x00, 0x02, 0x00, 0x02, 0x00, 0x00, 0x3A, 0x00, 0x00, 0x29, 0x00, 0xC4, 0xC8,
	0x1C, 0x20, 0x01, 0x00, 0x00, 0x80, 0x00, 0x00, 0x16, 0x20, 0x01, 0x00, 0x00, 0x00, 0x00, 0x01,
	0x10, 0xC8, 0x2F, 0x00, 0x26, 0x00, 0x00, 0x00, 0x00, 0x00, 0x02, 0x00, 0x3C, 0x3B, 0x00, 0x00,
	0x29, 0x07, 0xC4, 0xC8, 0x1C, 0x20, 0x01, 0x12, 0x7C, 0x80, 0x20, 0x00, 0x16, 0x00, 0x00, 0x00,
	0x00, 0x00, 0x00, 0x01, 0x00, 0x08, 0x30, 0x00, 0x26, 0x00, 0x00, 0x00, 0x02, 0x00, 0x02, 0x00,
	0x14, 0x3B, 0x00, 0x00, 0x29, 0x0F, 0xC4, 0xC8, 0x1C, 0x20, 0x01, 0x00, 0x14, 0x80, 0x00, 0x00,
	0x16, 0x20, 0x01, 0x00, 0x00, 0x00, 0x00, 0x01, 0x10, 0x48, 0x30, 0x00, 0x26, 0x00, 0x00, 0x00,
	0x00, 0x00, 0x02, 0x00, 0x28, 0x3C, 0x00, 0x00, 0x29, 0x16, 0xC4, 0xC8, 0x1C, 0x20, 0x01, 0x12,
	0x68, 0x80, 0x20, 0x00, 0x16, 0x00, 0x00, 0x00, 0x00, 0x00, 0x00, 0x01, 0x00, 0x88, 0x30, 0x00,
	0x26, 0x00, 0x00, 0x00, 0x02, 0x00, 0x02, 0x00, 0x00, 0x3C, 0x00, 0x00, 0x29, 0x1E, 0xC4, 0xC8,
	0x1C, 0x20, 0x01, 0x00, 0x00, 0x80, 0x00, 0x00, 0x16, 0x20, 0x01, 0x00, 0x00, 0x00, 0x00, 0x01,
	0x10, 0xC8, 0x30, 0x00, 0x26, 0x00, 0x00, 0x00, 0x00, 0x00, 0x02, 0x00, 0x3C, 0x3D, 0x00, 0x00,
	0x29, 0x25, 0xC4, 0xC8, 0x1C, 0x20, 0x01, 0x12, 0x7C, 0x80, 0x20, 0x00, 0x16, 0x00, 0x00, 0x00,
	0x00, 0x00, 0x00, 0x01, 0x00, 0x08, 0x31, 0x00, 0x26, 0x00, 0x00, 0x00, 0x02, 0x00, 0x02, 0x00,
	0x14, 0x3D, 0x00, 0x00, 0x29, 0x2D, 0xC4, 0xC8, 0x1C, 0x20, 0x01, 0x00, 0x14, 0x80, 0x00, 0x00,
	0x16, 0x20, 0x01, 0x00, 0x00, 0x00, 0x00, 0x01, 0x10, 0x48, 0x31, 0x00, 0x26, 0x00, 0x00, 0x00,
	0x00, 0x00, 0x02, 0x00, 0x28, 0x3E, 0x00, 0x00, 0x29, 0x34, 0xC4, 0xC8, 0x1C, 0x20, 0x01, 0x12,
	0x68, 0x80, 0x20, 0x00, 0x40, 0x0B, 0x6C, 0x00, 0x00, 0x00, 0x00, 0x00, 0x00, 0x00, 0x00, 0x00,
	0xDC, 0x80, 0xCC, 0x00, 0x01, 0x00, 0x00, 0x00, 0x00, 0x00, 0xC0, 0x0B, 0x76, 0x80, 0x00, 0x00,
	0x00, 0x00, 0xC0, 0x03, 0x01, 0xC0, 0x03, 0x00, 0x00, 0x00, 0x00, 0x00, 0x00, 0x00, 0x00, 0x00,
	0x00, 0x00, 0x00, 0x00, 0x00, 0x00, 0x14, 0x00, 0x00, 0x00, 0x00, 0x00, 0x00, 0x00, 0x00, 0x00,
	0x0E, 0x00, 0x6C, 0x00, 0x00, 0x00, 0x1E, 0x00, 0x00, 0xA0, 0x05, 0x00, 0x0D, 0x80, 0xD4, 0x00,
	0x00, 0x00, 0x00, 0x00, 0x00, 0x00, 0x08, 0x00, 0x0E, 0x00, 0x6C, 0x00, 0x00, 0x00, 0x1E, 0x00,
	0x00, 0xC0, 0x03, 0x00, 0x0D, 0x40, 0xD4, 0x00, 0x00, 0x00, 0x00, 0x00, 0x00, 0x00, 0x0A, 0x00,
	0x28, 0x00, 0x00, 0x00, 0x00, 0x00, 0x00, 0x00, 0x00, 0x00, 0x00, 0x00, 0x38, 0x00, 0x00, 0x00,
	0x00, 0x00, 0x00, 0x00, 0x00, 0x00, 0x08, 0x33, 0x16, 0x00, 0x00, 0x00, 0x00, 0x00, 0x00, 0x01,
	0x00, 0x88, 0x31, 0x00, 0x26, 0x00, 0x00, 0x00, 0x02, 0x00, 0x02, 0x00, 0x00, 0x3E, 0x00, 0x00,
	0x29, 0x00, 0xD8, 0xDC, 0x1C, 0x10, 0x02, 0x00, 0x00, 0x80, 0x00, 0x00, 0x16, 0x20, 0x01, 0x00,
	0x00, 0x00, 0x00, 0x01, 0x10, 0xC8, 0x31, 0x00, 0x26, 0x00, 0x00, 0x00, 0x00, 0x00, 0x02, 0x00,
	0x3C, 0x3F, 0x00, 0x00, 0x29, 0x03, 0xD8, 0xDC, 0x1C, 0x10, 0x02, 0x12, 0x7C, 0x80, 0x30, 0x00,
	0x16, 0x00, 0x00, 0x00, 0x00, 0x00, 0x00, 0x01, 0x00, 0x08, 0x32, 0x00, 0x26, 0x00, 0x00, 0x00,
	0x02, 0x00, 0x02, 0x00, 0x14, 0x3F, 0x00, 0x00, 0x29, 0x07, 0xD8, 0xDC, 0x1C, 0x10, 0x02, 0x00,
	0x14, 0x80, 0x20, 0x00, 0x16, 0x20, 0x01, 0x00, 0x00, 0x00, 0x00, 0x01, 0x10, 0x48, 0x32, 0x00,
	0x26, 0x00, 0x00, 0x00, 0x00, 0x00, 0x02, 0x00, 0x28, 0x40, 0x00, 0x00, 0x29, 0x0B, 0xD8, 0xDC,
	0x1C, 0x10, 0x02, 0x12, 0x68, 0x80, 0x10, 0x00, 0x16, 0x00, 0x00, 0x00, 0x00, 0x00, 0x00, 0x01,
	0x00, 0x88, 0x32, 0x00, 0x26, 0x00, 0x00, 0x00, 0x02, 0x00, 0x02, 0x00, 0x00, 0x40, 0x00, 0x00,
	0x29, 0x0F, 0xD8, 0xDC, 0x1C, 0x10, 0x02, 0x00, 0x00, 0x80, 0x00, 0x00, 0x16, 0x20, 0x01, 0x00,
	0x00, 0x00, 0x00, 0x01, 0x10, 0xC8, 0x32, 0x00, 0x26, 0x00, 0x00, 0x00, 0x00, 0x00, 0x02, 0x00,
	0x3C, 0x41, 0x00, 0x00, 0x29, 0x12, 0xD8, 0xDC, 0x1C, 0x10, 0x02, 0x12, 0x7C, 0x80, 0x30, 0x00,
	0x16, 0x00, 0x00, 0x00, 0x00, 0x00, 0x00, 0x01, 0x00, 0x08, 0x33, 0x00, 0x26, 0x00, 0x00, 0x00,
	0x02, 0x00, 0x02, 0x00, 0x14, 0x41, 0x00, 0x00, 0x29, 0x16, 0xD8, 0xDC, 0x1C, 0x10, 0x02, 0x00,
	0x14, 0x80, 0x20, 0x00, 0x16, 0x20, 0x01, 0x00, 0x00, 0x00, 0x00, 0x01, 0x10, 0x48, 0x33, 0x00,
	0x26, 0x00, 0x00, 0x00, 0x00, 0x00, 0x02, 0x00, 0x28, 0x42, 0x00, 0x00, 0x29, 0x1A, 0xD8, 0xDC,
	0x1C, 0x10, 0x02, 0x12, 0x68, 0x80, 0x10, 0x00, 0x16, 0x00, 0x00, 0x00, 0x00, 0x00, 0x00, 0x01,
	0x00, 0x88, 0x33, 0x00, 0x26, 0x00, 0x00, 0x00, 0x02, 0x00, 0x02, 0x00, 0x00, 0x42, 0x00, 0x00,
	0x29, 0x1E, 0xD8, 0xDC, 0x1C, 0x10, 0x02, 0x00, 0x00, 0x80, 0x00, 0x00, 0x16, 0x20, 0x01, 0x00,
	0x00, 0x00, 0x00, 0x01, 0x10, 0xC8, 0x33, 0x00, 0x26, 0x00, 0x00, 0x00, 0x00, 0x00, 0x02, 0x00,
	0x3C, 0x43, 0x00, 0x00, 0x29, 0x21, 0xD8, 0xDC, 0x1C, 0x10, 0x02, 0x12, 0x7C, 0x80, 0x30, 0x00,
	0x16, 0x00, 0x00, 0x00, 0x00, 0x00, 0x00, 0x01, 0x00, 0x08, 0x34, 0x00, 0x26, 0x00, 0x00, 0x00,
	0x02, 0x00, 0x02, 0x00, 0x14, 0x43, 0x00, 0x00, 0x29, 0x25, 0xD8, 0xDC, 0x1C, 0x10, 0x02, 0x00,
	0x14, 0x80, 0x20, 0x00, 0x16, 0x20, 0x01, 0x00, 0x00, 0x00, 0x00, 0x01, 0x10, 0x48, 0x34, 0x00,
	0x26, 0x00, 0x00, 0x00, 0x00, 0x00, 0x02, 0x00, 0x28, 0x44, 0x00, 0x00, 0x29, 0x29, 0xD8, 0xDC,
	0x1C, 0x10, 0x02, 0x12, 0x68, 0x80, 0x10, 0x00, 0x16, 0x00, 0x00, 0x00, 0x00, 0x00, 0x00, 0x01,
	0x00, 0x88, 0x34, 0x00, 0x26, 0x00, 0x00, 0x00, 0x02, 0x00, 0x02, 0x00, 0x00, 0x44, 0x00, 0x00,
	0x29, 0x2D, 0xD8, 0xDC, 0x1C, 0x10, 0x02, 0x00, 0x00, 0x80, 0x00, 0x00, 0x16, 0x20, 0x01, 0x00,
	0x00, 0x00, 0x00, 0x01, 0x10, 0xC8, 0x34, 0x00, 0x26, 0x00, 0x00, 0x00, 0x00, 0x00, 0x02, 0x00,
	0x3C, 0x45, 0x00, 0x00, 0x29, 0x30, 0xD8, 0xDC, 0x1C, 0x10, 0x02, 0x12, 0x7C, 0x80, 0x30, 0x00,
	0x16, 0x00, 0x00, 0x00, 0x00, 0x00, 0x00, 0x01, 0x00, 0x08, 0x35, 0x00, 0x26, 0x00, 0x00, 0x00,
	0x02, 0x00, 0x02, 0x00, 0x14, 0x45, 0x00, 0x00, 0x29, 0x34, 0xD8, 0xDC, 0x1C, 0x10, 0x02, 0x00,
	0x14, 0x80, 0x20, 0x00, 0x16, 0x20, 0x01, 0x00, 0x00, 0x00, 0x00, 0x01, 0x10, 0x48, 0x35, 0x00,
	0x26, 0x00, 0x00, 0x00, 0x00, 0x00, 0x02, 0x00, 0x28, 0x46, 0x00, 0x00, 0x29, 0x38, 0xD8, 0xDC,
	0x1C, 0x10, 0x02, 0x12, 0x68, 0x80, 0x10, 0x00, 0x28, 0x00, 0x00, 0x00, 0x00, 0x00, 0x00, 0x00,
	0x00, 0x00, 0x00, 0x00, 0x38, 0x00, 0x00, 0x00, 0x00, 0x00, 0x00, 0x00, 0x00, 0x00, 0x86, 0x33,
	0x16, 0x00, 0x00, 0x00, 0x00, 0x00, 0x00, 0x01, 0x00, 0x88, 0x35, 0x00, 0x26, 0x00, 0x00, 0x00,
	0x02, 0x00, 0x02, 0x00, 0x00, 0x46, 0x00, 0x00, 0x29, 0xA2, 0xD8, 0xE0, 0x1C, 0x00, 0x00, 0x00,
	0x00, 0x80, 0x00, 0x00, 0x16, 0x20, 0x01, 0x00, 0x00, 0x00, 0x00, 0x01, 0x10, 0xC8, 0x35, 0x00,
	0x26, 0x00, 0x00, 0x00, 0x00, 0x00, 0x02, 0x00, 0x3C, 0x47, 0x00, 0x00, 0x29, 0xA5, 0xD8, 0xE0,
	0x1C, 0x00, 0x00, 0x12, 0x7C, 0x80, 0x30, 0x00, 0x16, 0x00, 0x00, 0x00, 0x00, 0x00, 0x00, 0x01,
	0x00, 0x08, 0x36, 0x00, 0x26, 0x00, 0x00, 0x00, 0x02, 0x00, 0x02, 0x00, 0x14, 0x47, 0x00, 0x00,
	0x29, 0xA9, 0xD8, 0xE0, 0x1C, 0x00, 0x00, 0x00, 0x14, 0x80, 0x20, 0x00, 0x16, 0x20, 0x01, 0x00,
	0x00, 0x00, 0x00, 0x01, 0x10, 0x48, 0x36, 0x00, 0x26, 0x00, 0x00, 0x00, 0x00, 0x00, 0x02, 0x00,
	0x28, 0x48, 0x00, 0x00, 0x29, 0xAD, 0xD8, 0xE0, 0x1C, 0x00, 0x00, 0x12, 0x68, 0x80, 0x10, 0x00,
	0x16, 0x00, 0x00, 0x00, 0x00, 0x00, 0x00, 0x01, 0x00, 0x88, 0x36, 0x00, 0x26, 0x00, 0x00, 0x00,
	0x02, 0x00, 0x02, 0x00, 0x00, 0x48, 0x00, 0x00, 0x29, 0xB1, 0xD8, 0xE0, 0x1C, 0x00, 0x00, 0x00,
	0x00, 0x80, 0x00, 0x00, 0x16, 0x20, 0x01, 0x00, 0x00, 0x00, 0x00, 0x01, 0x10, 0xC8, 0x36, 0x00,
	0x26, 0x00, 0x00, 0x00, 0x00, 0x00, 0x02, 0x00, 0x3C, 0x49, 0x00, 0x00, 0x29, 0xB4, 0xD8, 0xE0,
	0x1C, 0x00, 0x00, 0x12, 0x7C, 0x80, 0x30, 0x00, 0x16, 0x00, 0x00, 0x00, 0x00, 0x00, 0x00, 0x01,
	0x00, 0x08, 0x37, 0x00, 0x26, 0x00, 0x00, 0x00, 0x02, 0x00, 0x02, 0x00, 0x14, 0x49, 0x00, 0x00,
	0x29, 0xB8, 0xD8, 0xE0, 0x1C, 0x00, 0x00, 0x00, 0x14, 0x80, 0x20, 0x00, 0x16, 0x20, 0x01, 0x00,
	0x00, 0x00, 0x00, 0x01, 0x10, 0x48, 0x37, 0x00, 0x26, 0x00, 0x00, 0x00, 0x00, 0x00, 0x02, 0x00,
	0x28, 0x4A, 0x00, 0x00, 0x29, 0xBC, 0xD8, 0xE0, 0x1C, 0x00, 0x00, 0x12, 0x68, 0x80, 0x10, 0x00,
	0x2E, 0x40, 0x6C, 0x00, 0x00, 0x00, 0x1E, 0x40, 0x01, 0xB0, 0x04, 0x00, 0x00, 0x00, 0x00, 0x00,
	0x00, 0x00, 0x00, 0x00, 0x00, 0x00, 0x00, 0x00, 0x00, 0x00, 0x14, 0x00, 0x00, 0x00, 0x00, 0x00,
	0x00, 0x00, 0x00, 0x00, 0x0E, 0x00, 0x6C, 0x00, 0x00, 0x00, 0x1E, 0x00, 0x00, 0xAF, 0x05, 0x00,
	0x0D, 0x80, 0xD4, 0x00, 0x00, 0x00, 0x00, 0x00, 0x00, 0x00, 0x08, 0x00, 0x0E, 0x00, 0x6C, 0x00,
	0x00, 0x00, 0x1E, 0x00, 0x00, 0xCF, 0x03, 0x00, 0x0D, 0x40, 0xD4, 0x00, 0x00, 0x00, 0x00, 0x00,
	0x00, 0x00, 0x0A, 0x00, 0x28, 0x00, 0x00, 0x00, 0x00, 0x00, 0x00, 0x00, 0x00, 0x00, 0x00, 0x00,
	0x38, 0x00, 0x00, 0x00, 0x00, 0x00, 0x00, 0x00, 0x00, 0x00, 0x08, 0x33, 0x16, 0x00, 0x00, 0x00,
	0x00, 0x00, 0x00, 0x01, 0x00, 0x88, 0x31, 0x00, 0x26, 0x00, 0x00, 0x00, 0x02, 0x00, 0x02, 0x00,
	0x00, 0x3E, 0x00, 0x00, 0x29, 0x00, 0xD8, 0xDC, 0x1C, 0x10, 0x02, 0x00, 0x00, 0x80, 0x00, 0x00,
	0x16, 0x20, 0x01, 0x00, 0x00, 0x00, 0x00, 0x01, 0x10, 0xC8, 0x31, 0x00, 0x26, 0x00, 0x00, 0x00,
	0x00, 0x00, 0x02, 0x00, 0x3C, 0x3F, 0x00, 0x00, 0x29, 0x03, 0xD8, 0xDC, 0x1C, 0x10, 0x02, 0x12,
	0x7C, 0x80, 0x30, 0x00, 0x16, 0x00, 0x00, 0x00, 0x00, 0x00, 0x00, 0x01, 0x00, 0x08, 0x32, 0x00,
	0x26, 0x00, 0x00, 0x00, 0x02, 0x00, 0x02, 0x00, 0x14, 0x3F, 0x00, 0x00, 0x29, 0x07, 0xD8, 0xDC,
	0x1C, 0x10, 0x02, 0x00, 0x14, 0x80, 0x20, 0x00, 0x16, 0x20, 0x01, 0x00, 0x00, 0x00, 0x00, 0x01,
	0x10, 0x48, 0x32, 0x00, 0x26, 0x00, 0x00, 0x00, 0x00, 0x00, 0x02, 0x00, 0x28, 0x40, 0x00, 0x00,
	0x29, 0x0B, 0xD8, 0xDC, 0x1C, 0x10, 0x02, 0x12, 0x68, 0x80, 0x10, 0x00, 0x16, 0x00, 0x00, 0x00,
	0x00, 0x00, 0x00, 0x01, 0x00, 0x88, 0x32, 0x00, 0x26, 0x00, 0x00, 0x00, 0x02, 0x00, 0x02, 0x00,
	0x00, 0x40, 0x00, 0x00, 0x29, 0x0F, 0xD8, 0xDC, 0x1C, 0x10, 0x02, 0x00, 0x00, 0x80, 0x00, 0x00,
	0x16, 0x20, 0x01, 0x00, 0x00, 0x00, 0x00, 0x01, 0x10, 0xC8, 0x32, 0x00, 0x26, 0x00, 0x00, 0x00,
	0x00, 0x00, 0x02, 0x00, 0x3C, 0x41, 0x00, 0x00, 0x29, 0x12, 0xD8, 0xDC, 0x1C, 0x10, 0x02, 0x12,
	0x7C, 0x80, 0x30, 0x00, 0x16, 0x00, 0x00, 0x00, 0x00, 0x00, 0x00, 0x01, 0x00, 0x08, 0x33, 0x00,
	0x26, 0x00, 0x00, 0x00, 0x02, 0x00, 0x02, 0x00, 0x14, 0x41, 0x00, 0x00, 0x29, 0x16, 0xD8, 0xDC,
	0x1C, 0x10, 0x02, 0x00, 0x14, 0x80, 0x20, 0x00, 0x16, 0x20, 0x01, 0x00, 0x00, 0x00, 0x00, 0x01,
	0x10, 0x48, 0x33, 0x00, 0x26, 0x00, 0x00, 0x00, 0x00, 0x00, 0x02, 0x00, 0x28, 0x42, 0x00, 0x00,
	0x29, 0x1A, 0xD8, 0xDC, 0x1C, 0x10, 0x02, 0x12, 0x68, 0x80, 0x10, 0x00, 0x16, 0x00, 0x00, 0x00,
	0x00, 0x00, 0x00, 0x01, 0x00, 0x88, 0x33, 0x00, 0x26, 0x00, 0x00, 0x00, 0x02, 0x00, 0x02, 0x00,
	0x00, 0x42, 0x00, 0x00, 0x29, 0x1E, 0xD8, 0xDC, 0x1C, 0x10, 0x02, 0x00, 0x00, 0x80, 0x00, 0x00,
	0x16, 0x20, 0x01, 0x00, 0x00, 0x00, 0x00, 0x01, 0x10, 0xC8, 0x33, 0x00, 0x26, 0x00, 0x00, 0x00,
	0x00, 0x00, 0x02, 0x00, 0x3C, 0x43, 0x00, 0x00, 0x29, 0x21, 0xD8, 0xDC, 0x1C, 0x10, 0x02, 0x12,
	0x7C, 0x80, 0x30, 0x00, 0x16, 0x00, 0x00, 0x00, 0x00, 0x00, 0x00, 0x01, 0x00, 0x08, 0x34, 0x00,
	0x26, 0x00, 0x00, 0x00, 0x02, 0x00, 0x02, 0x00, 0x14, 0x43, 0x00, 0x00, 0x29, 0x25, 0xD8, 0xDC,
	0x1C, 0x10, 0x02, 0x00, 0x14, 0x80, 0x20, 0x00, 0x16, 0x20, 0x01, 0x00, 0x00, 0x00, 0x00, 0x01,
	0x10, 0x48, 0x34, 0x00, 0x26, 0x00, 0x00, 0x00, 0x00, 0x00, 0x02, 0x00, 0x28, 0x44, 0x00, 0x00,
	0x29, 0x29, 0xD8, 0xDC, 0x1C, 0x10, 0x02, 0x12, 0x68, 0x80, 0x10, 0x00, 0x16, 0x00, 0x00, 0x00,
	0x00, 0x00, 0x00, 0x01, 0x00, 0x88, 0x34, 0x00, 0x26, 0x00, 0x00, 0x00, 0x02, 0x00, 0x02, 0x00,
	0x00, 0x44, 0x00, 0x00, 0x29, 0x2D, 0xD8, 0xDC, 0x1C, 0x10, 0x02, 0x00, 0x00, 0x80, 0x00, 0x00,
	0x16, 0x20, 0x01, 0x00, 0x00, 0x00, 0x00, 0x01, 0x10, 0xC8, 0x34, 0x00, 0x26, 0x00, 0x00, 0x00,
	0x00, 0x00, 0x02, 0x00, 0x3C, 0x45, 0x00, 0x00, 0x29, 0x30, 0xD8, 0xDC, 0x1C, 0x10, 0x02, 0x12,
	0x7C, 0x80, 0x30, 0x00, 0x16, 0x00, 0x00, 0x00, 0x00, 0x00, 0x00, 0x01, 0x00, 0x08, 0x35, 0x00,
	0x26, 0x00, 0x00, 0x00, 0x02, 0x00, 0x02, 0x00, 0x14, 0x45, 0x00, 0x00, 0x29, 0x34, 0xD8, 0xDC,
	0x1C, 0x10, 0x02, 0x00, 0x14, 0x80, 0x20, 0x00, 0x16, 0x20, 0x01, 0x00, 0x00, 0x00, 0x00, 0x01,
	0x10, 0x48, 0x35, 0x00, 0x26, 0x00, 0x00, 0x00, 0x00, 0x00, 0x02, 0x00, 0x28, 0x46, 0x00, 0x00,
	0x29, 0x38, 0xD8, 0xDC, 0x1C, 0x10, 0x02, 0x12, 0x68, 0x80, 0x10, 0x00, 0x28, 0x00, 0x00, 0x00,
	0x00, 0x00, 0x00, 0x00, 0x00, 0x00, 0x00, 0x00, 0x38, 0x00, 0x00, 0x00, 0x00, 0x00, 0x00, 0x00,
	0x00, 0x00, 0x86, 0x33, 0x16, 0x00, 0x00, 0x00, 0x00, 0x00, 0x00, 0x01, 0x00, 0x88, 0x35, 0x00,
	0x26, 0x00, 0x00, 0x00, 0x02, 0x00, 0x02, 0x00, 0x00, 0x46, 0x00, 0x00, 0x29, 0xA2, 0xD8, 0xE0,
	0x1C, 0x00, 0x00, 0x00, 0x00, 0x80, 0x00, 0x00, 0x16, 0x20, 0x01, 0x00, 0x00, 0x00, 0x00, 0x01,
	0x10, 0xC8, 0x35, 0x00, 0x26, 0x00, 0x00, 0x00, 0x00, 0x00, 0x02, 0x00, 0x3C, 0x47, 0x00, 0x00,
	0x29, 0xA5, 0xD8, 0xE0, 0x1C, 0x00, 0x00, 0x12, 0x7C, 0x80, 0x30, 0x00, 0x16, 0x00, 0x00, 0x00,
	0x00, 0x00, 0x00, 0x01, 0x00, 0x08, 0x36, 0x00, 0x26, 0x00, 0x00, 0x00, 0x02, 0x00, 0x02, 0x00,
	0x14, 0x47, 0x00, 0x00, 0x29, 0xA9, 0xD8, 0xE0, 0x1C, 0x00, 0x00, 0x00, 0x14, 0x80, 0x20, 0x00,
	0x16, 0x20, 0x01, 0x00, 0x00, 0x00, 0x00, 0x01, 0x10, 0x48, 0x36, 0x00, 0x26, 0x00, 0x00, 0x00,
	0x00, 0x00, 0x02, 0x00, 0x28, 0x48, 0x00, 0x00, 0x29, 0xAD, 0xD8, 0xE0, 0x1C, 0x00, 0x00, 0x12,
	0x68, 0x80, 0x10, 0x00, 0x16, 0x00, 0x00, 0x00, 0x00, 0x00, 0x00, 0x01, 0x00, 0x88, 0x36, 0x00,
	0x26, 0x00, 0x00, 0x00, 0x02, 0x00, 0x02, 0x00, 0x00, 0x48, 0x00, 0x00, 0x29, 0xB1, 0xD8, 0xE0,
	0x1C, 0x00, 0x00, 0x00, 0x00, 0x80, 0x00, 0x00, 0x16, 0x20, 0x01, 0x00, 0x00, 0x00, 0x00, 0x01,
	0x10, 0xC8, 0x36, 0x00, 0x26, 0x00, 0x00, 0x00, 0x00, 0x00, 0x02, 0x00, 0x3C, 0x49, 0x00, 0x00,
	0x29, 0xB4, 0xD8, 0xE0, 0x1C, 0x00, 0x00, 0x12, 0x7C, 0x80, 0x30, 0x00, 0x16, 0x00, 0x00, 0x00,
	0x00, 0x00, 0x00, 0x01, 0x00, 0x08, 0x37, 0x00, 0x26, 0x00, 0x00, 0x00, 0x02, 0x00, 0x02, 0x00,
	0x14, 0x49, 0x00, 0x00, 0x29, 0xB8, 0xD8, 0xE0, 0x1C, 0x00, 0x00, 0x00, 0x14, 0x80, 0x20, 0x00,
	0x16, 0x20, 0x01, 0x00, 0x00, 0x00, 0x00, 0x01, 0x10, 0x48, 0x37, 0x00, 0x26, 0x00, 0x00, 0x00,
	0x00, 0x00, 0x02, 0x00, 0x28, 0x4A, 0x00, 0x00, 0x29, 0xBC, 0xD8, 0xE0, 0x1C, 0x00, 0x00, 0x12,
	0x68, 0x80, 0x10, 0x00, 0x2E, 0x40, 0x6C, 0x00, 0x00, 0x00, 0x1E, 0x40, 0x01, 0xBF, 0x04, 0x00,
	0x00, 0x00, 0x00, 0x00, 0x00, 0x00, 0x00, 0x00, 0x00, 0x00, 0x00, 0x00, 0x00, 0x00, 0x14, 0x00,
	0x00, 0x00, 0x00, 0x00, 0x00, 0x00, 0x00, 0x00, 0x66, 0x80, 0x00, 0x00, 0x00, 0x00, 0xC0, 0x03,
	0x01, 0xB0, 0x04, 0x00, 0x30, 0x00, 0x00, 0x00, 0x00, 0x00, 0x00, 0x00, 0x00, 0x00, 0x00, 0x00,
	0x5A, 0x00, 0xCC, 0x00, 0x70, 0x00, 0x02, 0x08, 0x00, 0x00, 0xC0, 0x0C, 0x40, 0x76, 0x77, 0x00,
	0x00, 0x00, 0x00, 0x00, 0x00, 0x00, 0x00, 0x00, 0xDC, 0x80, 0xCC, 0x00, 0x01, 0x00, 0x00, 0x00,
	0x00, 0x00, 0xC0, 0x0B, 0x30, 0x00, 0x00, 0x00, 0x00, 0x00, 0x00, 0x00, 0x00, 0x00, 0x00, 0x00,
	0x5A, 0x80, 0xCC, 0x00, 0x70, 0x00, 0x22, 0x08, 0x00, 0x00, 0xC0, 0x0C, 0x40, 0x0E, 0x78, 0x00,
	0x00, 0x00, 0x00, 0x00, 0x00, 0x00, 0x00, 0x00, 0xDC, 0x00, 0xCC, 0x00, 0x08, 0x00, 0x02, 0x00,
	0x00, 0x00, 0xC0, 0x0B, 0x76, 0x00, 0x00, 0x00, 0x00, 0x00, 0xC0, 0x03, 0x00, 0xC0, 0x03, 0x00,
	0x30, 0x00, 0x00, 0x00, 0x00, 0x00, 0x00, 0x00, 0x00, 0x00, 0x00, 0x00, 0x5A, 0x00, 0xCD, 0x00,
	0x70, 0x00, 0x20, 0x00, 0x00, 0x00, 0xDC, 0x0C, 0x76, 0x00, 0x01, 0x00, 0x00, 0x00, 0xC0, 0x83,
	0x00, 0xA0, 0x05, 0x00, 0x40, 0x0E, 0x78, 0x00, 0x00, 0x00, 0x00, 0x00, 0x00, 0x00, 0x00, 0x00,
	0xDC, 0x00, 0xCC, 0x00, 0x10, 0x00, 0x02, 0x00, 0x00, 0x00, 0xC0, 0x0B, 0x76, 0x00, 0x00, 0x00,
	0x00, 0x00, 0xC0, 0x03, 0x00, 0x90, 0x06, 0x00, 0x66, 0x00, 0x00, 0x00, 0x00, 0x00, 0xC0, 0x03,
	0x00, 0xB0, 0x04, 0x00, 0x40, 0x0D, 0x70, 0x00, 0x00, 0x00, 0x00, 0x00, 0x00, 0x00, 0x00, 0x00,
	0xDC, 0x80, 0xCC, 0x00, 0x01, 0x00, 0x00, 0x00, 0x00, 0x00, 0xC0, 0x0B, 0x76, 0x80, 0x00, 0x00,
	0x00, 0x00, 0xC0, 0x03, 0x01, 0xB0, 0x04, 0x00, 0x00, 0x00, 0x00, 0x00, 0x00, 0x00, 0x00, 0x00,
	0x00, 0x00, 0x00, 0x00, 0x00, 0x00, 0x14, 0x00, 0x00, 0x00, 0x00, 0x00, 0x00, 0x00, 0x00, 0x00,
	0x0E, 0x00, 0x6C, 0x00, 0x00, 0x00, 0x1E, 0x00, 0x00, 0xB0, 0x04, 0x00, 0x0D, 0x00, 0xD5, 0x00,
	0x00, 0x00, 0x00, 0x00, 0x00, 0x00, 0x04, 0x00, 0x0E, 0x00, 0x6C, 0x00, 0x00, 0x00, 0x1E, 0x00,
	0x00, 0x90, 0x06, 0x00, 0x0D, 0xC0, 0xD4, 0x00, 0x00, 0x00, 0x00, 0x00, 0x00, 0x00, 0x06, 0x00,
	0x0E, 0x00, 0x6C, 0x00, 0x00, 0x00, 0x1E, 0x00, 0x00, 0xC0, 0x03, 0x00, 0x0D, 0x80, 0xD4, 0x00,
	0x00, 0x00, 0x00, 0x00, 0x00, 0x00, 0x08, 0x00, 0x0E, 0x00, 0x6C, 0x00, 0x00, 0x00, 0x1E, 0x00,
	0x00, 0xA0, 0x05, 0x00, 0x0D, 0x40, 0xD4, 0x00, 0x00, 0x00, 0x00, 0x00, 0x00, 0x00, 0x0A, 0x00,
	0x28, 0x00, 0x00, 0x00, 0x00, 0x00, 0x00, 0x00, 0x00, 0x00, 0x00, 0x00, 0x38, 0x00, 0x00, 0x00,
	0x00, 0x00, 0x00, 0x00, 0x00, 0x00, 0x0A, 0x33, 0x16, 0x00, 0x00, 0x00, 0x00, 0x00, 0x00, 0x02,
	0x00, 0x88, 0x37, 0x00, 0x26, 0x00, 0x00, 0x00, 0x02, 0x00, 0x02, 0x00, 0x00, 0x4A, 0x00, 0x00,
	0x29, 0x00, 0xD8, 0xE4, 0x1C, 0x20, 0x01, 0x00, 0x00, 0x80, 0x00, 0x00, 0x16, 0x20, 0x01, 0x00,
	0x00, 0x00, 0x00, 0x02, 0x10, 0x08, 0x38, 0x00, 0x26, 0x00, 0x00, 0x00, 0x00, 0x00, 0x02, 0x00,
	0x3C, 0x4B, 0x00, 0x00, 0x29, 0x03, 0xD8, 0xE4, 0x1C, 0x20, 0x01, 0x12, 0x7C, 0x80, 0x30, 0x00,
	0x16, 0x00, 0x00, 0x00, 0x00, 0x00, 0x00, 0x02, 0x00, 0x88, 0x38, 0x00, 0x26, 0x00, 0x00, 0x00,
	0x02, 0x00, 0x02, 0x00, 0x14, 0x4B, 0x00, 0x00, 0x29, 0x07, 0xD8, 0xE4, 0x1C, 0x20, 0x01, 0x00,
	0x14, 0x80, 0x20, 0x00, 0x16, 0x20, 0x01, 0x00, 0x00, 0x00, 0x00, 0x02, 0x10, 0x08, 0x39, 0x00,
	0x26, 0x00, 0x00, 0x00, 0x00, 0x00, 0x02, 0x00, 0x28, 0x4C, 0x00, 0x00, 0x29, 0x0B, 0xD8, 0xE4,
	0x1C, 0x20, 0x01, 0x12, 0x68, 0x80, 0x10, 0x00, 0x16, 0x00, 0x00, 0x00, 0x00, 0x00, 0x00, 0x02,
	0x00, 0x88, 0x39, 0x00, 0x26, 0x00, 0x00, 0x00, 0x02, 0x00, 0x02, 0x00, 0x00, 0x4C, 0x00, 0x00,
	0x29, 0x0F, 0xD8, 0xE4, 0x1C, 0x20, 0x01, 0x00, 0x00, 0x80, 0x00, 0x00, 0x16, 0x20, 0x01, 0x00,
	0x00, 0x00, 0x00, 0x02, 0x10, 0x08, 0x3A, 0x00, 0x26, 0x00, 0x00, 0x00, 0x00, 0x00, 0x02, 0x00,
	0x3C, 0x4D, 0x00, 0x00, 0x29, 0x12, 0xD8, 0xE4, 0x1C, 0x20, 0x01, 0x12, 0x7C, 0x80, 0x30, 0x00,
	0x16, 0x00, 0x00, 0x00, 0x00, 0x00, 0x00, 0x02, 0x00, 0x88, 0x3A, 0x00, 0x26, 0x00, 0x00, 0x00,
	0x02, 0x00, 0x02, 0x00, 0x14, 0x4D, 0x00, 0x00, 0x29, 0x16, 0xD8, 0xE4, 0x1C, 0x20, 0x01, 0x00,
	0x14, 0x80, 0x20, 0x00, 0x16, 0x20, 0x01, 0x00, 0x00, 0x00, 0x00, 0x02, 0x10, 0x08, 0x3B, 0x00,
	0x26, 0x00, 0x00, 0x00, 0x00, 0x00, 0x02, 0x00, 0x28, 0x4E, 0x00, 0x00, 0x29, 0x1A, 0xD8, 0xE4,
	0x1C, 0x20, 0x01, 0x12, 0x68, 0x80, 0x10, 0x00, 0x16, 0x00, 0x00, 0x00, 0x00, 0x00, 0x00, 0x02,
	0x00, 0x88, 0x3B, 0x00, 0x26, 0x00, 0x00, 0x00, 0x02, 0x00, 0x02, 0x00, 0x00, 0x4E, 0x00, 0x00,
	0x29, 0x1E, 0xD8, 0xE4, 0x1C, 0x20, 0x01, 0x00, 0x00, 0x80, 0x00, 0x00, 0x16, 0x20, 0x01, 0x00,
	0x00, 0x00, 0x00, 0x02, 0x10, 0x08, 0x3C, 0x00, 0x26, 0x00, 0x00, 0x00, 0x00, 0x00, 0x02, 0x00,
	0x3C, 0x4F, 0x00, 0x00, 0x29, 0x21, 0xD8, 0xE4, 0x1C, 0x20, 0x01, 0x12, 0x7C, 0x80, 0x30, 0x00,
	0x16, 0x00, 0x00, 0x00, 0x00, 0x00, 0x00, 0x02, 0x00, 0x88, 0x3C, 0x00, 0x26, 0x00, 0x00, 0x00,
	0x02, 0x00, 0x02, 0x00, 0x14, 0x4F, 0x00, 0x00, 0x29, 0x25, 0xD8, 0xE4, 0x1C, 0x20, 0x01, 0x00,
	0x14, 0x80, 0x20, 0x00, 0x16, 0x20, 0x01, 0x00, 0x00, 0x00, 0x00, 0x02, 0x10, 0x08, 0x3D, 0x00,
	0x26, 0x00, 0x00, 0x00, 0x00, 0x00, 0x02, 0x00, 0x28, 0x50, 0x00, 0x00, 0x29, 0x29, 0xD8, 0xE4,
	0x1C, 0x20, 0x01, 0x12, 0x68, 0x80, 0x10, 0x00, 0x16, 0x00, 0x00, 0x00, 0x00, 0x00, 0x00, 0x02,
	0x00, 0x88, 0x3D, 0x00, 0x26, 0x00, 0x00, 0x00, 0x02, 0x00, 0x02, 0x00, 0x00, 0x50, 0x00, 0x00,
	0x29, 0x2D, 0xD8, 0xE4, 0x1C, 0x20, 0x01, 0x00, 0x00, 0x80, 0x00, 0x00, 0x16, 0x20, 0x01, 0x00,
	0x00, 0x00, 0x00, 0x02, 0x10, 0x08, 0x3E, 0x00, 0x26, 0x00, 0x00, 0x00, 0x00, 0x00, 0x02, 0x00,
	0x3C, 0x51, 0x00, 0x00, 0x29, 0x30, 0xD8, 0xE4, 0x1C, 0x20, 0x01, 0x12, 0x7C, 0x80, 0x30, 0x00,
	0x16, 0x00, 0x00, 0x00, 0x00, 0x00, 0x00, 0x02, 0x00, 0x88, 0x3E, 0x00, 0x26, 0x00, 0x00, 0x00,
	0x02, 0x00, 0x02, 0x00, 0x14, 0x51, 0x00, 0x00, 0x29, 0x34, 0xD8, 0xE4, 0x1C, 0x20, 0x01, 0x00,
	0x14, 0x80, 0x20, 0x00, 0x16, 0x20, 0x01, 0x00, 0x00, 0x00, 0x00, 0x02, 0x10, 0x08, 0x3F, 0x00,
	0x26, 0x00, 0x00, 0x00, 0x00, 0x00, 0x02, 0x00, 0x28, 0x52, 0x00, 0x00, 0x29, 0x38, 0xD8, 0xE4,
	0x1C, 0x20, 0x01, 0x12, 0x68, 0x80, 0x10, 0x00, 0x28, 0x00, 0x00, 0x00, 0x00, 0x00, 0x00, 0x00,
	0x00, 0x00, 0x00, 0x00, 0x38, 0x00, 0x00, 0x00, 0x00, 0x00, 0x00, 0x00, 0x00, 0x00, 0x44, 0x33,
	0x16, 0x00, 0x00, 0x00, 0x00, 0x00, 0x00, 0x01, 0x00, 0x88, 0x3F, 0x00, 0x26, 0x00, 0x00, 0x00,
	0x02, 0x00, 0x02, 0x00, 0x00, 0x52, 0x00, 0x00, 0x29, 0xA2, 0xD8, 0xE0, 0x1C, 0x00, 0x00, 0x00,
	0x00, 0x80, 0x00, 0x00, 0x16, 0x20, 0x01, 0x00, 0x00, 0x00, 0x00, 0x01, 0x10, 0xC8, 0x3F, 0x00,
	0x26, 0x00, 0x00, 0x00, 0x00, 0x00, 0x02, 0x00, 0x3C, 0x53, 0x00, 0x00, 0x29, 0xA5, 0xD8, 0xE0,
	0x1C, 0x00, 0x00, 0x12, 0x7C, 0x80, 0x30, 0x00, 0x16, 0x00, 0x00, 0x00, 0x00, 0x00, 0x00, 0x01,
	0x00, 0x08, 0x40, 0x00, 0x26, 0x00, 0x00, 0x00, 0x02, 0x00, 0x02, 0x00, 0x14, 0x53, 0x00, 0x00,
	0x29, 0xA9, 0xD8, 0xE0, 0x1C, 0x00, 0x00, 0x00, 0x14, 0x80, 0x20, 0x00, 0x16, 0x20, 0x01, 0x00,
	0x00, 0x00, 0x00, 0x01, 0x10, 0x48, 0x40, 0x00, 0x26, 0x00, 0x00, 0x00, 0x00, 0x00, 0x02, 0x00,
	0x28, 0x54, 0x00, 0x00, 0x29, 0xAD, 0xD8, 0xE0, 0x1C, 0x00, 0x00, 0x12, 0x68, 0x80, 0x10, 0x00,
	0x16, 0x00, 0x00, 0x00, 0x00, 0x00, 0x00, 0x01, 0x00, 0x88, 0x40, 0x00, 0x26, 0x00, 0x00, 0x00,
	0x02, 0x00, 0x02, 0x00, 0x00, 0x54, 0x00, 0x00, 0x29, 0xB1, 0xD8, 0xE0, 0x1C, 0x00, 0x00, 0x00,
	0x00, 0x80, 0x00, 0x00, 0x16, 0x20, 0x01, 0x00, 0x00, 0x00, 0x00, 0x01, 0x10, 0xC8, 0x40, 0x00,
	0x26, 0x00, 0x00, 0x00, 0x00, 0x00, 0x02, 0x00, 0x3C, 0x55, 0x00, 0x00, 0x29, 0xB4, 0xD8, 0xE0,
	0x1C, 0x00, 0x00, 0x12, 0x7C, 0x80, 0x30, 0x00, 0x16, 0x00, 0x00, 0x00, 0x00, 0x00, 0x00, 0x01,
	0x00, 0x08, 0x41, 0x00, 0x26, 0x00, 0x00, 0x00, 0x02, 0x00, 0x02, 0x00, 0x14, 0x55, 0x00, 0x00,
	0x29, 0xB8, 0xD8, 0xE0, 0x1C, 0x00, 0x00, 0x00, 0x14, 0x80, 0x20, 0x00, 0x16, 0x20, 0x01, 0x00,
	0x00, 0x00, 0x00, 0x01, 0x10, 0x48, 0x41, 0x00, 0x26, 0x00, 0x00, 0x00, 0x00, 0x00, 0x02, 0x00,
	0x28, 0x56, 0x00, 0x00, 0x29, 0xBC, 0xD8, 0xE0, 0x1C, 0x00, 0x00, 0x12, 0x68, 0x80, 0x10, 0x00,
	0x2E, 0x40, 0x6C, 0x00, 0x00, 0x00, 0x1E, 0x40, 0x01, 0x00, 0x0F, 0x00, 0x00, 0x00, 0x00, 0x00,
	0x00, 0x00, 0x00, 0x00, 0x00, 0x00, 0x00, 0x00, 0x00, 0x00, 0x14, 0x00, 0x00, 0x00, 0x00, 0x00,
	0x00, 0x00, 0x00, 0x00, 0x0E, 0x00, 0x6C, 0x00, 0x00, 0x00, 0x1E, 0x00, 0x00, 0xBF, 0x04, 0x00,
	0x0D, 0x00, 0xD5, 0x00, 0x00, 0x00, 0x00, 0x00, 0x00, 0x00, 0x04, 0x00, 0x0E, 0x00, 0x6C, 0x00,
	0x00, 0x00, 0x1E, 0x00, 0x00, 0x9F, 0x06, 0x00, 0x0D, 0xC0, 0xD4, 0x00, 0x00, 0x00, 0x00, 0x00,
	0x00, 0x00, 0x06, 0x00, 0x0E, 0x00, 0x6C, 0x00, 0x00, 0x00, 0x1E, 0x00, 0x00, 0xCF, 0x03, 0x00,
	0x0D, 0x80, 0xD4, 0x00, 0x00, 0x00, 0x00, 0x00, 0x00, 0x00, 0x08, 0x00, 0x0E, 0x00, 0x6C, 0x00,
	0x00, 0x00, 0x1E, 0x00, 0x00, 0xAF, 0x05, 0x00, 0x0D, 0x40, 0xD4, 0x00, 0x00, 0x00, 0x00, 0x00,
	0x00, 0x00, 0x0A, 0x00, 0x28, 0x00, 0x00, 0x00, 0x00, 0x00, 0x00, 0x00, 0x00, 0x00, 0x00, 0x00,
	0x38, 0x00, 0x00, 0x00, 0x00, 0x00, 0x00, 0x00, 0x00, 0x00, 0x0A, 0x33, 0x16, 0x00, 0x00, 0x00,
	0x00, 0x00, 0x00, 0x02, 0x00, 0x88, 0x37, 0x00, 0x26, 0x00, 0x00, 0x00, 0x02, 0x00, 0x02, 0x00,
	0x00, 0x4A, 0x00, 0x00, 0x29, 0x00, 0xD8, 0xE4, 0x1C, 0x20, 0x01, 0x00, 0x00, 0x80, 0x00, 0x00,
	0x16, 0x20, 0x01, 0x00, 0x00, 0x00, 0x00, 0x02, 0x10, 0x08, 0x38, 0x00, 0x26, 0x00, 0x00, 0x00,
	0x00, 0x00, 0x02, 0x00, 0x3C, 0x4B, 0x00, 0x00, 0x29, 0x03, 0xD8, 0xE4, 0x1C, 0x20, 0x01, 0x12,
	0x7C, 0x80, 0x30, 0x00, 0x16, 0x00, 0x00, 0x00, 0x00, 0x00, 0x00, 0x02, 0x00, 0x88, 0x38, 0x00,
	0x26, 0x00, 0x00, 0x00, 0x02, 0x00, 0x02, 0x00, 0x14, 0x4B, 0x00, 0x00, 0x29, 0x07, 0xD8, 0xE4,
	0x1C, 0x20, 0x01, 0x00, 0x14, 0x80, 0x20, 0x00, 0x16, 0x20, 0x01, 0x00, 0x00, 0x00, 0x00, 0x02,
	0x10, 0x08, 0x39, 0x00, 0x26, 0x00, 0x00, 0x00, 0x00, 0x00, 0x02, 0x00, 0x28, 0x4C, 0x00, 0x00,
	0x29, 0x0B, 0xD8, 0xE4, 0x1C, 0x20, 0x01, 0x12, 0x68, 0x80, 0x10, 0x00, 0x16, 0x00, 0x00, 0x00,
	0x00, 0x00, 0x00, 0x02, 0x00, 0x88, 0x39, 0x00, 0x26, 0x00, 0x00, 0x00, 0x02, 0x00, 0x02, 0x00,
	0x00, 0x4C, 0x00, 0x00, 0x29, 0x0F, 0xD8, 0xE4, 0x1C, 0x20, 0x01, 0x00, 0x00, 0x80, 0x00, 0x00,
	0x16, 0x20, 0x01, 0x00, 0x00, 0x00, 0x00, 0x02, 0x10, 0x08, 0x3A, 0x00, 0x26, 0x00, 0x00, 0x00,
	0x00, 0x00, 0x02, 0x00, 0x3C, 0x4D, 0x00, 0x00, 0x29, 0x12, 0xD8, 0xE4, 0x1C, 0x20, 0x01, 0x12,
	0x7C, 0x80, 0x30, 0x00, 0x16, 0x00, 0x00, 0x00, 0x00, 0x00, 0x00, 0x02, 0x00, 0x88, 0x3A, 0x00,
	0x26, 0x00, 0x00, 0x00, 0x02, 0x00, 0x02, 0x00, 0x14, 0x4D, 0x00, 0x00, 0x29, 0x16, 0xD8, 0xE4,
	0x1C, 0x20, 0x01, 0x00, 0x14, 0x80, 0x20, 0x00, 0x16, 0x20, 0x01, 0x00, 0x00, 0x00, 0x00, 0x02,
	0x10, 0x08, 0x3B, 0x00, 0x26, 0x00, 0x00, 0x00, 0x00, 0x00, 0x02, 0x00, 0x28, 0x4E, 0x00, 0x00,
	0x29, 0x1A, 0xD8, 0xE4, 0x1C, 0x20, 0x01, 0x12, 0x68, 0x80, 0x10, 0x00, 0x16, 0x00, 0x00, 0x00,
	0x00, 0x00, 0x00, 0x02, 0x00, 0x88, 0x3B, 0x00, 0x26, 0x00, 0x00, 0x00, 0x02, 0x00, 0x02, 0x00,
	0x00, 0x4E, 0x00, 0x00, 0x29, 0x1E, 0xD8, 0xE4, 0x1C, 0x20, 0x01, 0x00, 0x00, 0x80, 0x00, 0x00,
	0x16, 0x20, 0x01, 0x00, 0x00, 0x00, 0x00, 0x02, 0x10, 0x08, 0x3C, 0x00, 0x26, 0x00, 0x00, 0x00,
	0x00, 0x00, 0x02, 0x00, 0x3C, 0x4F, 0x00, 0x00, 0x29, 0x21, 0xD8, 0xE4, 0x1C, 0x20, 0x01, 0x12,
	0x7C, 0x80, 0x30, 0x00, 0x16, 0x00, 0x00, 0x00, 0x00, 0x00, 0x00, 0x02, 0x00, 0x88, 0x3C, 0x00,
	0x26, 0x00, 0x00, 0x00, 0x02, 0x00, 0x02, 0x00, 0x14, 0x4F, 0x00, 0x00, 0x29, 0x25, 0xD8, 0xE4,
	0x1C, 0x20, 0x01, 0x00, 0x14, 0x80, 0x20, 0x00, 0x16, 0x20, 0x01, 0x00, 0x00, 0x00, 0x00, 0x02,
	0x10, 0x08, 0x3D, 0x00, 0x26, 0x00, 0x00, 0x00, 0x00, 0x00, 0x02, 0x00, 0x28, 0x50, 0x00, 0x00,
	0x29, 0x29, 0xD8, 0xE4, 0x1C, 0x20, 0x01, 0x12, 0x68, 0x80, 0x10, 0x00, 0x16, 0x00, 0x00, 0x00,
	0x00, 0x00, 0x00, 0x02, 0x00, 0x88, 0x3D, 0x00, 0x26, 0x00, 0x00, 0x00, 0x02, 0x00, 0x02, 0x00,
	0x00, 0x50, 0x00, 0x00, 0x29, 0x2D, 0xD8, 0xE4, 0x1C, 0x20, 0x01, 0x00, 0x00, 0x80, 0x00, 0x00,
	0x16, 0x20, 0x01, 0x00, 0x00, 0x00, 0x00, 0x02, 0x10, 0x08, 0x3E, 0x00, 0x26, 0x00, 0x00, 0x00,
	0x00, 0x00, 0x02, 0x00, 0x3C, 0x51, 0x00, 0x00, 0x29, 0x30, 0xD8, 0xE4, 0x1C, 0x20, 0x01, 0x12,
	0x7C, 0x80, 0x30, 0x00, 0x16, 0x00, 0x00, 0x00, 0x00, 0x00, 0x00, 0x02, 0x00, 0x88, 0x3E, 0x00,
	0x26, 0x00, 0x00, 0x00, 0x02, 0x00, 0x02, 0x00, 0x14, 0x51, 0x00, 0x00, 0x29, 0x34, 0xD8, 0xE4,
	0x1C, 0x20, 0x01, 0x00, 0x14, 0x80, 0x20, 0x00, 0x16, 0x20, 0x01, 0x00, 0x00, 0x00, 0x00, 0x02,
	0x10, 0x08, 0x3F, 0x00, 0x26, 0x00, 0x00, 0x00, 0x00, 0x00, 0x02, 0x00, 0x28, 0x52, 0x00, 0x00,
	0x29, 0x38, 0xD8, 0xE4, 0x1C, 0x20, 0x01, 0x12, 0x68, 0x80, 0x10, 0x00, 0x28, 0x00, 0x00, 0x00,
	0x00, 0x00, 0x00, 0x00, 0x00, 0x00, 0x00, 0x00, 0x38, 0x00, 0x00, 0x00, 0x00, 0x00, 0x00, 0x00,
	0x00, 0x00, 0x44, 0x33, 0x16, 0x00, 0x00, 0x00, 0x00, 0x00, 0x00, 0x01, 0x00, 0x88, 0x3F, 0x00,
	0x26, 0x00, 0x00, 0x00, 0x02, 0x00, 0x02, 0x00, 0x00, 0x52, 0x00, 0x00, 0x29, 0xA2, 0xD8, 0xE0,
	0x1C, 0x00, 0x00, 0x00, 0x00, 0x80, 0x00, 0x00, 0x16, 0x20, 0x01, 0x00, 0x00, 0x00, 0x00, 0x01,
	0x10, 0xC8, 0x3F, 0x00, 0x26, 0x00, 0x00, 0x00, 0x00, 0x00, 0x02, 0x00, 0x3C, 0x53, 0x00, 0x00,
	0x29, 0xA5, 0xD8, 0xE0, 0x1C, 0x00, 0x00, 0x12, 0x7C, 0x80, 0x30, 0x00, 0x16, 0x00, 0x00, 0x00,
	0x00, 0x00, 0x00, 0x01, 0x00, 0x08, 0x40, 0x00, 0x26, 0x00, 0x00, 0x00, 0x02, 0x00, 0x02, 0x00,
	0x14, 0x53, 0x00, 0x00, 0x29, 0xA9, 0xD8, 0xE0, 0x1C, 0x00, 0x00, 0x00, 0x14, 0x80, 0x20, 0x00,
	0x16, 0x20, 0x01, 0x00, 0x00, 0x00, 0x00, 0x01, 0x10, 0x48, 0x40, 0x00, 0x26, 0x00, 0x00, 0x00,
	0x00, 0x00, 0x02, 0x00, 0x28, 0x54, 0x00, 0x00, 0x29, 0xAD, 0xD8, 0xE0, 0x1C, 0x00, 0x00, 0x12,
	0x68, 0x80, 0x10, 0x00, 0x16, 0x00, 0x00, 0x00, 0x00, 0x00, 0x00, 0x01, 0x00, 0x88, 0x40, 0x00,
	0x26, 0x00, 0x00, 0x00, 0x02, 0x00, 0x02, 0x00, 0x00, 0x54, 0x00, 0x00, 0x29, 0xB1, 0xD8, 0xE0,
	0x1C, 0x00, 0x00, 0x00, 0x00, 0x80, 0x00, 0x00, 0x16, 0x20, 0x01, 0x00, 0x00, 0x00, 0x00, 0x01,
	0x10, 0xC8, 0x40, 0x00, 0x26, 0x00, 0x00, 0x00, 0x00, 0x00, 0x02, 0x00, 0x3C, 0x55, 0x00, 0x00,
	0x29, 0xB4, 0xD8, 0xE0, 0x1C, 0x00, 0x00, 0x12, 0x7C, 0x80, 0x30, 0x00, 0x16, 0x00, 0x00, 0x00,
	0x00, 0x00, 0x00, 0x01, 0x00, 0x08, 0x41, 0x00, 0x26, 0x00, 0x00, 0x00, 0x02, 0x00, 0x02, 0x00,
	0x14, 0x55, 0x00, 0x00, 0x29, 0xB8, 0xD8, 0xE0, 0x1C, 0x00, 0x00, 0x00, 0x14, 0x80, 0x20, 0x00,
	0x16, 0x20, 0x01, 0x00, 0x00, 0x00, 0x00, 0x01, 0x10, 0x48, 0x41, 0x00, 0x26, 0x00, 0x00, 0x00,
	0x00, 0x00, 0x02, 0x00, 0x28, 0x56, 0x00, 0x00, 0x29, 0xBC, 0xD8, 0xE0, 0x1C, 0x00, 0x00, 0x12,
	0x68, 0x80, 0x10, 0x00, 0x2E, 0x40, 0x6C, 0x00, 0x00, 0x00, 0x1E, 0x40, 0x01, 0x0F, 0x0F, 0x00,
	0x00, 0x00, 0x00, 0x00, 0x00, 0x00, 0x00, 0x00, 0x00, 0x00, 0x00, 0x00, 0x00, 0x00, 0x14, 0x00,
	0x00, 0x00, 0x00, 0x00, 0x00, 0x00, 0x00, 0x00, 0x00, 0x00, 0x00, 0x00, 0x00, 0x00, 0x00, 0x00,
	0x00, 0x00, 0x00, 0x00, 0x00, 0x00, 0x14, 0x00, 0x00, 0x00, 0x00, 0x00, 0x00, 0x00, 0x00, 0x00,
	0x0E, 0x80, 0x75, 0x00, 0x00, 0x00, 0x1E, 0x40, 0x01, 0x00, 0x0F, 0x00, 0x35, 0x00, 0x78, 0x00,
	0x00, 0x00, 0x26, 0x00, 0x00, 0x00, 0x40, 0x01, 0x35, 0x01, 0x78, 0x00, 0x00, 0x00, 0x26, 0x00,
	0x00, 0x00, 0x40, 0x01, 0x35, 0x28, 0x78, 0x00, 0x00, 0x00, 0x26, 0x00, 0x00, 0x00, 0x40, 0x01,
	0x35, 0x29, 0x78, 0x00, 0x00, 0x00, 0x26, 0x00, 0x00, 0x00, 0x40, 0x01, 0x35, 0x50, 0x78, 0x00,
	0x00, 0x50, 0x26, 0x00, 0x00, 0x00, 0x40, 0x01, 0x35, 0x51, 0x78, 0x00, 0x00, 0x50, 0x26, 0x00,
	0x00, 0x00, 0x40, 0x01, 0x35, 0x78, 0x78, 0x00, 0x00, 0x50, 0x26, 0x00, 0x00, 0x00, 0x40, 0x01,
	0x35, 0x79, 0x78, 0x00, 0x00, 0x50, 0x26, 0x00, 0x00, 0x00, 0x40, 0x01, 0x35, 0xA0, 0x78, 0x00,
	0x00, 0xA0, 0x26, 0x00, 0x00, 0x00, 0x40, 0x01, 0x35, 0xA1, 0x78, 0x00, 0x00, 0xA0, 0x26, 0x00,
	0x00, 0x00, 0x40, 0x01, 0x35, 0xC8, 0x78, 0x00, 0x00, 0xA0, 0x26, 0x00, 0x00, 0x00, 0x40, 0x01,
	0x35, 0xC9, 0x78, 0x00, 0x00, 0xA0, 0x26, 0x00, 0x00, 0x00, 0x40, 0x01, 0x35, 0xF0, 0x78, 0x00,
	0x00, 0xF0, 0x26, 0x00, 0x00, 0x00, 0x40, 0x01, 0x35, 0xF1, 0x78, 0x00, 0x00, 0xF0, 0x26, 0x00,
	0x00, 0x00, 0x40, 0x01, 0x35, 0x18, 0x79, 0x00, 0x00, 0xF0, 0x26, 0x00, 0x00, 0x00, 0x40, 0x01,
	0x35, 0x19, 0x79, 0x00, 0x00, 0xF0, 0x26, 0x00, 0x00, 0x00, 0x40, 0x01, 0x35, 0x40, 0x79, 0x00,
	0x00, 0x40, 0x27, 0x00, 0x00, 0x00, 0x40, 0x01, 0x35, 0x41, 0x79, 0x00, 0x00, 0x40, 0x27, 0x00,
	0x00, 0x00, 0x40, 0x01, 0x35, 0x68, 0x79, 0x00, 0x00, 0x40, 0x27, 0x00, 0x00, 0x00, 0x40, 0x01,
	0x35, 0x69, 0x79, 0x00, 0x00, 0x40, 0x27, 0x00, 0x00, 0x00, 0x40, 0x01, 0x35, 0x90, 0x79, 0x00,
	0x00, 0x90, 0x27, 0x00, 0x00, 0x00, 0x40, 0x01, 0x35, 0x91, 0x79, 0x00, 0x00, 0x90, 0x27, 0x00,
	0x00, 0x00, 0x40, 0x01, 0x35, 0xB8, 0x79, 0x00, 0x00, 0x90, 0x27, 0x00, 0x00, 0x00, 0x40, 0x01,
	0x35, 0xB9, 0x79, 0x00, 0x00, 0x90, 0x27, 0x00, 0x00, 0x00, 0x40, 0x01, 0x35, 0xE0, 0x79, 0x00,
	0x00, 0xE0, 0x27, 0x00, 0x00, 0x00, 0x40, 0x01, 0x35, 0xE1, 0x79, 0x00, 0x00, 0xE0, 0x27, 0x00,
	0x00, 0x00, 0x40, 0x01, 0x35, 0x08, 0x7A, 0x00, 0x00, 0xE0, 0x27, 0x00, 0x00, 0x00, 0x40, 0x01,
	0x35, 0x09, 0x7A, 0x00, 0x00, 0xE0, 0x27, 0x00, 0x00, 0x00, 0x40, 0x01, 0x35, 0x30, 0x7A, 0x00,
	0x00, 0x30, 0x28, 0x00, 0x00, 0x00, 0x40, 0x01, 0x35, 0x31, 0x7A, 0x00, 0x00, 0x30, 0x28, 0x00,
	0x00, 0x00, 0x40, 0x01, 0x35, 0x58, 0x7A, 0x00, 0x00, 0x30, 0x28, 0x00, 0x00, 0x00, 0x40, 0x01,
	0x35, 0x59, 0x7A, 0x00, 0x00, 0x30, 0x28, 0x00, 0x00, 0x00, 0x40, 0x01, 0x35, 0x80, 0x7A, 0x00,
	0x00, 0x80, 0x28, 0x00, 0x00, 0x00, 0x40, 0x01, 0x35, 0x81, 0x7A, 0x00, 0x00, 0x80, 0x28, 0x00,
	0x00, 0x00, 0x40, 0x01, 0x35, 0xA8, 0x7A, 0x00, 0x00, 0x80, 0x28, 0x00, 0x00, 0x00, 0x40, 0x01,
	0x35, 0xA9, 0x7A, 0x00, 0x00, 0x80, 0x28, 0x00, 0x00, 0x00, 0x40, 0x01, 0x35, 0xD0, 0x7A, 0x00,
	0x00, 0xD0, 0x28, 0x00, 0x00, 0x00, 0x40, 0x01, 0x35, 0xD1, 0x7A, 0x00, 0x00, 0xD0, 0x28, 0x00,
	0x00, 0x00, 0x40, 0x01, 0x35, 0xF8, 0x7A, 0x00, 0x00, 0xD0, 0x28, 0x00, 0x00, 0x00, 0x40, 0x01,
	0x35, 0xF9, 0x7A, 0x00, 0x00, 0xD0, 0x28, 0x00, 0x00, 0x00, 0x40, 0x01, 0x35, 0x20, 0x7B, 0x00,
	0x00, 0x20, 0x29, 0x00, 0x00, 0x00, 0x40, 0x01, 0x35, 0x21, 0x7B, 0x00, 0x00, 0x20, 0x29, 0x00,
	0x00, 0x00, 0x40, 0x01, 0x35, 0x48, 0x7B, 0x00, 0x00, 0x20, 0x29, 0x00, 0x00, 0x00, 0x40, 0x01,
	0x35, 0x49, 0x7B, 0x00, 0x00, 0x20, 0x29, 0x00, 0x00, 0x00, 0x40, 0x01, 0x35, 0x70, 0x7B, 0x00,
	0x00, 0x70, 0x29, 0x00, 0x00, 0x00, 0x40, 0x01, 0x35, 0x71, 0x7B, 0x00, 0x00, 0x70, 0x29, 0x00,
	0x00, 0x00, 0x40, 0x01, 0x35, 0x98, 0x7B, 0x00, 0x00, 0x70, 0x29, 0x00, 0x00, 0x00, 0x40, 0x01,
	0x35, 0x99, 0x7B, 0x00, 0x00, 0x70, 0x29, 0x00, 0x00, 0x00, 0x40, 0x01, 0x35, 0xC0, 0x7B, 0x00,
	0x00, 0xC0, 0x29, 0x00, 0x00, 0x00, 0x40, 0x01, 0x35, 0xC1, 0x7B, 0x00, 0x00, 0xC0, 0x29, 0x00,
	0x00, 0x00, 0x40, 0x01, 0x35, 0xE8, 0x7B, 0x00, 0x00, 0xC0, 0x29, 0x00, 0x00, 0x00, 0x40, 0x01,
	0x35, 0xE9, 0x7B, 0x00, 0x00, 0xC0, 0x29, 0x00, 0x00, 0x00, 0x40, 0x01, 0x35, 0x10, 0x78, 0x00,
	0x00, 0x10, 0x2A, 0x00, 0x00, 0x00, 0x42, 0x01, 0x35, 0x11, 0x78, 0x00, 0x00, 0x10, 0x2A, 0x00,
	0x00, 0x00, 0x42, 0x01, 0x35, 0x38, 0x78, 0x00, 0x00, 0x10, 0x2A, 0x00, 0x00, 0x00, 0x42, 0x01,
	0x35, 0x39, 0x78, 0x00, 0x00, 0x10, 0x2A, 0x00, 0x00, 0x00, 0x42, 0x01, 0x35, 0x60, 0x78, 0x00,
	0x00, 0x60, 0x2A, 0x00, 0x00, 0x00, 0x42, 0x01, 0x35, 0x61, 0x78, 0x00, 0x00, 0x60, 0x2A, 0x00,
	0x00, 0x00, 0x42, 0x01, 0x35, 0x88, 0x78, 0x00, 0x00, 0x60, 0x2A, 0x00, 0x00, 0x00, 0x42, 0x01,
	0x35, 0x89, 0x78, 0x00, 0x00, 0x60, 0x2A, 0x00, 0x00, 0x00, 0x42, 0x01, 0x35, 0xB0, 0x78, 0x00,
	0x00, 0xB0, 0x2A, 0x00, 0x00, 0x00, 0x42, 0x01, 0x35, 0xB1, 0x78, 0x00, 0x00, 0xB0, 0x2A, 0x00,
	0x00, 0x00, 0x42, 0x01, 0x35, 0xD8, 0x78, 0x00, 0x00, 0xB0, 0x2A, 0x00, 0x00, 0x00, 0x42, 0x01,
	0x35, 0xD9, 0x78, 0x00, 0x00, 0xB0, 0x2A, 0x00, 0x00, 0x00, 0x42, 0x01, 0x35, 0x00, 0x79, 0x00,
	0x00, 0x00, 0x2B, 0x00, 0x00, 0x00, 0x42, 0x01, 0x35, 0x01, 0x79, 0x00, 0x00, 0x00, 0x2B, 0x00,
	0x00, 0x00, 0x42, 0x01, 0x35, 0x28, 0x79, 0x00, 0x00, 0x00, 0x2B, 0x00, 0x00, 0x00, 0x42, 0x01,
	0x35, 0x29, 0x79, 0x00, 0x00, 0x00, 0x2B, 0x00, 0x00, 0x00, 0x42, 0x01, 0x35, 0x50, 0x79, 0x00,
	0x00, 0x50, 0x2B, 0x00, 0x00, 0x00, 0x42, 0x01, 0x35, 0x51, 0x79, 0x00, 0x00, 0x50, 0x2B, 0x00,
	0x00, 0x00, 0x42, 0x01, 0x35, 0x78, 0x79, 0x00, 0x00, 0x50, 0x2B, 0x00, 0x00, 0x00, 0x42, 0x01,
	0x35, 0x79, 0x79, 0x00, 0x00, 0x50, 0x2B, 0x00, 0x00, 0x00, 0x42, 0x01, 0x35, 0xA0, 0x79, 0x00,
	0x00, 0xA0, 0x2B, 0x00, 0x00, 0x00, 0x42, 0x01, 0x35, 0xA1, 0x79, 0x00, 0x00, 0xA0, 0x2B, 0x00,
	0x00, 0x00, 0x42, 0x01, 0x35, 0xC8, 0x79, 0x00, 0x00, 0xA0, 0x2B, 0x00, 0x00, 0x00, 0x42, 0x01,
	0x35, 0xC9, 0x79, 0x00, 0x00, 0xA0, 0x2B, 0x00, 0x00, 0x00, 0x42, 0x01, 0x35, 0xF0, 0x79, 0x00,
	0x00, 0xF0, 0x2B, 0x00, 0x00, 0x00, 0x42, 0x01, 0x35, 0xF1, 0x79, 0x00, 0x00, 0xF0, 0x2B, 0x00,
	0x00, 0x00, 0x42, 0x01, 0x35, 0x18, 0x7A, 0x00, 0x00, 0xF0, 0x2B, 0x00, 0x00, 0x00, 0x42, 0x01,
	0x35, 0x19, 0x7A, 0x00, 0x00, 0xF0, 0x2B, 0x00, 0x00, 0x00, 0x42, 0x01, 0x35, 0x40, 0x7A, 0x00,
	0x00, 0x40, 0x2C, 0x00, 0x00, 0x00, 0x42, 0x01, 0x35, 0x41, 0x7A, 0x00, 0x00, 0x40, 0x2C, 0x00,
	0x00, 0x00, 0x42, 0x01, 0x35, 0x68, 0x7A, 0x00, 0x00, 0x40, 0x2C, 0x00, 0x00, 0x00, 0x42, 0x01,
	0x35, 0x69, 0x7A, 0x00, 0x00, 0x40, 0x2C, 0x00, 0x00, 0x00, 0x42, 0x01, 0x35, 0x90, 0x7A, 0x00,
	0x00, 0x90, 0x2C, 0x00, 0x00, 0x00, 0x42, 0x01, 0x35, 0x91, 0x7A, 0x00, 0x00, 0x90, 0x2C, 0x00,
	0x00, 0x00, 0x42, 0x01, 0x35, 0xB8, 0x7A, 0x00, 0x00, 0x90, 0x2C, 0x00, 0x00, 0x00, 0x42, 0x01,
	0x35, 0xB9, 0x7A, 0x00, 0x00, 0x90, 0x2C, 0x00, 0x00, 0x00, 0x42, 0x01, 0x35, 0xE0, 0x7A, 0x00,
	0x00, 0xE0, 0x2C, 0x00, 0x00, 0x00, 0x42, 0x01, 0x35, 0xE1, 0x7A, 0x00, 0x00, 0xE0, 0x2C, 0x00,
	0x00, 0x00, 0x42, 0x01, 0x35, 0x08, 0x7B, 0x00, 0x00, 0xE0, 0x2C, 0x00, 0x00, 0x00, 0x42, 0x01,
	0x35, 0x09, 0x7B, 0x00, 0x00, 0xE0, 0x2C, 0x00, 0x00, 0x00, 0x42, 0x01, 0x35, 0x30, 0x7B, 0x00,
	0x00, 0x30, 0x2D, 0x00, 0x00, 0x00, 0x42, 0x01, 0x35, 0x31, 0x7B, 0x00, 0x00, 0x30, 0x2D, 0x00,
	0x00, 0x00, 0x42, 0x01, 0x35, 0x58, 0x7B, 0x00, 0x00, 0x30, 0x2D, 0x00, 0x00, 0x00, 0x42, 0x01,
	0x35, 0x59, 0x7B, 0x00, 0x00, 0x30, 0x2D, 0x00, 0x00, 0x00, 0x42, 0x01, 0x35, 0x80, 0x7B, 0x00,
	0x00, 0x80, 0x2D, 0x00, 0x00, 0x00, 0x42, 0x01, 0x35, 0x81, 0x7B, 0x00, 0x00, 0x80, 0x2D, 0x00,
	0x00, 0x00, 0x42, 0x01, 0x35, 0xA8, 0x7B, 0x00, 0x00, 0x80, 0x2D, 0x00, 0x00, 0x00, 0x42, 0x01,
	0x35, 0xA9, 0x7B, 0x00, 0x00, 0x80, 0x2D, 0x00, 0x00, 0x00, 0x42, 0x01, 0x35, 0xD0, 0x7B, 0x00,
	0x00, 0xD0, 0x2D, 0x00, 0x00, 0x00, 0x42, 0x01, 0x35, 0xD1, 0x7B, 0x00, 0x00, 0xD0, 0x2D, 0x00,
	0x00, 0x00, 0x42, 0x01, 0x35, 0xF8, 0x7B, 0x00, 0x00, 0xD0, 0x2D, 0x00, 0x00, 0x00, 0x42, 0x01,
	0x35, 0xF9, 0x7B, 0x00, 0x00, 0xD0, 0x2D, 0x00, 0x00, 0x00, 0x42, 0x01, 0x35, 0x20, 0x78, 0x00,
	0x00, 0x20, 0x2E, 0x00, 0x00, 0x00, 0x44, 0x01, 0x35, 0x21, 0x78, 0x00, 0x00, 0x20, 0x2E, 0x00,
	0x00, 0x00, 0x44, 0x01, 0x35, 0x48, 0x78, 0x00, 0x00, 0x20, 0x2E, 0x00, 0x00, 0x00, 0x44, 0x01,
	0x35, 0x49, 0x78, 0x00, 0x00, 0x20, 0x2E, 0x00, 0x00, 0x00, 0x44, 0x01, 0x35, 0x70, 0x78, 0x00,
	0x00, 0x70, 0x2E, 0x00, 0x00, 0x00, 0x44, 0x01, 0x35, 0x71, 0x78, 0x00, 0x00, 0x70, 0x2E, 0x00,
	0x00, 0x00, 0x44, 0x01, 0x35, 0x98, 0x78, 0x00, 0x00, 0x70, 0x2E, 0x00, 0x00, 0x00, 0x44, 0x01,
	0x35, 0x99, 0x78, 0x00, 0x00, 0x70, 0x2E, 0x00, 0x00, 0x00, 0x44, 0x01, 0x35, 0xC0, 0x78, 0x00,
	0x00, 0xC0, 0x2E, 0x00, 0x00, 0x00, 0x44, 0x01, 0x35, 0xC1, 0x78, 0x00, 0x00, 0xC0, 0x2E, 0x00,
	0x00, 0x00, 0x44, 0x01, 0x35, 0xE8, 0x78, 0x00, 0x00, 0xC0, 0x2E, 0x00, 0x00, 0x00, 0x44, 0x01,
	0x35, 0xE9, 0x78, 0x00, 0x00, 0xC0, 0x2E, 0x00, 0x00, 0x00, 0x44, 0x01, 0x35, 0x10, 0x79, 0x00,
	0x00, 0x10, 0x2F, 0x00, 0x00, 0x00, 0x44, 0x01, 0x35, 0x11, 0x79, 0x00, 0x00, 0x10, 0x2F, 0x00,
	0x00, 0x00, 0x44, 0x01, 0x35, 0x38, 0x79, 0x00, 0x00, 0x10, 0x2F, 0x00, 0x00, 0x00, 0x44, 0x01,
	0x35, 0x39, 0x79, 0x00, 0x00, 0x10, 0x2F, 0x00, 0x00, 0x00, 0x44, 0x01, 0x35, 0x60, 0x79, 0x00,
	0x00, 0x60, 0x2F, 0x00, 0x00, 0x00, 0x44, 0x01, 0x35, 0x61, 0x79, 0x00, 0x00, 0x60, 0x2F, 0x00,
	0x00, 0x00, 0x44, 0x01, 0x35, 0x88, 0x79, 0x00, 0x00, 0x60, 0x2F, 0x00, 0x00, 0x00, 0x44, 0x01,
	0x35, 0x89, 0x79, 0x00, 0x00, 0x60, 0x2F, 0x00, 0x00, 0x00, 0x44, 0x01, 0x35, 0xB0, 0x79, 0x00,
	0x00, 0xB0, 0x2F, 0x00, 0x00, 0x00, 0x44, 0x01, 0x35, 0xB1, 0x79, 0x00, 0x00, 0xB0, 0x2F, 0x00,
	0x00, 0x00, 0x44, 0x01, 0x35, 0xD8, 0x79, 0x00, 0x00, 0xB0, 0x2F, 0x00, 0x00, 0x00, 0x44, 0x01,
	0x35, 0xD9, 0x79, 0x00, 0x00, 0xB0, 0x2F, 0x00, 0x00, 0x00, 0x44, 0x01, 0x40, 0xC6, 0x7E, 0x00,
	0x00, 0x00, 0x00, 0x00, 0x00, 0x00, 0x00, 0x00, 0xDC, 0x00, 0xBA, 0xC0, 0x00, 0x00, 0x00, 0x00,
	0x00, 0x00, 0xC0, 0x0B, 0x2E, 0x00, 0x5E, 0x00, 0x00, 0x00, 0x78, 0xC0, 0x00, 0xC0, 0x03, 0x00,
	0x00, 0x00, 0x00, 0x00, 0x00, 0x00, 0x00, 0x00, 0x00, 0x00, 0x00, 0x00, 0x00, 0x00, 0x14, 0x00,
	0x00, 0x00, 0x00, 0x00, 0x00, 0x00, 0x00, 0x00, 0x0E, 0x80, 0x75, 0x00, 0x00, 0x00, 0x1E, 0x40,
	0x01, 0x0A, 0x0F, 0x00, 0x35, 0x00, 0x78, 0x00, 0x00, 0x00, 0x26, 0x00, 0x00, 0x00, 0x40, 0x01,
	0x35, 0x01, 0x78, 0x00, 0x00, 0x00, 0x26, 0x00, 0x00, 0x00, 0x40, 0x01, 0x35, 0x28, 0x78, 0x00,
	0x00, 0x00, 0x26, 0x00, 0x00, 0x00, 0x40, 0x01, 0x35, 0x29, 0x78, 0x00, 0x00, 0x00, 0x26, 0x00,
	0x00, 0x00, 0x40, 0x01, 0x35, 0x50, 0x78, 0x00, 0x00, 0x50, 0x26, 0x00, 0x00, 0x00, 0x40, 0x01,
	0x35, 0x51, 0x78, 0x00, 0x00, 0x50, 0x26, 0x00, 0x00, 0x00, 0x40, 0x01, 0x35, 0x78, 0x78, 0x00,
	0x00, 0x50, 0x26, 0x00, 0x00, 0x00, 0x40, 0x01, 0x35, 0x79, 0x78, 0x00, 0x00, 0x50, 0x26, 0x00,
	0x00, 0x00, 0x40, 0x01, 0x35, 0xA0, 0x78, 0x00, 0x00, 0xA0, 0x26, 0x00, 0x00, 0x00, 0x40, 0x01,
	0x35, 0xA1, 0x78, 0x00, 0x00, 0xA0, 0x26, 0x00, 0x00, 0x00, 0x40, 0x01, 0x35, 0xC8, 0x78, 0x00,
	0x00, 0xA0, 0x26, 0x00, 0x00, 0x00, 0x40, 0x01, 0x35, 0xC9, 0x78, 0x00, 0x00, 0xA0, 0x26, 0x00,
	0x00, 0x00, 0x40, 0x01, 0x35, 0xF0, 0x78, 0x00, 0x00, 0xF0, 0x26, 0x00, 0x00, 0x00, 0x40, 0x01,
	0x35, 0xF1, 0x78, 0x00, 0x00, 0xF0, 0x26, 0x00, 0x00, 0x00, 0x40, 0x01, 0x35, 0x18, 0x79, 0x00,
	0x00, 0xF0, 0x26, 0x00, 0x00, 0x00, 0x40, 0x01, 0x35, 0x19, 0x79, 0x00, 0x00, 0xF0, 0x26, 0x00,
	0x00, 0x00, 0x40, 0x01, 0x35, 0x40, 0x79, 0x00, 0x00, 0x40, 0x27, 0x00, 0x00, 0x00, 0x40, 0x01,
	0x35, 0x41, 0x79, 0x00, 0x00, 0x40, 0x27, 0x00, 0x00, 0x00, 0x40, 0x01, 0x35, 0x68, 0x79, 0x00,
	0x00, 0x40, 0x27, 0x00, 0x00, 0x00, 0x40, 0x01, 0x35, 0x69, 0x79, 0x00, 0x00, 0x40, 0x27, 0x00,
	0x00, 0x00, 0x40, 0x01, 0x35, 0x90, 0x79, 0x00, 0x00, 0x90, 0x27, 0x00, 0x00, 0x00, 0x40, 0x01,
	0x35, 0x91, 0x79, 0x00, 0x00, 0x90, 0x27, 0x00, 0x00, 0x00, 0x40, 0x01, 0x35, 0xB8, 0x79, 0x00,
	0x00, 0x90, 0x27, 0x00, 0x00, 0x00, 0x40, 0x01, 0x35, 0xB9, 0x79, 0x00, 0x00, 0x90, 0x27, 0x00,
	0x00, 0x00, 0x40, 0x01, 0x35, 0xE0, 0x79, 0x00, 0x00, 0xE0, 0x27, 0x00, 0x00, 0x00, 0x40, 0x01,
	0x35, 0xE1, 0x79, 0x00, 0x00, 0xE0, 0x27, 0x00, 0x00, 0x00, 0x40, 0x01, 0x35, 0x08, 0x7A, 0x00,
	0x00, 0xE0, 0x27, 0x00, 0x00, 0x00, 0x40, 0x01, 0x35, 0x09, 0x7A, 0x00, 0x00, 0xE0, 0x27, 0x00,
	0x00, 0x00, 0x40, 0x01, 0x35, 0x30, 0x7A, 0x00, 0x00, 0x30, 0x28, 0x00, 0x00, 0x00, 0x40, 0x01,
	0x35, 0x31, 0x7A, 0x00, 0x00, 0x30, 0x28, 0x00, 0x00, 0x00, 0x40, 0x01, 0x35, 0x58, 0x7A, 0x00,
	0x00, 0x30, 0x28, 0x00, 0x00, 0x00, 0x40, 0x01, 0x35, 0x59, 0x7A, 0x00, 0x00, 0x30, 0x28, 0x00,
	0x00, 0x00, 0x40, 0x01, 0x35, 0x80, 0x7A, 0x00, 0x00, 0x80, 0x28, 0x00, 0x00, 0x00, 0x40, 0x01,
	0x35, 0x81, 0x7A, 0x00, 0x00, 0x80, 0x28, 0x00, 0x00, 0x00, 0x40, 0x01, 0x35, 0xA8, 0x7A, 0x00,
	0x00, 0x80, 0x28, 0x00, 0x00, 0x00, 0x40, 0x01, 0x35, 0xA9, 0x7A, 0x00, 0x00, 0x80, 0x28, 0x00,
	0x00, 0x00, 0x40, 0x01, 0x35, 0xD0, 0x7A, 0x00, 0x00, 0xD0, 0x28, 0x00, 0x00, 0x00, 0x40, 0x01,
	0x35, 0xD1, 0x7A, 0x00, 0x00, 0xD0, 0x28, 0x00, 0x00, 0x00, 0x40, 0x01, 0x35, 0xF8, 0x7A, 0x00,
	0x00, 0xD0, 0x28, 0x00, 0x00, 0x00, 0x40, 0x01, 0x35, 0xF9, 0x7A, 0x00, 0x00, 0xD0, 0x28, 0x00,
	0x00, 0x00, 0x40, 0x01, 0x35, 0x20, 0x7B, 0x00, 0x00, 0x20, 0x29, 0x00, 0x00, 0x00, 0x40, 0x01,
	0x35, 0x21, 0x7B, 0x00, 0x00, 0x20, 0x29, 0x00, 0x00, 0x00, 0x40, 0x01, 0x35, 0x48, 0x7B, 0x00,
	0x00, 0x20, 0x29, 0x00, 0x00, 0x00, 0x40, 0x01, 0x35, 0x49, 0x7B, 0x00, 0x00, 0x20, 0x29, 0x00,
	0x00, 0x00, 0x40, 0x01, 0x35, 0x70, 0x7B, 0x00, 0x00, 0x70, 0x29, 0x00, 0x00, 0x00, 0x40, 0x01,
	0x35, 0x71, 0x7B, 0x00, 0x00, 0x70, 0x29, 0x00, 0x00, 0x00, 0x40, 0x01, 0x35, 0x98, 0x7B, 0x00,
	0x00, 0x70, 0x29, 0x00, 0x00, 0x00, 0x40, 0x01, 0x35, 0x99, 0x7B, 0x00, 0x00, 0x70, 0x29, 0x00,
	0x00, 0x00, 0x40, 0x01, 0x35, 0xC0, 0x7B, 0x00, 0x00, 0xC0, 0x29, 0x00, 0x00, 0x00, 0x40, 0x01,
	0x35, 0xC1, 0x7B, 0x00, 0x00, 0xC0, 0x29, 0x00, 0x00, 0x00, 0x40, 0x01, 0x35, 0xE8, 0x7B, 0x00,
	0x00, 0xC0, 0x29, 0x00, 0x00, 0x00, 0x40, 0x01, 0x35, 0xE9, 0x7B, 0x00, 0x00, 0xC0, 0x29, 0x00,
	0x00, 0x00, 0x40, 0x01, 0x35, 0x10, 0x78, 0x00, 0x00, 0x10, 0x2A, 0x00, 0x00, 0x00, 0x42, 0x01,
	0x35, 0x11, 0x78, 0x00, 0x00, 0x10, 0x2A, 0x00, 0x00, 0x00, 0x42, 0x01, 0x35, 0x38, 0x78, 0x00,
	0x00, 0x10, 0x2A, 0x00, 0x00, 0x00, 0x42, 0x01, 0x35, 0x39, 0x78, 0x00, 0x00, 0x10, 0x2A, 0x00,
	0x00, 0x00, 0x42, 0x01, 0x35, 0x60, 0x78, 0x00, 0x00, 0x60, 0x2A, 0x00, 0x00, 0x00, 0x42, 0x01,
	0x35, 0x61, 0x78, 0x00, 0x00, 0x60, 0x2A, 0x00, 0x00, 0x00, 0x42, 0x01, 0x35, 0x88, 0x78, 0x00,
	0x00, 0x60, 0x2A, 0x00, 0x00, 0x00, 0x42, 0x01, 0x35, 0x89, 0x78, 0x00, 0x00, 0x60, 0x2A, 0x00,
	0x00, 0x00, 0x42, 0x01, 0x35, 0xB0, 0x78, 0x00, 0x00, 0xB0, 0x2A, 0x00, 0x00, 0x00, 0x42, 0x01,
	0x35, 0xB1, 0x78, 0x00, 0x00, 0xB0, 0x2A, 0x00, 0x00, 0x00, 0x42, 0x01, 0x35, 0xD8, 0x78, 0x00,
	0x00, 0xB0, 0x2A, 0x00, 0x00, 0x00, 0x42, 0x01, 0x35, 0xD9, 0x78, 0x00, 0x00, 0xB0, 0x2A, 0x00,
	0x00, 0x00, 0x42, 0x01, 0x35, 0x00, 0x79, 0x00, 0x00, 0x00, 0x2B, 0x00, 0x00, 0x00, 0x42, 0x01,
	0x35, 0x01, 0x79, 0x00, 0x00, 0x00, 0x2B, 0x00, 0x00, 0x00, 0x42, 0x01, 0x35, 0x28, 0x79, 0x00,
	0x00, 0x00, 0x2B, 0x00, 0x00, 0x00, 0x42, 0x01, 0x35, 0x29, 0x79, 0x00, 0x00, 0x00, 0x2B, 0x00,
	0x00, 0x00, 0x42, 0x01, 0x35, 0x50, 0x79, 0x00, 0x00, 0x50, 0x2B, 0x00, 0x00, 0x00, 0x42, 0x01,
	0x35, 0x51, 0x79, 0x00, 0x00, 0x50, 0x2B, 0x00, 0x00, 0x00, 0x42, 0x01, 0x35, 0x78, 0x79, 0x00,
	0x00, 0x50, 0x2B, 0x00, 0x00, 0x00, 0x42, 0x01, 0x35, 0x79, 0x79, 0x00, 0x00, 0x50, 0x2B, 0x00,
	0x00, 0x00, 0x42, 0x01, 0x35, 0xA0, 0x79, 0x00, 0x00, 0xA0, 0x2B, 0x00, 0x00, 0x00, 0x42, 0x01,
	0x35, 0xA1, 0x79, 0x00, 0x00, 0xA0, 0x2B, 0x00, 0x00, 0x00, 0x42, 0x01, 0x35, 0xC8, 0x79, 0x00,
	0x00, 0xA0, 0x2B, 0x00, 0x00, 0x00, 0x42, 0x01, 0x35, 0xC9, 0x79, 0x00, 0x00, 0xA0, 0x2B, 0x00,
	0x00, 0x00, 0x42, 0x01, 0x35, 0xF0, 0x79, 0x00, 0x00, 0xF0, 0x2B, 0x00, 0x00, 0x00, 0x42, 0x01,
	0x35, 0xF1, 0x79, 0x00, 0x00, 0xF0, 0x2B, 0x00, 0x00, 0x00, 0x42, 0x01, 0x35, 0x18, 0x7A, 0x00,
	0x00, 0xF0, 0x2B, 0x00, 0x00, 0x00, 0x42, 0x01, 0x35, 0x19, 0x7A, 0x00, 0x00, 0xF0, 0x2B, 0x00,
	0x00, 0x00, 0x42, 0x01, 0x35, 0x40, 0x7A, 0x00, 0x00, 0x40, 0x2C, 0x00, 0x00, 0x00, 0x42, 0x01,
	0x35, 0x41, 0x7A, 0x00, 0x00, 0x40, 0x2C, 0x00, 0x00, 0x00, 0x42, 0x01, 0x35, 0x68, 0x7A, 0x00,
	0x00, 0x40, 0x2C, 0x00, 0x00, 0x00, 0x42, 0x01, 0x35, 0x69, 0x7A, 0x00, 0x00, 0x40, 0x2C, 0x00,
	0x00, 0x00, 0x42, 0x01, 0x35, 0x90, 0x7A, 0x00, 0x00, 0x90, 0x2C, 0x00, 0x00, 0x00, 0x42, 0x01,
	0x35, 0x91, 0x7A, 0x00, 0x00, 0x90, 0x2C, 0x00, 0x00, 0x00, 0x42, 0x01, 0x35, 0xB8, 0x7A, 0x00,
	0x00, 0x90, 0x2C, 0x00, 0x00, 0x00, 0x42, 0x01, 0x35, 0xB9, 0x7A, 0x00, 0x00, 0x90, 0x2C, 0x00,
	0x00, 0x00, 0x42, 0x01, 0x35, 0xE0, 0x7A, 0x00, 0x00, 0xE0, 0x2C, 0x00, 0x00, 0x00, 0x42, 0x01,
	0x35, 0xE1, 0x7A, 0x00, 0x00, 0xE0, 0x2C, 0x00, 0x00, 0x00, 0x42, 0x01, 0x35, 0x08, 0x7B, 0x00,
	0x00, 0xE0, 0x2C, 0x00, 0x00, 0x00, 0x42, 0x01, 0x35, 0x09, 0x7B, 0x00, 0x00, 0xE0, 0x2C, 0x00,
	0x00, 0x00, 0x42, 0x01, 0x35, 0x30, 0x7B, 0x00, 0x00, 0x30, 0x2D, 0x00, 0x00, 0x00, 0x42, 0x01,
	0x35, 0x31, 0x7B, 0x00, 0x00, 0x30, 0x2D, 0x00, 0x00, 0x00, 0x42, 0x01, 0x35, 0x58, 0x7B, 0x00,
	0x00, 0x30, 0x2D, 0x00, 0x00, 0x00, 0x42, 0x01, 0x35, 0x59, 0x7B, 0x00, 0x00, 0x30, 0x2D, 0x00,
	0x00, 0x00, 0x42, 0x01, 0x35, 0x80, 0x7B, 0x00, 0x00, 0x80, 0x2D, 0x00, 0x00, 0x00, 0x42, 0x01,
	0x35, 0x81, 0x7B, 0x00, 0x00, 0x80, 0x2D, 0x00, 0x00, 0x00, 0x42, 0x01, 0x35, 0xA8, 0x7B, 0x00,
	0x00, 0x80, 0x2D, 0x00, 0x00, 0x00, 0x42, 0x01, 0x35, 0xA9, 0x7B, 0x00, 0x00, 0x80, 0x2D, 0x00,
	0x00, 0x00, 0x42, 0x01, 0x35, 0xD0, 0x7B, 0x00, 0x00, 0xD0, 0x2D, 0x00, 0x00, 0x00, 0x42, 0x01,
	0x35, 0xD1, 0x7B, 0x00, 0x00, 0xD0, 0x2D, 0x00, 0x00, 0x00, 0x42, 0x01, 0x35, 0xF8, 0x7B, 0x00,
	0x00, 0xD0, 0x2D, 0x00, 0x00, 0x00, 0x42, 0x01, 0x35, 0xF9, 0x7B, 0x00, 0x00, 0xD0, 0x2D, 0x00,
	0x00, 0x00, 0x42, 0x01, 0x35, 0x20, 0x78, 0x00, 0x00, 0x20, 0x2E, 0x00, 0x00, 0x00, 0x44, 0x01,
	0x35, 0x21, 0x78, 0x00, 0x00, 0x20, 0x2E, 0x00, 0x00, 0x00, 0x44, 0x01, 0x35, 0x48, 0x78, 0x00,
	0x00, 0x20, 0x2E, 0x00, 0x00, 0x00, 0x44, 0x01, 0x35, 0x49, 0x78, 0x00, 0x00, 0x20, 0x2E, 0x00,
	0x00, 0x00, 0x44, 0x01, 0x35, 0x70, 0x78, 0x00, 0x00, 0x70, 0x2E, 0x00, 0x00, 0x00, 0x44, 0x01,
	0x35, 0x71, 0x78, 0x00, 0x00, 0x70, 0x2E, 0x00, 0x00, 0x00, 0x44, 0x01, 0x35, 0x98, 0x78, 0x00,
	0x00, 0x70, 0x2E, 0x00, 0x00, 0x00, 0x44, 0x01, 0x35, 0x99, 0x78, 0x00, 0x00, 0x70, 0x2E, 0x00,
	0x00, 0x00, 0x44, 0x01, 0x35, 0xC0, 0x78, 0x00, 0x00, 0xC0, 0x2E, 0x00, 0x00, 0x00, 0x44, 0x01,
	0x35, 0xC1, 0x78, 0x00, 0x00, 0xC0, 0x2E, 0x00, 0x00, 0x00, 0x44, 0x01, 0x35, 0xE8, 0x78, 0x00,
	0x00, 0xC0, 0x2E, 0x00, 0x00, 0x00, 0x44, 0x01, 0x35, 0xE9, 0x78, 0x00, 0x00, 0xC0, 0x2E, 0x00,
	0x00, 0x00, 0x44, 0x01, 0x35, 0x10, 0x79, 0x00, 0x00, 0x10, 0x2F, 0x00, 0x00, 0x00, 0x44, 0x01,
	0x35, 0x11, 0x79, 0x00, 0x00, 0x10, 0x2F, 0x00, 0x00, 0x00, 0x44, 0x01, 0x35, 0x38, 0x79, 0x00,
	0x00, 0x10, 0x2F, 0x00, 0x00, 0x00, 0x44, 0x01, 0x35, 0x39, 0x79, 0x00, 0x00, 0x10, 0x2F, 0x00,
	0x00, 0x00, 0x44, 0x01, 0x35, 0x60, 0x79, 0x00, 0x00, 0x60, 0x2F, 0x00, 0x00, 0x00, 0x44, 0x01,
	0x35, 0x61, 0x79, 0x00, 0x00, 0x60, 0x2F, 0x00, 0x00, 0x00, 0x44, 0x01, 0x35, 0x88, 0x79, 0x00,
	0x00, 0x60, 0x2F, 0x00, 0x00, 0x00, 0x44, 0x01, 0x35, 0x89, 0x79, 0x00, 0x00, 0x60, 0x2F, 0x00,
	0x00, 0x00, 0x44, 0x01, 0x35, 0xB0, 0x79, 0x00, 0x00, 0xB0, 0x2F, 0x00, 0x00, 0x00, 0x44, 0x01,
	0x35, 0xB1, 0x79, 0x00, 0x00, 0xB0, 0x2F, 0x00, 0x00, 0x00, 0x44, 0x01, 0x35, 0xD8, 0x79, 0x00,
	0x00, 0xB0, 0x2F, 0x00, 0x00, 0x00, 0x44, 0x01, 0x35, 0xD9, 0x79, 0x00, 0x00, 0xB0, 0x2F, 0x00,
	0x00, 0x00, 0x44, 0x01, 0x40, 0xC6, 0x7E, 0x00, 0x00, 0x00, 0x00, 0x00, 0x00, 0x00, 0x00, 0x00,
	0xDC, 0x00, 0xBA, 0xC0, 0x00, 0x00, 0x00, 0x00, 0x00, 0x00, 0xC0, 0x0B, 0x2E, 0x00, 0x5E, 0x00,
	0x00, 0x00, 0x78, 0xC0, 0x00, 0xE8, 0x03, 0x00, 0x00, 0x00, 0x00, 0x00, 0x00, 0x00, 0x00, 0x00,
	0x00, 0x00, 0x00, 0x00, 0x00, 0x00, 0x14, 0x00, 0x00, 0x00, 0x00, 0x00, 0x00, 0x00, 0x00, 0x00,
	0x0E, 0x80, 0x75, 0x00, 0x00, 0x00, 0x1E, 0x40, 0x01, 0x14, 0x0F, 0x00, 0x35, 0x00, 0x78, 0x00,
	0x00, 0x00, 0x26, 0x00, 0x00, 0x00, 0x40, 0x01, 0x06, 0x00, 0x04, 0x00, 0x00, 0x00, 0x10, 0x00,
	0x00, 0x90, 0x00, 0x00, 0x08, 0x00, 0x00, 0x00, 0x00, 0x00, 0x00, 0x00, 0x00, 0x00, 0x00, 0x00,
	0x18, 0x00, 0x04, 0x00, 0x00, 0x00, 0x00, 0x00, 0x00, 0x00, 0x00, 0x00, 0x35, 0x01, 0x78, 0x00,
	0x00, 0x00, 0x26, 0x00, 0x00, 0x00, 0x40, 0x01, 0x35, 0x28, 0x78, 0x00, 0x00, 0x00, 0x26, 0x00,
	0x00, 0x00, 0x40, 0x01, 0x35, 0x29, 0x78, 0x00, 0x00, 0x00, 0x26, 0x00, 0x00, 0x00, 0x40, 0x01,
	0x35, 0x50, 0x78, 0x00, 0x00, 0x50, 0x26, 0x00, 0x00, 0x00, 0x40, 0x01, 0x35, 0x51, 0x78, 0x00,
	0x00, 0x50, 0x26, 0x00, 0x00, 0x00, 0x40, 0x01, 0x35, 0x78, 0x78, 0x00, 0x00, 0x50, 0x26, 0x00,
	0x00, 0x00, 0x40, 0x01, 0x35, 0x79, 0x78, 0x00, 0x00, 0x50, 0x26, 0x00, 0x00, 0x00, 0x40, 0x01,
	0x35, 0xA0, 0x78, 0x00, 0x00, 0xA0, 0x26, 0x00, 0x00, 0x00, 0x40, 0x01, 0x35, 0xA1, 0x78, 0x00,
	0x00, 0xA0, 0x26, 0x00, 0x00, 0x00, 0x40, 0x01, 0x35, 0xC8, 0x78, 0x00, 0x00, 0xA0, 0x26, 0x00,
	0x00, 0x00, 0x40, 0x01, 0x35, 0xC9, 0x78, 0x00, 0x00, 0xA0, 0x26, 0x00, 0x00, 0x00, 0x40, 0x01,
	0x35, 0xF0, 0x78, 0x00, 0x00, 0xF0, 0x26, 0x00, 0x00, 0x00, 0x40, 0x01, 0x35, 0xF1, 0x78, 0x00,
	0x00, 0xF0, 0x26, 0x00, 0x00, 0x00, 0x40, 0x01, 0x35, 0x18, 0x79, 0x00, 0x00, 0xF0, 0x26, 0x00,
	0x00, 0x00, 0x40, 0x01, 0x35, 0x19, 0x79, 0x00, 0x00, 0xF0, 0x26, 0x00, 0x00, 0x00, 0x40, 0x01,
	0x35, 0x40, 0x79, 0x00, 0x00, 0x40, 0x27, 0x00, 0x00, 0x00, 0x40, 0x01, 0x35, 0x41, 0x79, 0x00,
	0x00, 0x40, 0x27, 0x00, 0x00, 0x00, 0x40, 0x01, 0x35, 0x68, 0x79, 0x00, 0x00, 0x40, 0x27, 0x00,
	0x00, 0x00, 0x40, 0x01, 0x35, 0x69, 0x79, 0x00, 0x00, 0x40, 0x27, 0x00, 0x00, 0x00, 0x40, 0x01,
	0x35, 0x90, 0x79, 0x00, 0x00, 0x90, 0x27, 0x00, 0x00, 0x00, 0x40, 0x01, 0x35, 0x91, 0x79, 0x00,
	0x00, 0x90, 0x27, 0x00, 0x00, 0x00, 0x40, 0x01, 0x35, 0xB8, 0x79, 0x00, 0x00, 0x90, 0x27, 0x00,
	0x00, 0x00, 0x40, 0x01, 0x35, 0xB9, 0x79, 0x00, 0x00, 0x90, 0x27, 0x00, 0x00, 0x00, 0x40, 0x01,
	0x35, 0xE0, 0x79, 0x00, 0x00, 0xE0, 0x27, 0x00, 0x00, 0x00, 0x40, 0x01, 0x35, 0xE1, 0x79, 0x00,
	0x00, 0xE0, 0x27, 0x00, 0x00, 0x00, 0x40, 0x01, 0x35, 0x08, 0x7A, 0x00, 0x00, 0xE0, 0x27, 0x00,
	0x00, 0x00, 0x40, 0x01, 0x35, 0x09, 0x7A, 0x00, 0x00, 0xE0, 0x27, 0x00, 0x00, 0x00, 0x40, 0x01,
	0x35, 0x30, 0x7A, 0x00, 0x00, 0x30, 0x28, 0x00, 0x00, 0x00, 0x40, 0x01, 0x35, 0x31, 0x7A, 0x00,
	0x00, 0x30, 0x28, 0x00, 0x00, 0x00, 0x40, 0x01, 0x35, 0x58, 0x7A, 0x00, 0x00, 0x30, 0x28, 0x00,
	0x00, 0x00, 0x40, 0x01, 0x35, 0x59, 0x7A, 0x00, 0x00, 0x30, 0x28, 0x00, 0x00, 0x00, 0x40, 0x01,
	0x35, 0x80, 0x7A, 0x00, 0x00, 0x80, 0x28, 0x00, 0x00, 0x00, 0x40, 0x01, 0x35, 0x81, 0x7A, 0x00,
	0x00, 0x80, 0x28, 0x00, 0x00, 0x00, 0x40, 0x01, 0x35, 0xA8, 0x7A, 0x00, 0x00, 0x80, 0x28, 0x00,
	0x00, 0x00, 0x40, 0x01, 0x35, 0xA9, 0x7A, 0x00, 0x00, 0x80, 0x28, 0x00, 0x00, 0x00, 0x40, 0x01,
	0x35, 0xD0, 0x7A, 0x00, 0x00, 0xD0, 0x28, 0x00, 0x00, 0x00, 0x40, 0x01, 0x35, 0xD1, 0x7A, 0x00,
	0x00, 0xD0, 0x28, 0x00, 0x00, 0x00, 0x40, 0x01, 0x35, 0xF8, 0x7A, 0x00, 0x00, 0xD0, 0x28, 0x00,
	0x00, 0x00, 0x40, 0x01, 0x35, 0xF9, 0x7A, 0x00, 0x00, 0xD0, 0x28, 0x00, 0x00, 0x00, 0x40, 0x01,
	0x35, 0x20, 0x7B, 0x00, 0x00, 0x20, 0x29, 0x00, 0x00, 0x00, 0x40, 0x01, 0x35, 0x21, 0x7B, 0x00,
	0x00, 0x20, 0x29, 0x00, 0x00, 0x00, 0x40, 0x01, 0x35, 0x48, 0x7B, 0x00, 0x00, 0x20, 0x29, 0x00,
	0x00, 0x00, 0x40, 0x01, 0x35, 0x49, 0x7B, 0x00, 0x00, 0x20, 0x29, 0x00, 0x00, 0x00, 0x40, 0x01,
	0x35, 0x70, 0x7B, 0x00, 0x00, 0x70, 0x29, 0x00, 0x00, 0x00, 0x40, 0x01, 0x35, 0x71, 0x7B, 0x00,
	0x00, 0x70, 0x29, 0x00, 0x00, 0x00, 0x40, 0x01, 0x35, 0x98, 0x7B, 0x00, 0x00, 0x70, 0x29, 0x00,
	0x00, 0x00, 0x40, 0x01, 0x35, 0x99, 0x7B, 0x00, 0x00, 0x70, 0x29, 0x00, 0x00, 0x00, 0x40, 0x01,
	0x35, 0xC0, 0x7B, 0x00, 0x00, 0xC0, 0x29, 0x00, 0x00, 0x00, 0x40, 0x01, 0x35, 0xC1, 0x7B, 0x00,
	0x00, 0xC0, 0x29, 0x00, 0x00, 0x00, 0x40, 0x01, 0x35, 0xE8, 0x7B, 0x00, 0x00, 0xC0, 0x29, 0x00,
	0x00, 0x00, 0x40, 0x01, 0x35, 0xE9, 0x7B, 0x00, 0x00, 0xC0, 0x29, 0x00, 0x00, 0x00, 0x40, 0x01,
	0x35, 0x10, 0x78, 0x00, 0x00, 0x10, 0x2A, 0x00, 0x00, 0x00, 0x42, 0x01, 0x35, 0x11, 0x78, 0x00,
	0x00, 0x10, 0x2A, 0x00, 0x00, 0x00, 0x42, 0x01, 0x35, 0x38, 0x78, 0x00, 0x00, 0x10, 0x2A, 0x00,
	0x00, 0x00, 0x42, 0x01, 0x35, 0x39, 0x78, 0x00, 0x00, 0x10, 0x2A, 0x00, 0x00, 0x00, 0x42, 0x01,
	0x35, 0x60, 0x78, 0x00, 0x00, 0x60, 0x2A, 0x00, 0x00, 0x00, 0x42, 0x01, 0x35, 0x61, 0x78, 0x00,
	0x00, 0x60, 0x2A, 0x00, 0x00, 0x00, 0x42, 0x01, 0x35, 0x88, 0x78, 0x00, 0x00, 0x60, 0x2A, 0x00,
	0x00, 0x00, 0x42, 0x01, 0x35, 0x89, 0x78, 0x00, 0x00, 0x60, 0x2A, 0x00, 0x00, 0x00, 0x42, 0x01,
	0x35, 0xB0, 0x78, 0x00, 0x00, 0xB0, 0x2A, 0x00, 0x00, 0x00, 0x42, 0x01, 0x35, 0xB1, 0x78, 0x00,
	0x00, 0xB0, 0x2A, 0x00, 0x00, 0x00, 0x42, 0x01, 0x35, 0xD8, 0x78, 0x00, 0x00, 0xB0, 0x2A, 0x00,
	0x00, 0x00, 0x42, 0x01, 0x35, 0xD9, 0x78, 0x00, 0x00, 0xB0, 0x2A, 0x00, 0x00, 0x00, 0x42, 0x01,
	0x35, 0x00, 0x79, 0x00, 0x00, 0x00, 0x2B, 0x00, 0x00, 0x00, 0x42, 0x01, 0x35, 0x01, 0x79, 0x00,
	0x00, 0x00, 0x2B, 0x00, 0x00, 0x00, 0x42, 0x01, 0x35, 0x28, 0x79, 0x00, 0x00, 0x00, 0x2B, 0x00,
	0x00, 0x00, 0x42, 0x01, 0x35, 0x29, 0x79, 0x00, 0x00, 0x00, 0x2B, 0x00, 0x00, 0x00, 0x42, 0x01,
	0x35, 0x50, 0x79, 0x00, 0x00, 0x50, 0x2B, 0x00, 0x00, 0x00, 0x42, 0x01, 0x35, 0x51, 0x79, 0x00,
	0x00, 0x50, 0x2B, 0x00, 0x00, 0x00, 0x42, 0x01, 0x35, 0x78, 0x79, 0x00, 0x00, 0x50, 0x2B, 0x00,
	0x00, 0x00, 0x42, 0x01, 0x35, 0x79, 0x79, 0x00, 0x00, 0x50, 0x2B, 0x00, 0x00, 0x00, 0x42, 0x01,
	0x35, 0xA0, 0x79, 0x00, 0x00, 0xA0, 0x2B, 0x00, 0x00, 0x00, 0x42, 0x01, 0x35, 0xA1, 0x79, 0x00,
	0x00, 0xA0, 0x2B, 0x00, 0x00, 0x00, 0x42, 0x01, 0x35, 0xC8, 0x79, 0x00, 0x00, 0xA0, 0x2B, 0x00,
	0x00, 0x00, 0x42, 0x01, 0x35, 0xC9, 0x79, 0x00, 0x00, 0xA0, 0x2B, 0x00, 0x00, 0x00, 0x42, 0x01,
	0x35, 0xF0, 0x79, 0x00, 0x00, 0xF0, 0x2B, 0x00, 0x00, 0x00, 0x42, 0x01, 0x35, 0xF1, 0x79, 0x00,
	0x00, 0xF0, 0x2B, 0x00, 0x00, 0x00, 0x42, 0x01, 0x35, 0x18, 0x7A, 0x00, 0x00, 0xF0, 0x2B, 0x00,
	0x00, 0x00, 0x42, 0x01, 0x35, 0x19, 0x7A, 0x00, 0x00, 0xF0, 0x2B, 0x00, 0x00, 0x00, 0x42, 0x01,
	0x35, 0x40, 0x7A, 0x00, 0x00, 0x40, 0x2C, 0x00, 0x00, 0x00, 0x42, 0x01, 0x35, 0x41, 0x7A, 0x00,
	0x00, 0x40, 0x2C, 0x00, 0x00, 0x00, 0x42, 0x01, 0x35, 0x68, 0x7A, 0x00, 0x00, 0x40, 0x2C, 0x00,
	0x00, 0x00, 0x42, 0x01, 0x35, 0x69, 0x7A, 0x00, 0x00, 0x40, 0x2C, 0x00, 0x00, 0x00, 0x42, 0x01,
	0x35, 0x90, 0x7A, 0x00, 0x00, 0x90, 0x2C, 0x00, 0x00, 0x00, 0x42, 0x01, 0x35, 0x91, 0x7A, 0x00,
	0x00, 0x90, 0x2C, 0x00, 0x00, 0x00, 0x42, 0x01, 0x35, 0xB8, 0x7A, 0x00, 0x00, 0x90, 0x2C, 0x00,
	0x00, 0x00, 0x42, 0x01, 0x35, 0xB9, 0x7A, 0x00, 0x00, 0x90, 0x2C, 0x00, 0x00, 0x00, 0x42, 0x01,
	0x35, 0xE0, 0x7A, 0x00, 0x00, 0xE0, 0x2C, 0x00, 0x00, 0x00, 0x42, 0x01, 0x35, 0xE1, 0x7A, 0x00,
	0x00, 0xE0, 0x2C, 0x00, 0x00, 0x00, 0x42, 0x01, 0x35, 0x08, 0x7B, 0x00, 0x00, 0xE0, 0x2C, 0x00,
	0x00, 0x00, 0x42, 0x01, 0x35, 0x09, 0x7B, 0x00, 0x00, 0xE0, 0x2C, 0x00, 0x00, 0x00, 0x42, 0x01,
	0x35, 0x30, 0x7B, 0x00, 0x00, 0x30, 0x2D, 0x00, 0x00, 0x00, 0x42, 0x01, 0x35, 0x31, 0x7B, 0x00,
	0x00, 0x30, 0x2D, 0x00, 0x00, 0x00, 0x42, 0x01, 0x35, 0x58, 0x7B, 0x00, 0x00, 0x30, 0x2D, 0x00,
	0x00, 0x00, 0x42, 0x01, 0x35, 0x59, 0x7B, 0x00, 0x00, 0x30, 0x2D, 0x00, 0x00, 0x00, 0x42, 0x01,
	0x35, 0x80, 0x7B, 0x00, 0x00, 0x80, 0x2D, 0x00, 0x00, 0x00, 0x42, 0x01, 0x35, 0x81, 0x7B, 0x00,
	0x00, 0x80, 0x2D, 0x00, 0x00, 0x00, 0x42, 0x01, 0x35, 0xA8, 0x7B, 0x00, 0x00, 0x80, 0x2D, 0x00,
	0x00, 0x00, 0x42, 0x01, 0x35, 0xA9, 0x7B, 0x00, 0x00, 0x80, 0x2D, 0x00, 0x00, 0x00, 0x42, 0x01,
	0x35, 0xD0, 0x7B, 0x00, 0x00, 0xD0, 0x2D, 0x00, 0x00, 0x00, 0x42, 0x01, 0x35, 0xD1, 0x7B, 0x00,
	0x00, 0xD0, 0x2D, 0x00, 0x00, 0x00, 0x42, 0x01, 0x35, 0xF8, 0x7B, 0x00, 0x00, 0xD0, 0x2D, 0x00,
	0x00, 0x00, 0x42, 0x01, 0x35, 0xF9, 0x7B, 0x00, 0x00, 0xD0, 0x2D, 0x00, 0x00, 0x00, 0x42, 0x01,
	0x35, 0x20, 0x78, 0x00, 0x00, 0x20, 0x2E, 0x00, 0x00, 0x00, 0x44, 0x01, 0x35, 0x21, 0x78, 0x00,
	0x00, 0x20, 0x2E, 0x00, 0x00, 0x00, 0x44, 0x01, 0x35, 0x48, 0x78, 0x00, 0x00, 0x20, 0x2E, 0x00,
	0x00, 0x00, 0x44, 0x01, 0x35, 0x49, 0x78, 0x00, 0x00, 0x20, 0x2E, 0x00, 0x00, 0x00, 0x44, 0x01,
	0x35, 0x70, 0x78, 0x00, 0x00, 0x70, 0x2E, 0x00, 0x00, 0x00, 0x44, 0x01, 0x35, 0x71, 0x78, 0x00,
	0x00, 0x70, 0x2E, 0x00, 0x00, 0x00, 0x44, 0x01, 0x35, 0x98, 0x78, 0x00, 0x00, 0x70, 0x2E, 0x00,
	0x00, 0x00, 0x44, 0x01, 0x35, 0x99, 0x78, 0x00, 0x00, 0x70, 0x2E, 0x00, 0x00, 0x00, 0x44, 0x01,
	0x35, 0xC0, 0x78, 0x00, 0x00, 0xC0, 0x2E, 0x00, 0x00, 0x00, 0x44, 0x01, 0x35, 0xC1, 0x78, 0x00,
	0x00, 0xC0, 0x2E, 0x00, 0x00, 0x00, 0x44, 0x01, 0x35, 0xE8, 0x78, 0x00, 0x00, 0xC0, 0x2E, 0x00,
	0x00, 0x00, 0x44, 0x01, 0x35, 0xE9, 0x78, 0x00, 0x00, 0xC0, 0x2E, 0x00, 0x00, 0x00, 0x44, 0x01,
	0x35, 0x10, 0x79, 0x00, 0x00, 0x10, 0x2F, 0x00, 0x00, 0x00, 0x44, 0x01, 0x35, 0x11, 0x79, 0x00,
	0x00, 0x10, 0x2F, 0x00, 0x00, 0x00, 0x44, 0x01, 0x35, 0x38, 0x79, 0x00, 0x00, 0x10, 0x2F, 0x00,
	0x00, 0x00, 0x44, 0x01, 0x35, 0x39, 0x79, 0x00, 0x00, 0x10, 0x2F, 0x00, 0x00, 0x00, 0x44, 0x01,
	0x35, 0x60, 0x79, 0x00, 0x00, 0x60, 0x2F, 0x00, 0x00, 0x00, 0x44, 0x01, 0x35, 0x61, 0x79, 0x00,
	0x00, 0x60, 0x2F, 0x00, 0x00, 0x00, 0x44, 0x01, 0x35, 0x88, 0x79, 0x00, 0x00, 0x60, 0x2F, 0x00,
	0x00, 0x00, 0x44, 0x01, 0x35, 0x89, 0x79, 0x00, 0x00, 0x60, 0x2F, 0x00, 0x00, 0x00, 0x44, 0x01,
	0x35, 0xB0, 0x79, 0x00, 0x00, 0xB0, 0x2F, 0x00, 0x00, 0x00, 0x44, 0x01, 0x35, 0xB1, 0x79, 0x00,
	0x00, 0xB0, 0x2F, 0x00, 0x00, 0x00, 0x44, 0x01, 0x35, 0xD8, 0x79, 0x00, 0x00, 0xB0, 0x2F, 0x00,
	0x00, 0x00, 0x44, 0x01, 0x35, 0xD9, 0x79, 0x00, 0x00, 0xB0, 0x2F, 0x00, 0x00, 0x00, 0x44, 0x01,
	0x40, 0xC6, 0x7E, 0x00, 0x00, 0x00, 0x00, 0x00, 0x00, 0x00, 0x00, 0x00, 0xDC, 0x00, 0xBA, 0xC0,
	0x00, 0x00, 0x00, 0x00, 0x00, 0x00, 0xC0, 0x0B, 0x2E, 0x00, 0x5E, 0x00, 0x00, 0x00, 0x78, 0xC0,
	0x00, 0x10, 0x04, 0x00, 0x00, 0x00, 0x00, 0x00, 0x00, 0x00, 0x00, 0x00, 0x00, 0x00, 0x00, 0x00,
	0x00, 0x00, 0x14, 0x00, 0x00, 0x00, 0x00, 0x00, 0x00, 0x00, 0x00, 0x00, 0x66, 0x00, 0x00, 0x00,
	0x00, 0x00, 0xC0, 0x03, 0x00, 0x00, 0x0F, 0x00, 0x40, 0x80, 0x41, 0x00, 0x00, 0x00, 0x00, 0x00,
	0x00, 0x00, 0x00, 0x00, 0xDC, 0x80, 0xCC, 0x00, 0x01, 0x00, 0x00, 0x00, 0x00, 0x00, 0x80, 0x0B,
	0x76, 0x80, 0x00, 0x00, 0x00, 0x00, 0xC0, 0x03, 0x01, 0x00, 0x0F, 0x00, 0x00, 0x00, 0x00, 0x00,
	0x00, 0x00, 0x00, 0x00, 0x00, 0x00, 0x00, 0x00, 0x00, 0x00, 0x14, 0x00, 0x00, 0x00, 0x00, 0x00,
	0x00, 0x00, 0x00, 0x00, 0x0E, 0x00, 0x5C, 0x00, 0x00, 0x00, 0x78, 0x00, 0x00, 0x00, 0x00, 0x00,
	0x40, 0x31, 0x73, 0x00, 0x00, 0x00, 0x00, 0x00, 0x00, 0x00, 0x00, 0x00, 0xDC, 0x00, 0xBA, 0xC0,
	0x00, 0x00, 0x00, 0x00, 0x00, 0x00, 0xC0, 0x0B, 0x2E, 0x00, 0x5E, 0x00, 0x00, 0x00, 0x78, 0xC0,
	0x00, 0xF0, 0x0F, 0x00, 0x00, 0x00, 0x00, 0x00, 0x00, 0x00, 0x00, 0x00, 0x00, 0x00, 0x00, 0x00,
	0x00, 0x00, 0x14, 0x00, 0x00, 0x00, 0x00, 0x00, 0x00, 0x00, 0x00, 0x00, 0x0E, 0x00, 0x5C, 0x00,
	0x00, 0x00, 0x78, 0x00, 0x00, 0x28, 0x00, 0x00, 0x40, 0x31, 0x73, 0x00, 0x00, 0x00, 0x00, 0x00,
	0x00, 0x00, 0x00, 0x00, 0xDC, 0x00, 0xBA, 0xC0, 0x00, 0x00, 0x00, 0x00, 0x00, 0x00, 0xC0, 0x0B,
	0x2E, 0x00, 0x5E, 0x00, 0x00, 0x00, 0x78, 0xC0, 0x00, 0x18, 0x10, 0x00, 0x00, 0x00, 0x00, 0x00,
	0x00, 0x00, 0x00, 0x00, 0x00, 0x00, 0x00, 0x00, 0x00, 0x00, 0x14, 0x00, 0x00, 0x00, 0x00, 0x00,
	0x00, 0x00, 0x00, 0x00, 0x0E, 0x00, 0x5C, 0x00, 0x00, 0x00, 0x78, 0x00, 0x00, 0x50, 0x00, 0x00,
	0x40, 0x31, 0x73, 0x00, 0x00, 0x00, 0x00, 0x00, 0x00, 0x00, 0x00, 0x00, 0xDC, 0x00, 0xBA, 0xC0,
	0x00, 0x00, 0x00, 0x00, 0x00, 0x00, 0xC0, 0x0B, 0x2E, 0x00, 0x5E, 0x00, 0x00, 0x00, 0x78, 0xC0,
	0x00, 0x40, 0x10, 0x00, 0x00, 0x00, 0x00, 0x00, 0x00, 0x00, 0x00, 0x00, 0x00, 0x00, 0x00, 0x00,
	0x00, 0x00, 0x14, 0x00, 0x00, 0x00, 0x00, 0x00, 0x00, 0x00, 0x00, 0x00, 0x00, 0x00, 0x00, 0x00,
	0x00, 0x00, 0x00, 0x00, 0x00, 0x00, 0x00, 0x00, 0x00, 0x00, 0x14, 0x00, 0x00, 0x00, 0x00, 0x00,
	0x00, 0x00, 0x00, 0x00, 0x0E, 0x00, 0x7C, 0x00, 0x00, 0x00, 0x78, 0x00, 0x00, 0xC0, 0x03, 0x00,
	0x0D, 0x00, 0xE9, 0x00, 0x00, 0x00, 0x00, 0x00, 0x00, 0x00, 0x04, 0x00, 0x0E, 0x00, 0x7C, 0x00,
	0x00, 0x00, 0x78, 0x00, 0x00, 0xF0, 0x0F, 0x00, 0x0D, 0x80, 0xE8, 0x00, 0x00, 0x00, 0x00, 0x00,
	0x00, 0x00, 0x08, 0x00, 0x2E, 0x00, 0x81, 0x00, 0x00, 0x00, 0x78, 0x80, 0x00, 0xB0, 0x13, 0x00,
	0x00, 0x00, 0x00, 0x00, 0x00, 0x00, 0x00, 0x00, 0x00, 0x00, 0x00, 0x00, 0x00, 0x00, 0x14, 0x00,
	0x00, 0x00, 0x00, 0x00, 0x00, 0x00, 0x00, 0x00, 0x0E, 0x00, 0x7C, 0x00, 0x00, 0x00, 0x78, 0x00,
	0x00, 0xDE, 0x03, 0x00, 0x0D, 0x00, 0xE9, 0x00, 0x00, 0x00, 0x00, 0x00, 0x00, 0x00, 0x04, 0x00,
	0x0E, 0x00, 0x7C, 0x00, 0x00, 0x00, 0x78, 0x00, 0x00, 0x0E, 0x10, 0x00, 0x0D, 0x80, 0xE8, 0x00,
	0x00, 0x00, 0x00, 0x00, 0x00, 0x00, 0x08, 0x00, 0x2E, 0x00, 0x81, 0x00, 0x00, 0x00, 0x78, 0x80,
	0x00, 0xCE, 0x13, 0x00, 0x00, 0x00, 0x00, 0x00, 0x00, 0x00, 0x00, 0x00, 0x00, 0x00, 0x00, 0x00,
	0x00, 0x00, 0x14, 0x00, 0x00, 0x00, 0x00, 0x00, 0x00, 0x00, 0x00, 0x00, 0x0E, 0x00, 0x7C, 0x00,
	0x00, 0x00, 0x78, 0x00, 0x00, 0xFC, 0x03, 0x00, 0x0D, 0x00, 0xE9, 0x00, 0x00, 0x00, 0x00, 0x00,
	0x00, 0x00, 0x04, 0x00, 0x0E, 0x00, 0x7C, 0x00, 0x00, 0x00, 0x78, 0x00, 0x00, 0x2C, 0x10, 0x00,
	0x0D, 0x80, 0xE8, 0x00, 0x00, 0x00, 0x00, 0x00, 0x00, 0x00, 0x08, 0x00, 0x2E, 0x00, 0x81, 0x00,
	0x00, 0x00, 0x78, 0x80, 0x00, 0xEC, 0x13, 0x00, 0x00, 0x00, 0x00, 0x00, 0x00, 0x00, 0x00, 0x00,
	0x00, 0x00, 0x00, 0x00, 0x00, 0x00, 0x14, 0x00, 0x00, 0x00, 0x00, 0x00, 0x00, 0x00, 0x00, 0x00,
	0x0E, 0x00, 0x7C, 0x00, 0x00, 0x00, 0x78, 0x00, 0x00, 0x1A, 0x04, 0x00, 0x0D, 0x00, 0xE9, 0x00,
	0x00, 0x00, 0x00, 0x00, 0x00, 0x00, 0x04, 0x00, 0x0E, 0x00, 0x7C, 0x00, 0x00, 0x00, 0x78, 0x00,
	0x00, 0x4A, 0x10, 0x00, 0x0D, 0x80, 0xE8, 0x00, 0x00, 0x00, 0x00, 0x00, 0x00, 0x00, 0x08, 0x00,
	0x2E, 0x00, 0x81, 0x00, 0x00, 0x00, 0x78, 0x80, 0x00, 0x0A, 0x14, 0x00, 0x00, 0x00, 0x00, 0x00,
	0x00, 0x00, 0x00, 0x00, 0x00, 0x00, 0x00, 0x00, 0x00, 0x00, 0x14, 0x00, 0x00, 0x00, 0x00, 0x00,
	0x00, 0x00, 0x00, 0x00, 0x00, 0x00, 0x00, 0x00, 0x00, 0x00, 0x00, 0x00, 0x00, 0x00, 0x00, 0x00,
	0x00, 0x00, 0x14, 0x00, 0x00, 0x00, 0x00, 0x00, 0x00, 0x00, 0x00, 0x00, 0x0E, 0x80, 0x87, 0x00,
	0x00, 0x00, 0x78, 0x80, 0x00, 0xB0, 0x13, 0x00, 0x28, 0x00, 0x00, 0x00, 0x00, 0x00, 0x00, 0x00,
	0x00, 0x00, 0x00, 0x00, 0x38, 0x00, 0x00, 0x00, 0x00, 0x00, 0x00, 0x00, 0x00, 0x00, 0x46, 0x33,
	0x16, 0x00, 0x00, 0x00, 0x00, 0x00, 0x00, 0x01, 0x00, 0x88, 0x41, 0x00, 0x26, 0x00, 0x00, 0x00,
	0x02, 0x00, 0x02, 0x00, 0x00, 0x56, 0x00, 0x00, 0x29, 0x00, 0xEC, 0xF0, 0x1C, 0x70, 0x01, 0x00,
	0x00, 0x80, 0x00, 0x00, 0x16, 0x20, 0x01, 0x00, 0x00, 0x00, 0x00, 0x01, 0x10, 0xC8, 0x41, 0x00,
	0x26, 0x00, 0x00, 0x00, 0x00, 0x00, 0x02, 0x00, 0x3C, 0x57, 0x00, 0x00, 0x29, 0x06, 0xEC, 0xF0,
	0x1C, 0x70, 0x01, 0x12, 0x7C, 0x80, 0x10, 0x00, 0x16, 0x00, 0x00, 0x00, 0x00, 0x00, 0x00, 0x01,
	0x00, 0x08, 0x42, 0x00, 0x26, 0x00, 0x00, 0x00, 0x02, 0x00, 0x02, 0x00, 0x14, 0x57, 0x00, 0x00,
	0x29, 0x0C, 0xEC, 0xF0, 0x1C, 0x70, 0x01, 0x00, 0x14, 0x80, 0x20, 0x00, 0x16, 0x20, 0x01, 0x00,
	0x00, 0x00, 0x00, 0x01, 0x10, 0x48, 0x42, 0x00, 0x26, 0x00, 0x00, 0x00, 0x00, 0x00, 0x02, 0x00,
	0x28, 0x58, 0x00, 0x00, 0x29, 0x12, 0xEC, 0xF0, 0x1C, 0x70, 0x01, 0x12, 0x68, 0x80, 0x30, 0x00,
	0x28, 0x00, 0x00, 0x00, 0x00, 0x00, 0x00, 0x00, 0x00, 0x00, 0x00, 0x00, 0x38, 0x00, 0x00, 0x00,
	0x00, 0x00, 0x00, 0x00, 0x00, 0x00, 0x44, 0x33, 0x16, 0x00, 0x00, 0x00, 0x00, 0x00, 0x40, 0x00,
	0x00, 0x88, 0x42, 0x00, 0x26, 0x00, 0x00, 0x00, 0x02, 0x00, 0x02, 0x00, 0x00, 0x58, 0x00, 0x00,
	0x29, 0xA7, 0xEC, 0xF4, 0x1C, 0x00, 0x00, 0x00, 0x00, 0x80, 0x00, 0x00, 0x16, 0x20, 0x01, 0x00,
	0x00, 0x00, 0x40, 0x00, 0x10, 0x98, 0x42, 0x00, 0x26, 0x00, 0x00, 0x00, 0x00, 0x00, 0x02, 0x00,
	0x3C, 0x59, 0x00, 0x00, 0x29, 0xAD, 0xEC, 0xF4, 0x1C, 0x00, 0x00, 0x12, 0x7C, 0x80, 0x10, 0x00,
	0x16, 0x00, 0x00, 0x00, 0x00, 0x00, 0x40, 0x00, 0x00, 0xA8, 0x42, 0x00, 0x26, 0x00, 0x00, 0x00,
	0x02, 0x00, 0x02, 0x00, 0x14, 0x59, 0x00, 0x00, 0x29, 0xB3, 0xEC, 0xF4, 0x1C, 0x00, 0x00, 0x00,
	0x14, 0x80, 0x20, 0x00, 0x16, 0x20, 0x01, 0x00, 0x00, 0x00, 0x40, 0x00, 0x10, 0xB8, 0x42, 0x00,
	0x26, 0x00, 0x00, 0x00, 0x00, 0x00, 0x02, 0x00, 0x28, 0x5A, 0x00, 0x00, 0x29, 0xB9, 0xEC, 0xF4,
	0x1C, 0x00, 0x00, 0x12, 0x68, 0x80, 0x30, 0x00, 0x28, 0x00, 0x00, 0x00, 0x00, 0x00, 0x00, 0x00,
	0x00, 0x00, 0x00, 0x00, 0x38, 0x00, 0x00, 0x00, 0x00, 0x00, 0x00, 0x00, 0x00, 0x00, 0x46, 0x33,
	0x16, 0x00, 0x00, 0x00, 0x00, 0x00, 0x40, 0x02, 0x00, 0xC8, 0x42, 0x00, 0x26, 0x00, 0x00, 0x00,
	0x02, 0x00, 0x02, 0x00, 0x00, 0x5A, 0x00, 0x00, 0x29, 0x00, 0x90, 0xF4, 0x20, 0x9C, 0x02, 0x00,
	0x00, 0x80, 0x00, 0x00, 0x16, 0x20, 0x01, 0x00, 0x00, 0x00, 0x40, 0x02, 0x10, 0x58, 0x43, 0x00,
	0x26, 0x00, 0x00, 0x00, 0x00, 0x00, 0x02, 0x00, 0x3C, 0x5B, 0x00, 0x00, 0x29, 0x05, 0x90, 0xF4,
	0x20, 0x9C, 0x02, 0x12, 0x7C, 0x80, 0x00, 0x00, 0x16, 0x00, 0x00, 0x00, 0x00, 0x00, 0x40, 0x02,
	0x00, 0xE8, 0x43, 0x00, 0x26, 0x00, 0x00, 0x00, 0x02, 0x00, 0x02, 0x00, 0x14, 0x5B, 0x00, 0x00,
	0x29, 0x0A, 0x90, 0xF4, 0x20, 0x9C, 0x02, 0x00, 0x14, 0x80, 0x00, 0x00, 0x16, 0x20, 0x01, 0x00,
	0x00, 0x00, 0x40, 0x02, 0x10, 0x78, 0x44, 0x00, 0x26, 0x00, 0x00, 0x00, 0x00, 0x00, 0x02, 0x00,
	0x28, 0x5C, 0x00, 0x00, 0x29, 0x0F, 0x90, 0xF4, 0x20, 0x9C, 0x02, 0x12, 0x68, 0x80, 0x00, 0x00,
	0x40, 0x26, 0x76, 0x00, 0x00, 0x00, 0x00, 0x00, 0x00, 0x00, 0x00, 0x00, 0xDC, 0x80, 0xF9, 0x40,
	0x01, 0x00, 0x00, 0x00, 0x00, 0x00, 0xC0, 0x0B, 0x2E, 0x80, 0x89, 0x00, 0x00, 0x00, 0x78, 0x40,
	0x01, 0x00, 0x00, 0x00, 0x00, 0x00, 0x00, 0x00, 0x00, 0x00, 0x00, 0x00, 0x00, 0x00, 0x00, 0x00,
	0x00, 0x00, 0x14, 0x00, 0x00, 0x00, 0x00, 0x00, 0x00, 0x00, 0x00, 0x00, 0x0E, 0x00, 0x81, 0x00,
	0x00, 0x00, 0x78, 0x80, 0x00, 0xBF, 0x13, 0x00, 0x28, 0x00, 0x00, 0x00, 0x00, 0x00, 0x00, 0x00,
	0x00, 0x00, 0x00, 0x00, 0x38, 0x00, 0x00, 0x00, 0x00, 0x00, 0x00, 0x00, 0x00, 0x00, 0x46, 0x33,
	0x16, 0x00, 0x00, 0x00, 0x00, 0x00, 0x00, 0x01, 0x00, 0x88, 0x41, 0x00, 0x26, 0x00, 0x00, 0x00,
	0x02, 0x00, 0x02, 0x00, 0x00, 0x56, 0x00, 0x00, 0x29, 0x00, 0xFC, 0x00, 0x1D, 0x20, 0x01, 0x00,
	0x00, 0x80, 0x00, 0x00, 0x16, 0x20, 0x01, 0x00, 0x00, 0x00, 0x00, 0x01, 0x10, 0xC8, 0x41, 0x00,
	0x26, 0x00, 0x00, 0x00, 0x00, 0x00, 0x02, 0x00, 0x3C, 0x57, 0x00, 0x00, 0x29, 0x07, 0xFC, 0x00,
	0x1D, 0x20, 0x01, 0x12, 0x7C, 0x80, 0x20, 0x00, 0x16, 0x00, 0x00, 0x00, 0x00, 0x00, 0x00, 0x01,
	0x00, 0x08, 0x42, 0x00, 0x26, 0x00, 0x00, 0x00, 0x02, 0x00, 0x02, 0x00, 0x14, 0x57, 0x00, 0x00,
	0x29, 0x0F, 0xFC, 0x00, 0x1D, 0x20, 0x01, 0x00, 0x14, 0x80, 0x00, 0x00, 0x16, 0x20, 0x01, 0x00,
	0x00, 0x00, 0x00, 0x01, 0x10, 0x48, 0x42, 0x00, 0x26, 0x00, 0x00, 0x00, 0x00, 0x00, 0x02, 0x00,
	0x28, 0x58, 0x00, 0x00, 0x29, 0x16, 0xFC, 0x00, 0x1D, 0x20, 0x01, 0x12, 0x68, 0x80, 0x20, 0x00,
	0x28, 0x00, 0x00, 0x00, 0x00, 0x00, 0x00, 0x00, 0x00, 0x00, 0x00, 0x00, 0x38, 0x00, 0x00, 0x00,
	0x00, 0x00, 0x00, 0x00, 0x00, 0x00, 0x44, 0x33, 0x16, 0x00, 0x00, 0x00, 0x00, 0x00, 0x40, 0x00,
	0x00, 0x88, 0x42, 0x00, 0x26, 0x00, 0x00, 0x00, 0x02, 0x00, 0x02, 0x00, 0x00, 0x58, 0x00, 0x00,
	0x29, 0xA2, 0xFC, 0x04, 0x1D, 0x00, 0x00, 0x00, 0x00, 0x80, 0x00, 0x00, 0x16, 0x20, 0x01, 0x00,
	0x00, 0x00, 0x40, 0x00, 0x10, 0x98, 0x42, 0x00, 0x26, 0x00, 0x00, 0x00, 0x00, 0x00, 0x02, 0x00,
	0x3C, 0x59, 0x00, 0x00, 0x29, 0xA9, 0xFC, 0x04, 0x1D, 0x00, 0x00, 0x12, 0x7C, 0x80, 0x20, 0x00,
	0x16, 0x00, 0x00, 0x00, 0x00, 0x00, 0x40, 0x00, 0x00, 0xA8, 0x42, 0x00, 0x26, 0x00, 0x00, 0x00,
	0x02, 0x00, 0x02, 0x00, 0x14, 0x59, 0x00, 0x00, 0x29, 0xB1, 0xFC, 0x04, 0x1D, 0x00, 0x00, 0x00,
	0x14, 0x80, 0x00, 0x00, 0x16, 0x20, 0x01, 0x00, 0x00, 0x00, 0x40, 0x00, 0x10, 0xB8, 0x42, 0x00,
	0x26, 0x00, 0x00, 0x00, 0x00, 0x00, 0x02, 0x00, 0x28, 0x5A, 0x00, 0x00, 0x29, 0xB8, 0xFC, 0x04,
	0x1D, 0x00, 0x00, 0x12, 0x68, 0x80, 0x20, 0x00, 0x28, 0x00, 0x00, 0x00, 0x00, 0x00, 0x00, 0x00,
	0x00, 0x00, 0x00, 0x00, 0x38, 0x00, 0x00, 0x00, 0x00, 0x00, 0x00, 0x00, 0x00, 0x00, 0x46, 0x33,
	0x16, 0x00, 0x00, 0x00, 0x00, 0x00, 0x40, 0x02, 0x00, 0xC8, 0x42, 0x00, 0x26, 0x00, 0x00, 0x00,
	0x02, 0x00, 0x02, 0x00, 0x00, 0x5A, 0x00, 0x00, 0x29, 0x00, 0x90, 0x04, 0x25, 0x88, 0x02, 0x00,
	0x00, 0x80, 0x00, 0x00, 0x16, 0x20, 0x01, 0x00, 0x00, 0x00, 0x40, 0x02, 0x10, 0x58, 0x43, 0x00,
	0x26, 0x00, 0x00, 0x00, 0x00, 0x00, 0x02, 0x00, 0x3C, 0x5B, 0x00, 0x00, 0x29, 0x05, 0x90, 0x04,
	0x25, 0x88, 0x02, 0x12, 0x7C, 0x80, 0x00, 0x00, 0x16, 0x00, 0x00, 0x00, 0x00, 0x00, 0x40, 0x02,
	0x00, 0xE8, 0x43, 0x00, 0x26, 0x00, 0x00, 0x00, 0x02, 0x00, 0x02, 0x00, 0x14, 0x5B, 0x00, 0x00,
	0x29, 0x0A, 0x90, 0x04, 0x25, 0x88, 0x02, 0x00, 0x14, 0x80, 0x00, 0x00, 0x16, 0x20, 0x01, 0x00,
	0x00, 0x00, 0x40, 0x02, 0x10, 0x78, 0x44, 0x00, 0x26, 0x00, 0x00, 0x00, 0x00, 0x00, 0x02, 0x00,
	0x28, 0x5C, 0x00, 0x00, 0x29, 0x0F, 0x90, 0x04, 0x25, 0x88, 0x02, 0x12, 0x68, 0x80, 0x00, 0x00,
	0x40, 0x26, 0x76, 0x00, 0x00, 0x00, 0x00, 0x00, 0x00, 0x00, 0x00, 0x00, 0xDC, 0x80, 0xF9, 0x40,
	0x01, 0x00, 0x00, 0x00, 0x00, 0x00, 0xC0, 0x0B, 0x2E, 0x80, 0x89, 0x00, 0x00, 0x00, 0x78, 0x40,
	0x01, 0x14, 0x00, 0x00, 0x00, 0x00, 0x00, 0x00, 0x00, 0x00, 0x00, 0x00, 0x00, 0x00, 0x00, 0x00,
	0x00, 0x00, 0x14, 0x00, 0x00, 0x00, 0x00, 0x00, 0x00, 0x00, 0x00, 0x00, 0x0E, 0x00, 0x81, 0x00,
	0x00, 0x00, 0x78, 0x80, 0x00, 0xD3, 0x13, 0x00, 0x28, 0x00, 0x00, 0x00, 0x00, 0x00, 0x00, 0x00,
	0x00, 0x00, 0x00, 0x00, 0x38, 0x00, 0x00, 0x00, 0x00, 0x00, 0x00, 0x00, 0x00, 0x00, 0x46, 0x33,
	0x16, 0x00, 0x00, 0x00, 0x00, 0x00, 0x00, 0x01, 0x00, 0x88, 0x41, 0x00, 0x26, 0x00, 0x00, 0x00,
	0x02, 0x00, 0x02, 0x00, 0x00, 0x56, 0x00, 0x00, 0x29, 0x00, 0xFC, 0x00, 0x1D, 0x20, 0x01, 0x00,
	0x00, 0x80, 0x00, 0x00, 0x16, 0x20, 0x01, 0x00, 0x00, 0x00, 0x00, 0x01, 0x10, 0xC8, 0x41, 0x00,
	0x26, 0x00, 0x00, 0x00, 0x00, 0x00, 0x02, 0x00, 0x3C, 0x57, 0x00, 0x00, 0x29, 0x07, 0xFC, 0x00,
	0x1D, 0x20, 0x01, 0x12, 0x7C, 0x80, 0x20, 0x00, 0x16, 0x00, 0x00, 0x00, 0x00, 0x00, 0x00, 0x01,
	0x00, 0x08, 0x42, 0x00, 0x26, 0x00, 0x00, 0x00, 0x02, 0x00, 0x02, 0x00, 0x14, 0x57, 0x00, 0x00,
	0x29, 0x0F, 0xFC, 0x00, 0x1D, 0x20, 0x01, 0x00, 0x14, 0x80, 0x00, 0x00, 0x16, 0x20, 0x01, 0x00,
	0x00, 0x00, 0x00, 0x01, 0x10, 0x48, 0x42, 0x00, 0x26, 0x00, 0x00, 0x00, 0x00, 0x00, 0x02, 0x00,
	0x28, 0x58, 0x00, 0x00, 0x29, 0x16, 0xFC, 0x00, 0x1D, 0x20, 0x01, 0x12, 0x68, 0x80, 0x20, 0x00,
	0x28, 0x00, 0x00, 0x00, 0x00, 0x00, 0x00, 0x00, 0x00, 0x00, 0x00, 0x00, 0x38, 0x00, 0x00, 0x00,
	0x00, 0x00, 0x00, 0x00, 0x00, 0x00, 0x44, 0x33, 0x16, 0x00, 0x00, 0x00, 0x00, 0x00, 0x40, 0x00,
	0x00, 0x88, 0x42, 0x00, 0x26, 0x00, 0x00, 0x00, 0x02, 0x00, 0x02, 0x00, 0x00, 0x58, 0x00, 0x00,
	0x29, 0xA2, 0xFC, 0x04, 0x1D, 0x00, 0x00, 0x00, 0x00, 0x80, 0x00, 0x00, 0x16, 0x20, 0x01, 0x00,
	0x00, 0x00, 0x40, 0x00, 0x10, 0x98, 0x42, 0x00, 0x26, 0x00, 0x00, 0x00, 0x00, 0x00, 0x02, 0x00,
	0x3C, 0x59, 0x00, 0x00, 0x29, 0xA9, 0xFC, 0x04, 0x1D, 0x00, 0x00, 0x12, 0x7C, 0x80, 0x20, 0x00,
	0x16, 0x00, 0x00, 0x00, 0x00, 0x00, 0x40, 0x00, 0x00, 0xA8, 0x42, 0x00, 0x26, 0x00, 0x00, 0x00,
	0x02, 0x00, 0x02, 0x00, 0x14, 0x59, 0x00, 0x00, 0x29, 0xB1, 0xFC, 0x04, 0x1D, 0x00, 0x00, 0x00,
	0x14, 0x80, 0x00, 0x00, 0x16, 0x20, 0x01, 0x00, 0x00, 0x00, 0x40, 0x00, 0x10, 0xB8, 0x42, 0x00,
	0x26, 0x00, 0x00, 0x00, 0x00, 0x00, 0x02, 0x00, 0x28, 0x5A, 0x00, 0x00, 0x29, 0xB8, 0xFC, 0x04,
	0x1D, 0x00, 0x00, 0x12, 0x68, 0x80, 0x20, 0x00, 0x28, 0x00, 0x00, 0x00, 0x00, 0x00, 0x00, 0x00,
	0x00, 0x00, 0x00, 0x00, 0x38, 0x00, 0x00, 0x00, 0x00, 0x00, 0x00, 0x00, 0x00, 0x00, 0x46, 0x33,
	0x16, 0x00, 0x00, 0x00, 0x00, 0x00, 0x40, 0x02, 0x00, 0xC8, 0x42, 0x00, 0x26, 0x00, 0x00, 0x00,
	0x02, 0x00, 0x02, 0x00, 0x00, 0x5A, 0x00, 0x00, 0x29, 0x00, 0x90, 0x04, 0x25, 0x88, 0x02, 0x00,
	0x00, 0x80, 0x00, 0x00, 0x16, 0x20, 0x01, 0x00, 0x00, 0x00, 0x40, 0x02, 0x10, 0x58, 0x43, 0x00,
	0x26, 0x00, 0x00, 0x00, 0x00, 0x00, 0x02, 0x00, 0x3C, 0x5B, 0x00, 0x00, 0x29, 0x05, 0x90, 0x04,
	0x25, 0x88, 0x02, 0x12, 0x7C, 0x80, 0x00, 0x00, 0x16, 0x00, 0x00, 0x00, 0x00, 0x00, 0x40, 0x02,
	0x00, 0xE8, 0x43, 0x00, 0x26, 0x00, 0x00, 0x00, 0x02, 0x00, 0x02, 0x00, 0x14, 0x5B, 0x00, 0x00,
	0x29, 0x0A, 0x90, 0x04, 0x25, 0x88, 0x02, 0x00, 0x14, 0x80, 0x00, 0x00, 0x16, 0x20, 0x01, 0x00,
	0x00, 0x00, 0x40, 0x02, 0x10, 0x78, 0x44, 0x00, 0x26, 0x00, 0x00, 0x00, 0x00, 0x00, 0x02, 0x00,
	0x28, 0x5C, 0x00, 0x00, 0x29, 0x0F, 0x90, 0x04, 0x25, 0x88, 0x02, 0x12, 0x68, 0x80, 0x00, 0x00,
	0x40, 0x26, 0x76, 0x00, 0x00, 0x00, 0x00, 0x00, 0x00, 0x00, 0x00, 0x00, 0xDC, 0x80, 0xF9, 0x40,
	0x01, 0x00, 0x00, 0x00, 0x00, 0x00, 0xC0, 0x0B, 0x2E, 0x80, 0x89, 0x00, 0x00, 0x00, 0x78, 0x40,
	0x01, 0x28, 0x00, 0x00, 0x00, 0x00, 0x00, 0x00, 0x00, 0x00, 0x00, 0x00, 0x00, 0x00, 0x00, 0x00,
	0x00, 0x00, 0x14, 0x00, 0x00, 0x00, 0x00, 0x00, 0x00, 0x00, 0x00, 0x00, 0x0E, 0x00, 0x81, 0x00,
	0x00, 0x00, 0x78, 0x80, 0x00, 0xE7, 0x13, 0x00, 0x28, 0x00, 0x00, 0x00, 0x00, 0x00, 0x00, 0x00,
	0x00, 0x00, 0x00, 0x00, 0x38, 0x00, 0x00, 0x00, 0x00, 0x00, 0x00, 0x00, 0x00, 0x00, 0x46, 0x33,
	0x16, 0x00, 0x00, 0x00, 0x00, 0x00, 0x00, 0x01, 0x00, 0x88, 0x41, 0x00, 0x26, 0x00, 0x00, 0x00,
	0x02, 0x00, 0x02, 0x00, 0x00, 0x56, 0x00, 0x00, 0x29, 0x00, 0xFC, 0x00, 0x1D, 0x20, 0x01, 0x00,
	0x00, 0x80, 0x00, 0x00, 0x16, 0x20, 0x01, 0x00, 0x00, 0x00, 0x00, 0x01, 0x10, 0xC8, 0x41, 0x00,
	0x26, 0x00, 0x00, 0x00, 0x00, 0x00, 0x02, 0x00, 0x3C, 0x57, 0x00, 0x00, 0x29, 0x07, 0xFC, 0x00,
	0x1D, 0x20, 0x01, 0x12, 0x7C, 0x80, 0x20, 0x00, 0x16, 0x00, 0x00, 0x00, 0x00, 0x00, 0x00, 0x01,
	0x00, 0x08, 0x42, 0x00, 0x26, 0x00, 0x00, 0x00, 0x02, 0x00, 0x02, 0x00, 0x14, 0x57, 0x00, 0x00,
	0x29, 0x0F, 0xFC, 0x00, 0x1D, 0x20, 0x01, 0x00, 0x14, 0x80, 0x00, 0x00, 0x16, 0x20, 0x01, 0x00,
	0x00, 0x00, 0x00, 0x01, 0x10, 0x48, 0x42, 0x00, 0x26, 0x00, 0x00, 0x00, 0x00, 0x00, 0x02, 0x00,
	0x28, 0x58, 0x00, 0x00, 0x29, 0x16, 0xFC, 0x00, 0x1D, 0x20, 0x01, 0x12, 0x68, 0x80, 0x20, 0x00,
	0x28, 0x00, 0x00, 0x00, 0x00, 0x00, 0x00, 0x00, 0x00, 0x00, 0x00, 0x00, 0x38, 0x00, 0x00, 0x00,
	0x00, 0x00, 0x00, 0x00, 0x00, 0x00, 0x44, 0x33, 0x16, 0x00, 0x00, 0x00, 0x00, 0x00, 0x40, 0x00,
	0x00, 0x88, 0x42, 0x00, 0x26, 0x00, 0x00, 0x00, 0x02, 0x00, 0x02, 0x00, 0x00, 0x58, 0x00, 0x00,
	0x29, 0xA2, 0xFC, 0x04, 0x1D, 0x00, 0x00, 0x00, 0x00, 0x80, 0x00, 0x00, 0x16, 0x20, 0x01, 0x00,
	0x00, 0x00, 0x40, 0x00, 0x10, 0x98, 0x42, 0x00, 0x26, 0x00, 0x00, 0x00, 0x00, 0x00, 0x02, 0x00,
	0x3C, 0x59, 0x00, 0x00, 0x29, 0xA9, 0xFC, 0x04, 0x1D, 0x00, 0x00, 0x12, 0x7C, 0x80, 0x20, 0x00,
	0x16, 0x00, 0x00, 0x00, 0x00, 0x00, 0x40, 0x00, 0x00, 0xA8, 0x42, 0x00, 0x26, 0x00, 0x00, 0x00,
	0x02, 0x00, 0x02, 0x00, 0x14, 0x59, 0x00, 0x00, 0x29, 0xB1, 0xFC, 0x04, 0x1D, 0x00, 0x00, 0x00,
	0x14, 0x80, 0x00, 0x00, 0x16, 0x20, 0x01, 0x00, 0x00, 0x00, 0x40, 0x00, 0x10, 0xB8, 0x42, 0x00,
	0x26, 0x00, 0x00, 0x00, 0x00, 0x00, 0x02, 0x00, 0x28, 0x5A, 0x00, 0x00, 0x29, 0xB8, 0xFC, 0x04,
	0x1D, 0x00, 0x00, 0x12, 0x68, 0x80, 0x20, 0x00, 0x28, 0x00, 0x00, 0x00, 0x00, 0x00, 0x00, 0x00,
	0x00, 0x00, 0x00, 0x00, 0x38, 0x00, 0x00, 0x00, 0x00, 0x00, 0x00, 0x00, 0x00, 0x00, 0x46, 0x33,
	0x16, 0x00, 0x00, 0x00, 0x00, 0x00, 0x40, 0x02, 0x00, 0xC8, 0x42, 0x00, 0x26, 0x00, 0x00, 0x00,
	0x02, 0x00, 0x02, 0x00, 0x00, 0x5A, 0x00, 0x00, 0x29, 0x00, 0x90, 0x04, 0x25, 0x88, 0x02, 0x00,
	0x00, 0x80, 0x00, 0x00, 0x16, 0x20, 0x01, 0x00, 0x00, 0x00, 0x40, 0x02, 0x10, 0x58, 0x43, 0x00,
	0x26, 0x00, 0x00, 0x00, 0x00, 0x00, 0x02, 0x00, 0x3C, 0x5B, 0x00, 0x00, 0x29, 0x05, 0x90, 0x04,
	0x25, 0x88, 0x02, 0x12, 0x7C, 0x80, 0x00, 0x00, 0x16, 0x00, 0x00, 0x00, 0x00, 0x00, 0x40, 0x02,
	0x00, 0xE8, 0x43, 0x00, 0x26, 0x00, 0x00, 0x00, 0x02, 0x00, 0x02, 0x00, 0x14, 0x5B, 0x00, 0x00,
	0x29, 0x0A, 0x90, 0x04, 0x25, 0x88, 0x02, 0x00, 0x14, 0x80, 0x00, 0x00, 0x16, 0x20, 0x01, 0x00,
	0x00, 0x00, 0x40, 0x02, 0x10, 0x78, 0x44, 0x00, 0x26, 0x00, 0x00, 0x00, 0x00, 0x00, 0x02, 0x00,
	0x28, 0x5C, 0x00, 0x00, 0x29, 0x0F, 0x90, 0x04, 0x25, 0x88, 0x02, 0x12, 0x68, 0x80, 0x00, 0x00,
	0x40, 0x26, 0x76, 0x00, 0x00, 0x00, 0x00, 0x00, 0x00, 0x00, 0x00, 0x00, 0xDC, 0x80, 0xF9, 0x40,
	0x01, 0x00, 0x00, 0x00, 0x00, 0x00, 0xC0, 0x0B, 0x2E, 0x80, 0x89, 0x00, 0x00, 0x00, 0x78, 0x40,
	0x01, 0x3C, 0x00, 0x00, 0x00, 0x00, 0x00, 0x00, 0x00, 0x00, 0x00, 0x00, 0x00, 0x00, 0x00, 0x00,
	0x00, 0x00, 0x14, 0x00, 0x00, 0x00, 0x00, 0x00, 0x00, 0x00, 0x00, 0x00, 0x0E, 0x00, 0x81, 0x00,
	0x00, 0x00, 0x78, 0x80, 0x00, 0xFB, 0x13, 0x00, 0x28, 0x00, 0x00, 0x00, 0x00, 0x00, 0x00, 0x00,
	0x00, 0x00, 0x00, 0x00, 0x38, 0x00, 0x00, 0x00, 0x00, 0x00, 0x00, 0x00, 0x00, 0x00, 0x46, 0x33,
	0x16, 0x00, 0x00, 0x00, 0x00, 0x00, 0x00, 0x01, 0x00, 0x88, 0x41, 0x00, 0x26, 0x00, 0x00, 0x00,
	0x02, 0x00, 0x02, 0x00, 0x00, 0x56, 0x00, 0x00, 0x29, 0x00, 0xFC, 0x00, 0x1D, 0x20, 0x01, 0x00,
	0x00, 0x80, 0x00, 0x00, 0x16, 0x20, 0x01, 0x00, 0x00, 0x00, 0x00, 0x01, 0x10, 0xC8, 0x41, 0x00,
	0x26, 0x00, 0x00, 0x00, 0x00, 0x00, 0x02, 0x00, 0x3C, 0x57, 0x00, 0x00, 0x29, 0x07, 0xFC, 0x00,
	0x1D, 0x20, 0x01, 0x12, 0x7C, 0x80, 0x20, 0x00, 0x16, 0x00, 0x00, 0x00, 0x00, 0x00, 0x00, 0x01,
	0x00, 0x08, 0x42, 0x00, 0x26, 0x00, 0x00, 0x00, 0x02, 0x00, 0x02, 0x00, 0x14, 0x57, 0x00, 0x00,
	0x29, 0x0F, 0xFC, 0x00, 0x1D, 0x20, 0x01, 0x00, 0x14, 0x80, 0x00, 0x00, 0x16, 0x20, 0x01, 0x00,
	0x00, 0x00, 0x00, 0x01, 0x10, 0x48, 0x42, 0x00, 0x26, 0x00, 0x00, 0x00, 0x00, 0x00, 0x02, 0x00,
	0x28, 0x58, 0x00, 0x00, 0x29, 0x16, 0xFC, 0x00, 0x1D, 0x20, 0x01, 0x12, 0x68, 0x80, 0x20, 0x00,
	0x28, 0x00, 0x00, 0x00, 0x00, 0x00, 0x00, 0x00, 0x00, 0x00, 0x00, 0x00, 0x38, 0x00, 0x00, 0x00,
	0x00, 0x00, 0x00, 0x00, 0x00, 0x00, 0x44, 0x33, 0x16, 0x00, 0x00, 0x00, 0x00, 0x00, 0x40, 0x00,
	0x00, 0x88, 0x42, 0x00, 0x26, 0x00, 0x00, 0x00, 0x02, 0x00, 0x02, 0x00, 0x00, 0x58, 0x00, 0x00,
	0x29, 0xA2, 0xFC, 0x04, 0x1D, 0x00, 0x00, 0x00, 0x00, 0x80, 0x00, 0x00, 0x16, 0x20, 0x01, 0x00,
	0x00, 0x00, 0x40, 0x00, 0x10, 0x98, 0x42, 0x00, 0x26, 0x00, 0x00, 0x00, 0x00, 0x00, 0x02, 0x00,
	0x3C, 0x59, 0x00, 0x00, 0x29, 0xA9, 0xFC, 0x04, 0x1D, 0x00, 0x00, 0x12, 0x7C, 0x80, 0x20, 0x00,
	0x16, 0x00, 0x00, 0x00, 0x00, 0x00, 0x40, 0x00, 0x00, 0xA8, 0x42, 0x00, 0x26, 0x00, 0x00, 0x00,
	0x02, 0x00, 0x02, 0x00, 0x14, 0x59, 0x00, 0x00, 0x29, 0xB1, 0xFC, 0x04, 0x1D, 0x00, 0x00, 0x00,
	0x14, 0x80, 0x00, 0x00, 0x16, 0x20, 0x01, 0x00, 0x00, 0x00, 0x40, 0x00, 0x10, 0xB8, 0x42, 0x00,
	0x26, 0x00, 0x00, 0x00, 0x00, 0x00, 0x02, 0x00, 0x28, 0x5A, 0x00, 0x00, 0x29, 0xB8, 0xFC, 0x04,
	0x1D, 0x00, 0x00, 0x12, 0x68, 0x80, 0x20, 0x00, 0x28, 0x00, 0x00, 0x00, 0x00, 0x00, 0x00, 0x00,
	0x00, 0x00, 0x00, 0x00, 0x38, 0x00, 0x00, 0x00, 0x00, 0x00, 0x00, 0x00, 0x00, 0x00, 0x46, 0x33,
	0x16, 0x00, 0x00, 0x00, 0x00, 0x00, 0x40, 0x02, 0x00, 0xC8, 0x42, 0x00, 0x26, 0x00, 0x00, 0x00,
	0x02, 0x00, 0x02, 0x00, 0x00, 0x5A, 0x00, 0x00, 0x29, 0x00, 0x90, 0x04, 0x25, 0x88, 0x02, 0x00,
	0x00, 0x80, 0x00, 0x00, 0x16, 0x20, 0x01, 0x00, 0x00, 0x00, 0x40, 0x02, 0x10, 0x58, 0x43, 0x00,
	0x26, 0x00, 0x00, 0x00, 0x00, 0x00, 0x02, 0x00, 0x3C, 0x5B, 0x00, 0x00, 0x29, 0x05, 0x90, 0x04,
	0x25, 0x88, 0x02, 0x12, 0x7C, 0x80, 0x00, 0x00, 0x16, 0x00, 0x00, 0x00, 0x00, 0x00, 0x40, 0x02,
	0x00, 0xE8, 0x43, 0x00, 0x26, 0x00, 0x00, 0x00, 0x02, 0x00, 0x02, 0x00, 0x14, 0x5B, 0x00, 0x00,
	0x29, 0x0A, 0x90, 0x04, 0x25, 0x88, 0x02, 0x00, 0x14, 0x80, 0x00, 0x00, 0x16, 0x20, 0x01, 0x00,
	0x00, 0x00, 0x40, 0x02, 0x10, 0x78, 0x44, 0x00, 0x26, 0x00, 0x00, 0x00, 0x00, 0x00, 0x02, 0x00,
	0x28, 0x5C, 0x00, 0x00, 0x29, 0x0F, 0x90, 0x04, 0x25, 0x88, 0x02, 0x12, 0x68, 0x80, 0x00, 0x00,
	0x40, 0x26, 0x76, 0x00, 0x00, 0x00, 0x00, 0x00, 0x00, 0x00, 0x00, 0x00, 0xDC, 0x80, 0xF9, 0x40,
	0x01, 0x00, 0x00, 0x00, 0x00, 0x00, 0xC0, 0x0B, 0x2E, 0x80, 0x89, 0x00, 0x00, 0x00, 0x78, 0x40,
	0x01, 0x50, 0x00, 0x00, 0x00, 0x00, 0x00, 0x00, 0x00, 0x00, 0x00, 0x00, 0x00, 0x00, 0x00, 0x00,
	0x00, 0x00, 0x14, 0x00, 0x00, 0x00, 0x00, 0x00, 0x00, 0x00, 0x00, 0x00, 0x0E, 0x80, 0x87, 0x00,
	0x00, 0x00, 0x78, 0x80, 0x00, 0x0F, 0x14, 0x00, 0x28, 0x00, 0x00, 0x00, 0x00, 0x00, 0x00, 0x00,
	0x00, 0x00, 0x00, 0x00, 0x38, 0x00, 0x00, 0x00, 0x00, 0x00, 0x00, 0x00, 0x00, 0x00, 0x46, 0x33,
	0x16, 0x00, 0x00, 0x00, 0x00, 0x00, 0x00, 0x01, 0x00, 0x88, 0x41, 0x00, 0x26, 0x00, 0x00, 0x00,
	0x02, 0x00, 0x02, 0x00, 0x00, 0x56, 0x00, 0x00, 0x29, 0x00, 0xEC, 0xF0, 0x1C, 0x70, 0x01, 0x00,
	0x00, 0x80, 0x00, 0x00, 0x16, 0x20, 0x01, 0x00, 0x00, 0x00, 0x00, 0x01, 0x10, 0xC8, 0x41, 0x00,
	0x26, 0x00, 0x00, 0x00, 0x00, 0x00, 0x02, 0x00, 0x3C, 0x57, 0x00, 0x00, 0x29, 0x06, 0xEC, 0xF0,
	0x1C, 0x70, 0x01, 0x12, 0x7C, 0x80, 0x10, 0x00, 0x16, 0x00, 0x00, 0x00, 0x00, 0x00, 0x00, 0x01,
	0x00, 0x08, 0x42, 0x00, 0x26, 0x00, 0x00, 0x00, 0x02, 0x00, 0x02, 0x00, 0x14, 0x57, 0x00, 0x00,
	0x29, 0x0C, 0xEC, 0xF0, 0x1C, 0x70, 0x01, 0x00, 0x14, 0x80, 0x20, 0x00, 0x16, 0x20, 0x01, 0x00,
	0x00, 0x00, 0x00, 0x01, 0x10, 0x48, 0x42, 0x00, 0x26, 0x00, 0x00, 0x00, 0x00, 0x00, 0x02, 0x00,
	0x28, 0x58, 0x00, 0x00, 0x29, 0x12, 0xEC, 0xF0, 0x1C, 0x70, 0x01, 0x12, 0x68, 0x80, 0x30, 0x00,
	0x28, 0x00, 0x00, 0x00, 0x00, 0x00, 0x00, 0x00, 0x00, 0x00, 0x00, 0x00, 0x38, 0x00, 0x00, 0x00,
	0x00, 0x00, 0x00, 0x00, 0x00, 0x00, 0x44, 0x33, 0x16, 0x00, 0x00, 0x00, 0x00, 0x00, 0x40, 0x00,
	0x00, 0x88, 0x42, 0x00, 0x26, 0x00, 0x00, 0x00, 0x02, 0x00, 0x02, 0x00, 0x00, 0x58, 0x00, 0x00,
	0x29, 0xA7, 0xEC, 0xF4, 0x1C, 0x00, 0x00, 0x00, 0x00, 0x80, 0x00, 0x00, 0x16, 0x20, 0x01, 0x00,
	0x00, 0x00, 0x40, 0x00, 0x10, 0x98, 0x42, 0x00, 0x26, 0x00, 0x00, 0x00, 0x00, 0x00, 0x02, 0x00,
	0x3C, 0x59, 0x00, 0x00, 0x29, 0xAD, 0xEC, 0xF4, 0x1C, 0x00, 0x00, 0x12, 0x7C, 0x80, 0x10, 0x00,
	0x16, 0x00, 0x00, 0x00, 0x00, 0x00, 0x40, 0x00, 0x00, 0xA8, 0x42, 0x00, 0x26, 0x00, 0x00, 0x00,
	0x02, 0x00, 0x02, 0x00, 0x14, 0x59, 0x00, 0x00, 0x29, 0xB3, 0xEC, 0xF4, 0x1C, 0x00, 0x00, 0x00,
	0x14, 0x80, 0x20, 0x00, 0x16, 0x20, 0x01, 0x00, 0x00, 0x00, 0x40, 0x00, 0x10, 0xB8, 0x42, 0x00,
	0x26, 0x00, 0x00, 0x00, 0x00, 0x00, 0x02, 0x00, 0x28, 0x5A, 0x00, 0x00, 0x29, 0xB9, 0xEC, 0xF4,
	0x1C, 0x00, 0x00, 0x12, 0x68, 0x80, 0x30, 0x00, 0x28, 0x00, 0x00, 0x00, 0x00, 0x00, 0x00, 0x00,
	0x00, 0x00, 0x00, 0x00, 0x38, 0x00, 0x00, 0x00, 0x00, 0x00, 0x00, 0x00, 0x00, 0x00, 0x46, 0x33,
	0x16, 0x00, 0x00, 0x00, 0x00, 0x00, 0x40, 0x02, 0x00, 0xC8, 0x42, 0x00, 0x26, 0x00, 0x00, 0x00,
	0x02, 0x00, 0x02, 0x00, 0x00, 0x5A, 0x00, 0x00, 0x29, 0x00, 0x90, 0xF4, 0x28, 0x9C, 0x02, 0x00,
	0x00, 0x80, 0x00, 0x00, 0x16, 0x20, 0x01, 0x00, 0x00, 0x00, 0x40, 0x02, 0x10, 0x58, 0x43, 0x00,
	0x26, 0x00, 0x00, 0x00, 0x00, 0x00, 0x02, 0x00, 0x3C, 0x5B, 0x00, 0x00, 0x29, 0x05, 0x90, 0xF4,
	0x28, 0x9C, 0x02, 0x12, 0x7C, 0x80, 0x00, 0x00, 0x16, 0x00, 0x00, 0x00, 0x00, 0x00, 0x40, 0x02,
	0x00, 0xE8, 0x43, 0x00, 0x26, 0x00, 0x00, 0x00, 0x02, 0x00, 0x02, 0x00, 0x14, 0x5B, 0x00, 0x00,
	0x29, 0x0A, 0x90, 0xF4, 0x28, 0x9C, 0x02, 0x00, 0x14, 0x80, 0x00, 0x00, 0x16, 0x20, 0x01, 0x00,
	0x00, 0x00, 0x40, 0x02, 0x10, 0x78, 0x44, 0x00, 0x26, 0x00, 0x00, 0x00, 0x00, 0x00, 0x02, 0x00,
	0x28, 0x5C, 0x00, 0x00, 0x29, 0x0F, 0x90, 0xF4, 0x28, 0x9C, 0x02, 0x12, 0x68, 0x80, 0x00, 0x00,
	0x40, 0x26, 0x76, 0x00, 0x00, 0x00, 0x00, 0x00, 0x00, 0x00, 0x00, 0x00, 0xDC, 0x80, 0xF9, 0x40,
	0x01, 0x00, 0x00, 0x00, 0x00, 0x00, 0xC0, 0x0B, 0x2E, 0x80, 0x89, 0x00, 0x00, 0x00, 0x78, 0x40,
	0x01, 0x64, 0x00, 0x00, 0x00, 0x00, 0x00, 0x00, 0x00, 0x00, 0x00, 0x00, 0x00, 0x00, 0x00, 0x00,
	0x00, 0x00, 0x14, 0x00, 0x00, 0x00, 0x00, 0x00, 0x00, 0x00, 0x00, 0x00, 0x00, 0x00, 0x00, 0x00,
	0x00, 0x00, 0x00, 0x00, 0x00, 0x00, 0x00, 0x00, 0x00, 0x00, 0x14, 0x00, 0x00, 0x00, 0x00, 0x00,
	0x00, 0x00, 0x00, 0x00, 0x0E, 0x00, 0x81, 0x00, 0x00, 0x00, 0x78, 0x80, 0x00, 0xB0, 0x13, 0x00,
	0x28, 0x00, 0x00, 0x00, 0x00, 0x00, 0x00, 0x00, 0x00, 0x00, 0x00, 0x00, 0x38, 0x00, 0x00, 0x00,
	0x00, 0x00, 0x00, 0x00, 0x00, 0x00, 0x84, 0x33, 0x16, 0x00, 0x00, 0x00, 0x00, 0x00, 0x00, 0x01,
	0x00, 0x08, 0x45, 0x00, 0x26, 0x00, 0x00, 0x00, 0x02, 0x00, 0x02, 0x00, 0x00, 0x5C, 0x00, 0x00,
	0x29, 0x00, 0xFC, 0x00, 0x1D, 0x20, 0x01, 0x00, 0x00, 0x80, 0x00, 0x00, 0x16, 0x20, 0x01, 0x00,
	0x00, 0x00, 0x00, 0x01, 0x10, 0x48, 0x45, 0x00, 0x26, 0x00, 0x00, 0x00, 0x00, 0x00, 0x02, 0x00,
	0x3C, 0x5D, 0x00, 0x00, 0x29, 0x07, 0xFC, 0x00, 0x1D, 0x20, 0x01, 0x12, 0x7C, 0x80, 0x20, 0x00,
	0x16, 0x00, 0x00, 0x00, 0x00, 0x00, 0x00, 0x01, 0x00, 0x88, 0x45, 0x00, 0x26, 0x00, 0x00, 0x00,
	0x02, 0x00, 0x02, 0x00, 0x14, 0x5D, 0x00, 0x00, 0x29, 0x0F, 0xFC, 0x00, 0x1D, 0x20, 0x01, 0x00,
	0x14, 0x80, 0x00, 0x00, 0x16, 0x20, 0x01, 0x00, 0x00, 0x00, 0x00, 0x01, 0x10, 0xC8, 0x45, 0x00,
	0x26, 0x00, 0x00, 0x00, 0x00, 0x00, 0x02, 0x00, 0x28, 0x5E, 0x00, 0x00, 0x29, 0x16, 0xFC, 0x00,
	0x1D, 0x20, 0x01, 0x12, 0x68, 0x80, 0x20, 0x00, 0x40, 0x3E, 0x40, 0x00, 0x00, 0x00, 0x00, 0x00,
	0x00, 0x00, 0x00, 0x00, 0xDC, 0x40, 0x08, 0x41, 0x01, 0x00, 0x00, 0x00, 0x00, 0x00, 0x80, 0x0B,
	0x2E, 0x40, 0x8C, 0x00, 0x00, 0x00, 0x78, 0x40, 0x01, 0xE0, 0x01, 0x00, 0x00, 0x00, 0x00, 0x00,
	0x00, 0x00, 0x00, 0x00, 0x00, 0x00, 0x00, 0x00, 0x00, 0x00, 0x14, 0x00, 0x00, 0x00, 0x00, 0x00,
	0x00, 0x00, 0x00, 0x00, 0x0E, 0x00, 0x81, 0x00, 0x00, 0x00, 0x78, 0x80, 0x00, 0xCE, 0x13, 0x00,
	0x28, 0x00, 0x00, 0x00, 0x00, 0x00, 0x00, 0x00, 0x00, 0x00, 0x00, 0x00, 0x38, 0x00, 0x00, 0x00,
	0x00, 0x00, 0x00, 0x00, 0x00, 0x00, 0x84, 0x33, 0x16, 0x00, 0x00, 0x00, 0x00, 0x00, 0x00, 0x01,
	0x00, 0x08, 0x45, 0x00, 0x26, 0x00, 0x00, 0x00, 0x02, 0x00, 0x02, 0x00, 0x00, 0x5C, 0x00, 0x00,
	0x29, 0x00, 0xFC, 0x00, 0x1D, 0x20, 0x01, 0x00, 0x00, 0x80, 0x00, 0x00, 0x16, 0x20, 0x01, 0x00,
	0x00, 0x00, 0x00, 0x01, 0x10, 0x48, 0x45, 0x00, 0x26, 0x00, 0x00, 0x00, 0x00, 0x00, 0x02, 0x00,
	0x3C, 0x5D, 0x00, 0x00, 0x29, 0x07, 0xFC, 0x00, 0x1D, 0x20, 0x01, 0x12, 0x7C, 0x80, 0x20, 0x00,
	0x16, 0x00, 0x00, 0x00, 0x00, 0x00, 0x00, 0x01, 0x00, 0x88, 0x45, 0x00, 0x26, 0x00, 0x00, 0x00,
	0x02, 0x00, 0x02, 0x00, 0x14, 0x5D, 0x00, 0x00, 0x29, 0x0F, 0xFC, 0x00, 0x1D, 0x20, 0x01, 0x00,
	0x14, 0x80, 0x00, 0x00, 0x16, 0x20, 0x01, 0x00, 0x00, 0x00, 0x00, 0x01, 0x10, 0xC8, 0x45, 0x00,
	0x26, 0x00, 0x00, 0x00, 0x00, 0x00, 0x02, 0x00, 0x28, 0x5E, 0x00, 0x00, 0x29, 0x16, 0xFC, 0x00,
	0x1D, 0x20, 0x01, 0x12, 0x68, 0x80, 0x20, 0x00, 0x40, 0x3E, 0x40, 0x00, 0x00, 0x00, 0x00, 0x00,
	0x00, 0x00, 0x00, 0x00, 0xDC, 0x40, 0x08, 0x41, 0x01, 0x00, 0x00, 0x00, 0x00, 0x00, 0x80, 0x0B,
	0x2E, 0x40, 0x8C, 0x00, 0x00, 0x00, 0x78, 0x40, 0x01, 0xFE, 0x01, 0x00, 0x00, 0x00, 0x00, 0x00,
	0x00, 0x00, 0x00, 0x00, 0x00, 0x00, 0x00, 0x00, 0x00, 0x00, 0x14, 0x00, 0x00, 0x00, 0x00, 0x00,
	0x00, 0x00, 0x00, 0x00, 0x0E, 0x00, 0x81, 0x00, 0x00, 0x00, 0x78, 0x80, 0x00, 0xEC, 0x13, 0x00,
	0x28, 0x00, 0x00, 0x00, 0x00, 0x00, 0x00, 0x00, 0x00, 0x00, 0x00, 0x00, 0x38, 0x00, 0x00, 0x00,
	0x00, 0x00, 0x00, 0x00, 0x00, 0x00, 0x84, 0x33, 0x16, 0x00, 0x00, 0x00, 0x00, 0x00, 0x00, 0x01,
	0x00, 0x08, 0x45, 0x00, 0x26, 0x00, 0x00, 0x00, 0x02, 0x00, 0x02, 0x00, 0x00, 0x5C, 0x00, 0x00,
	0x29, 0x00, 0xFC, 0x00, 0x1D, 0x20, 0x01, 0x00, 0x00, 0x80, 0x00, 0x00, 0x16, 0x20, 0x01, 0x00,
	0x00, 0x00, 0x00, 0x01, 0x10, 0x48, 0x45, 0x00, 0x26, 0x00, 0x00, 0x00, 0x00, 0x00, 0x02, 0x00,
	0x3C, 0x5D, 0x00, 0x00, 0x29, 0x07, 0xFC, 0x00, 0x1D, 0x20, 0x01, 0x12, 0x7C, 0x80, 0x20, 0x00,
	0x16, 0x00, 0x00, 0x00, 0x00, 0x00, 0x00, 0x01, 0x00, 0x88, 0x45, 0x00, 0x26, 0x00, 0x00, 0x00,
	0x02, 0x00, 0x02, 0x00, 0x14, 0x5D, 0x00, 0x00, 0x29, 0x0F, 0xFC, 0x00, 0x1D, 0x20, 0x01, 0x00,
	0x14, 0x80, 0x00, 0x00, 0x16, 0x20, 0x01, 0x00, 0x00, 0x00, 0x00, 0x01, 0x10, 0xC8, 0x45, 0x00,
	0x26, 0x00, 0x00, 0x00, 0x00, 0x00, 0x02, 0x00, 0x28, 0x5E, 0x00, 0x00, 0x29, 0x16, 0xFC, 0x00,
	0x1D, 0x20, 0x01, 0x12, 0x68, 0x80, 0x20, 0x00, 0x40, 0x3E, 0x40, 0x00, 0x00, 0x00, 0x00, 0x00,
	0x00, 0x00, 0x00, 0x00, 0xDC, 0x40, 0x08, 0x41, 0x01, 0x00, 0x00, 0x00, 0x00, 0x00, 0x80, 0x0B,
	0x2E, 0x40, 0x8C, 0x00, 0x00, 0x00, 0x78, 0x40, 0x01, 0x1C, 0x02, 0x00, 0x00, 0x00, 0x00, 0x00,
	0x00, 0x00, 0x00, 0x00, 0x00, 0x00, 0x00, 0x00, 0x00, 0x00, 0x14, 0x00, 0x00, 0x00, 0x00, 0x00,
	0x00, 0x00, 0x00, 0x00, 0x0E, 0x00, 0x81, 0x00, 0x00, 0x00, 0x78, 0x80, 0x00, 0x0A, 0x14, 0x00,
	0x28, 0x00, 0x00, 0x00, 0x00, 0x00, 0x00, 0x00, 0x00, 0x00, 0x00, 0x00, 0x38, 0x00, 0x00, 0x00,
	0x00, 0x00, 0x00, 0x00, 0x00, 0x00, 0x84, 0x33, 0x16, 0x00, 0x00, 0x00, 0x00, 0x00, 0x00, 0x01,
	0x00, 0x08, 0x45, 0x00, 0x26, 0x00, 0x00, 0x00, 0x02, 0x00, 0x02, 0x00, 0x00, 0x5C, 0x00, 0x00,
	0x29, 0x00, 0xFC, 0x00, 0x1D, 0x20, 0x01, 0x00, 0x00, 0x80, 0x00, 0x00, 0x16, 0x20, 0x01, 0x00,
	0x00, 0x00, 0x00, 0x01, 0x10, 0x48, 0x45, 0x00, 0x26, 0x00, 0x00, 0x00, 0x00, 0x00, 0x02, 0x00,
	0x3C, 0x5D, 0x00, 0x00, 0x29, 0x07, 0xFC, 0x00, 0x1D, 0x20, 0x01, 0x12, 0x7C, 0x80, 0x20, 0x00,
	0x16, 0x00, 0x00, 0x00, 0x00, 0x00, 0x00, 0x01, 0x00, 0x88, 0x45, 0x00, 0x26, 0x00, 0x00, 0x00,
	0x02, 0x00, 0x02, 0x00, 0x14, 0x5D, 0x00, 0x00, 0x29, 0x0F, 0xFC, 0x00, 0x1D, 0x20, 0x01, 0x00,
	0x14, 0x80, 0x00, 0x00, 0x16, 0x20, 0x01, 0x00, 0x00, 0x00, 0x00, 0x01, 0x10, 0xC8, 0x45, 0x00,
	0x26, 0x00, 0x00, 0x00, 0x00, 0x00, 0x02, 0x00, 0x28, 0x5E, 0x00, 0x00, 0x29, 0x16, 0xFC, 0x00,
	0x1D, 0x20, 0x01, 0x12, 0x68, 0x80, 0x20, 0x00, 0x40, 0x3E, 0x40, 0x00, 0x00, 0x00, 0x00, 0x00,
	0x00, 0x00, 0x00, 0x00, 0xDC, 0x40, 0x08, 0x41, 0x01, 0x00, 0x00, 0x00, 0x00, 0x00, 0x80, 0x0B,
	0x2E, 0x40, 0x8C, 0x00, 0x00, 0x00, 0x78, 0x40, 0x01, 0x3A, 0x02, 0x00, 0x00, 0x00, 0x00, 0x00,
	0x00, 0x00, 0x00, 0x00, 0x00, 0x00, 0x00, 0x00, 0x00, 0x00, 0x14, 0x00, 0x00, 0x00, 0x00, 0x00,
	0x00, 0x00, 0x00, 0x00, 0x00, 0x00, 0x00, 0x00, 0x00, 0x00, 0x00, 0x00, 0x00, 0x00, 0x00, 0x00,
	0x00, 0x00, 0x14, 0x00, 0x00, 0x00, 0x00, 0x00, 0x00, 0x00, 0x00, 0x00, 0x0E, 0x00, 0x2C, 0x00,
	0x00, 0x00, 0x78, 0x00, 0x00, 0x00, 0x00, 0x00, 0x0D, 0x00, 0xB2, 0x00, 0x00, 0x00, 0x00, 0x00,
	0x00, 0x00, 0x06, 0x00, 0x0E, 0x00, 0x2C, 0x00, 0x00, 0x00, 0x78, 0x00, 0x00, 0xE0, 0x01, 0x00,
	0x0D, 0x00, 0xB3, 0x00, 0x00, 0x00, 0x00, 0x00, 0x00, 0x00, 0x08, 0x00, 0x28, 0x00, 0x00, 0x00,
	0x00, 0x00, 0x00, 0x00, 0x00, 0x00, 0x00, 0x00, 0x38, 0x00, 0x00, 0x00, 0x00, 0x00, 0x00, 0x00,
	0x00, 0x00, 0x06, 0x33, 0x16, 0x00, 0x00, 0x00, 0x00, 0x00, 0x80, 0x00, 0x00, 0x08, 0x46, 0x00,
	0x26, 0x00, 0x00, 0x00, 0x02, 0x00, 0x02, 0x00, 0x00, 0x5E, 0x00, 0x00, 0x29, 0x00, 0xB4, 0xB8,
	0x1C, 0xC0, 0x01, 0x00, 0x00, 0x80, 0x00, 0x00, 0x16, 0x20, 0x01, 0x00, 0x00, 0x00, 0x80, 0x00,
	0x10, 0x28, 0x46, 0x00, 0x26, 0x00, 0x00, 0x00, 0x00, 0x00, 0x02, 0x00, 0x3C, 0x5F, 0x00, 0x00,
	0x29, 0x0A, 0xB4, 0xB8, 0x1C, 0xC0, 0x01, 0x12, 0x7C, 0x80, 0x00, 0x00, 0x16, 0x00, 0x00, 0x00,
	0x00, 0x00, 0x80, 0x00, 0x00, 0x48, 0x46, 0x00, 0x26, 0x00, 0x00, 0x00, 0x02, 0x00, 0x02, 0x00,
	0x14, 0x5F, 0x00, 0x00, 0x29, 0x14, 0xB4, 0xB8, 0x1C, 0xC0, 0x01, 0x00, 0x14, 0x80, 0x00, 0x00,
	0x16, 0x20, 0x01, 0x00, 0x00, 0x00, 0x80, 0x00, 0x10, 0x68, 0x46, 0x00, 0x26, 0x00, 0x00, 0x00,
	0x00, 0x00, 0x02, 0x00, 0x28, 0x60, 0x00, 0x00, 0x29, 0x1E, 0xB4, 0xB8, 0x1C, 0xC0, 0x01, 0x12,
	0x68, 0x80, 0x00, 0x00, 0x16, 0x00, 0x00, 0x00, 0x00, 0x00, 0x80, 0x00, 0x00, 0x88, 0x46, 0x00,
	0x26, 0x00, 0x00, 0x00, 0x02, 0x00, 0x02, 0x00, 0x00, 0x60, 0x00, 0x00, 0x29, 0x28, 0xB4, 0xB8,
	0x1C, 0xC0, 0x01, 0x00, 0x00, 0x80, 0x00, 0x00, 0x16, 0x20, 0x01, 0x00, 0x00, 0x00, 0x80, 0x00,
	0x10, 0xA8, 0x46, 0x00, 0x26, 0x00, 0x00, 0x00, 0x00, 0x00, 0x02, 0x00, 0x3C, 0x61, 0x00, 0x00,
	0x29, 0x32, 0xB4, 0xB8, 0x1C, 0xC0, 0x01, 0x12, 0x7C, 0x80, 0x00, 0x00, 0x16, 0x00, 0x00, 0x00,
	0x00, 0x00, 0x80, 0x00, 0x00, 0xC8, 0x46, 0x00, 0x26, 0x00, 0x00, 0x00, 0x02, 0x00, 0x02, 0x00,
	0x14, 0x61, 0x00, 0x00, 0x29, 0x3C, 0xB4, 0xB8, 0x1C, 0xC0, 0x01, 0x00, 0x14, 0x80, 0x00, 0x00,
	0x16, 0x20, 0x01, 0x00, 0x00, 0x00, 0x80, 0x00, 0x10, 0xE8, 0x46, 0x00, 0x26, 0x00, 0x00, 0x00,
	0x00, 0x00, 0x02, 0x00, 0x28, 0x62, 0x00, 0x00, 0x29, 0x46, 0xB4, 0xB8, 0x1C, 0xC0, 0x01, 0x12,
	0x68, 0x80, 0x00, 0x00, 0x28, 0x00, 0x00, 0x00, 0x00, 0x00, 0x00, 0x00, 0x00, 0x00, 0x00, 0x00,
	0x38, 0x00, 0x00, 0x00, 0x00, 0x00, 0x00, 0x00, 0x00, 0x00, 0x06, 0x33, 0x16, 0x00, 0x00, 0x00,
	0x00, 0x00, 0x80, 0x00, 0x00, 0x08, 0x47, 0x00, 0x26, 0x00, 0x00, 0x00, 0x02, 0x00, 0x02, 0x00,
	0x00, 0x62, 0x00, 0x00, 0x29, 0x98, 0xB4, 0x0C, 0x1D, 0x00, 0x00, 0x00, 0x00, 0x80, 0x00, 0x00,
	0x16, 0x20, 0x01, 0x00, 0x00, 0x00, 0x80, 0x00, 0x10, 0x28, 0x47, 0x00, 0x26, 0x00, 0x00, 0x00,
	0x00, 0x00, 0x02, 0x00, 0x3C, 0x63, 0x00, 0x00, 0x29, 0xA2, 0xB4, 0x0C, 0x1D, 0x00, 0x00, 0x12,
	0x7C, 0x80, 0x00, 0x00, 0x16, 0x00, 0x00, 0x00, 0x00, 0x00, 0x80, 0x00, 0x00, 0x48, 0x47, 0x00,
	0x26, 0x00, 0x00, 0x00, 0x02, 0x00, 0x02, 0x00, 0x14, 0x63, 0x00, 0x00, 0x29, 0xAC, 0xB4, 0x0C,
	0x1D, 0x00, 0x00, 0x00, 0x14, 0x80, 0x00, 0x00, 0x16, 0x20, 0x01, 0x00, 0x00, 0x00, 0x80, 0x00,
	0x10, 0x68, 0x47, 0x00, 0x26, 0x00, 0x00, 0x00, 0x00, 0x00, 0x02, 0x00, 0x28, 0x64, 0x00, 0x00,
	0x29, 0xB6, 0xB4, 0x0C, 0x1D, 0x00, 0x00, 0x12, 0x68, 0x80, 0x00, 0x00, 0x2E, 0x00, 0x2F, 0x00,
	0x00, 0x00, 0x78, 0x00, 0x01, 0xC0, 0x03, 0x00, 0x00, 0x00, 0x00, 0x00, 0x00, 0x00, 0x00, 0x00,
	0x00, 0x00, 0x00, 0x00, 0x00, 0x00, 0x14, 0x00, 0x00, 0x00, 0x00, 0x00, 0x00, 0x00, 0x00, 0x00,
	0x0E, 0x00, 0x2C, 0x00, 0x00, 0x00, 0x78, 0x00, 0x00, 0x28, 0x00, 0x00, 0x0D, 0x00, 0xB2, 0x00,
	0x00, 0x00, 0x00, 0x00, 0x00, 0x00, 0x06, 0x00, 0x0E, 0x00, 0x2C, 0x00, 0x00, 0x00, 0x78, 0x00,
	0x00, 0x08, 0x02, 0x00, 0x0D, 0x00, 0xB3, 0x00, 0x00, 0x00, 0x00, 0x00, 0x00, 0x00, 0x08, 0x00,
	0x28, 0x00, 0x00, 0x00, 0x00, 0x00, 0x00, 0x00, 0x00, 0x00, 0x00, 0x00, 0x38, 0x00, 0x00, 0x00,
	0x00, 0x00, 0x00, 0x00, 0x00, 0x00, 0x06, 0x33, 0x16, 0x00, 0x00, 0x00, 0x00, 0x00, 0x80, 0x00,
	0x00, 0x08, 0x46, 0x00, 0x26, 0x00, 0x00, 0x00, 0x02, 0x00, 0x02, 0x00, 0x00, 0x5E, 0x00, 0x00,
	0x29, 0x00, 0xB4, 0xB8, 0x1C, 0xC0, 0x01, 0x00, 0x00, 0x80, 0x00, 0x00, 0x16, 0x20, 0x01, 0x00,
	0x00, 0x00, 0x80, 0x00, 0x10, 0x28, 0x46, 0x00, 0x26, 0x00, 0x00, 0x00, 0x00, 0x00, 0x02, 0x00,
	0x3C, 0x5F, 0x00, 0x00, 0x29, 0x0A, 0xB4, 0xB8, 0x1C, 0xC0, 0x01, 0x12, 0x7C, 0x80, 0x00, 0x00,
	0x16, 0x00, 0x00, 0x00, 0x00, 0x00, 0x80, 0x00, 0x00, 0x48, 0x46, 0x00, 0x26, 0x00, 0x00, 0x00,
	0x02, 0x00, 0x02, 0x00, 0x14, 0x5F, 0x00, 0x00, 0x29, 0x14, 0xB4, 0xB8, 0x1C, 0xC0, 0x01, 0x00,
	0x14, 0x80, 0x00, 0x00, 0x16, 0x20, 0x01, 0x00, 0x00, 0x00, 0x80, 0x00, 0x10, 0x68, 0x46, 0x00,
	0x26, 0x00, 0x00, 0x00, 0x00, 0x00, 0x02, 0x00, 0x28, 0x60, 0x00, 0x00, 0x29, 0x1E, 0xB4, 0xB8,
	0x1C, 0xC0, 0x01, 0x12, 0x68, 0x80, 0x00, 0x00, 0x16, 0x00, 0x00, 0x00, 0x00, 0x00, 0x80, 0x00,
	0x00, 0x88, 0x46, 0x00, 0x26, 0x00, 0x00, 0x00, 0x02, 0x00, 0x02, 0x00, 0x00, 0x60, 0x00, 0x00,
	0x29, 0x28, 0xB4, 0xB8, 0x1C, 0xC0, 0x01, 0x00, 0x00, 0x80, 0x00, 0x00, 0x16, 0x20, 0x01, 0x00,
	0x00, 0x00, 0x80, 0x00, 0x10, 0xA8, 0x46, 0x00, 0x26, 0x00, 0x00, 0x00, 0x00, 0x00, 0x02, 0x00,
	0x3C, 0x61, 0x00, 0x00, 0x29, 0x32, 0xB4, 0xB8, 0x1C, 0xC0, 0x01, 0x12, 0x7C, 0x80, 0x00, 0x00,
	0x16, 0x00, 0x00, 0x00, 0x00, 0x00, 0x80, 0x00, 0x00, 0xC8, 0x46, 0x00, 0x26, 0x00, 0x00, 0x00,
	0x02, 0x00, 0x02, 0x00, 0x14, 0x61, 0x00, 0x00, 0x29, 0x3C, 0xB4, 0xB8, 0x1C, 0xC0, 0x01, 0x00,
	0x14, 0x80, 0x00, 0x00, 0x16, 0x20, 0x01, 0x00, 0x00, 0x00, 0x80, 0x00, 0x10, 0xE8, 0x46, 0x00,
	0x26, 0x00, 0x00, 0x00, 0x00, 0x00, 0x02, 0x00, 0x28, 0x62, 0x00, 0x00, 0x29, 0x46, 0xB4, 0xB8,
	0x1C, 0xC0, 0x01, 0x12, 0x68, 0x80, 0x00, 0x00, 0x28, 0x00, 0x00, 0x00, 0x00, 0x00, 0x00, 0x00,
	0x00, 0x00, 0x00, 0x00, 0x38, 0x00, 0x00, 0x00, 0x00, 0x00, 0x00, 0x00, 0x00, 0x00, 0x06, 0x33,
	0x16, 0x00, 0x00, 0x00, 0x00, 0x00, 0x80, 0x00, 0x00, 0x08, 0x47, 0x00, 0x26, 0x00, 0x00, 0x00,
	0x02, 0x00, 0x02, 0x00, 0x00, 0x62, 0x00, 0x00, 0x29, 0x98, 0xB4, 0x0C, 0x1D, 0x00, 0x00, 0x00,
	0x00, 0x80, 0x00, 0x00, 0x16, 0x20, 0x01, 0x00, 0x00, 0x00, 0x80, 0x00, 0x10, 0x28, 0x47, 0x00,
	0x26, 0x00, 0x00, 0x00, 0x00, 0x00, 0x02, 0x00, 0x3C, 0x63, 0x00, 0x00, 0x29, 0xA2, 0xB4, 0x0C,
	0x1D, 0x00, 0x00, 0x12, 0x7C, 0x80, 0x00, 0x00, 0x16, 0x00, 0x00, 0x00, 0x00, 0x00, 0x80, 0x00,
	0x00, 0x48, 0x47, 0x00, 0x26, 0x00, 0x00, 0x00, 0x02, 0x00, 0x02, 0x00, 0x14, 0x63, 0x00, 0x00,
	0x29, 0xAC, 0xB4, 0x0C, 0x1D, 0x00, 0x00, 0x00, 0x14, 0x80, 0x00, 0x00, 0x16, 0x20, 0x01, 0x00,
	0x00, 0x00, 0x80, 0x00, 0x10, 0x68, 0x47, 0x00, 0x26, 0x00, 0x00, 0x00, 0x00, 0x00, 0x02, 0x00,
	0x28, 0x64, 0x00, 0x00, 0x29, 0xB6, 0xB4, 0x0C, 0x1D, 0x00, 0x00, 0x12, 0x68, 0x80, 0x00, 0x00,
	0x2E, 0x00, 0x2F, 0x00, 0x00, 0x00, 0x78, 0x00, 0x01, 0xE8, 0x03, 0x00, 0x00, 0x00, 0x00, 0x00,
	0x00, 0x00, 0x00, 0x00, 0x00, 0x00, 0x00, 0x00, 0x00, 0x00, 0x14, 0x00, 0x00, 0x00, 0x00, 0x00,
	0x00, 0x00, 0x00, 0x00, 0x0E, 0x00, 0x2C, 0x00, 0x00, 0x00, 0x78, 0x00, 0x00, 0x50, 0x00, 0x00,
	0x0D, 0x00, 0xB2, 0x00, 0x00, 0x00, 0x00, 0x00, 0x00, 0x00, 0x06, 0x00, 0x0E, 0x00, 0x2C, 0x00,
	0x00, 0x00, 0x78, 0x00, 0x00, 0x30, 0x02, 0x00, 0x0D, 0x00, 0xB3, 0x00, 0x00, 0x00, 0x00, 0x00,
	0x00, 0x00, 0x08, 0x00, 0x28, 0x00, 0x00, 0x00, 0x00, 0x00, 0x00, 0x00, 0x00, 0x00, 0x00, 0x00,
	0x38, 0x00, 0x00, 0x00, 0x00, 0x00, 0x00, 0x00, 0x00, 0x00, 0x06, 0x33, 0x16, 0x00, 0x00, 0x00,
	0x00, 0x00, 0x80, 0x00, 0x00, 0x08, 0x46, 0x00, 0x26, 0x00, 0x00, 0x00, 0x02, 0x00, 0x02, 0x00,
	0x00, 0x5E, 0x00, 0x00, 0x29, 0x00, 0xB4, 0xB8, 0x1C, 0xC0, 0x01, 0x00, 0x00, 0x80, 0x00, 0x00,
	0x16, 0x20, 0x01, 0x00, 0x00, 0x00, 0x80, 0x00, 0x10, 0x28, 0x46, 0x00, 0x26, 0x00, 0x00, 0x00,
	0x00, 0x00, 0x02, 0x00, 0x3C, 0x5F, 0x00, 0x00, 0x29, 0x0A, 0xB4, 0xB8, 0x1C, 0xC0, 0x01, 0x12,
	0x7C, 0x80, 0x00, 0x00, 0x16, 0x00, 0x00, 0x00, 0x00, 0x00, 0x80, 0x00, 0x00, 0x48, 0x46, 0x00,
	0x26, 0x00, 0x00, 0x00, 0x02, 0x00, 0x02, 0x00, 0x14, 0x5F, 0x00, 0x00, 0x29, 0x14, 0xB4, 0xB8,
	0x1C, 0xC0, 0x01, 0x00, 0x14, 0x80, 0x00, 0x00, 0x16, 0x20, 0x01, 0x00, 0x00, 0x00, 0x80, 0x00,
	0x10, 0x68, 0x46, 0x00, 0x26, 0x00, 0x00, 0x00, 0x00, 0x00, 0x02, 0x00, 0x28, 0x60, 0x00, 0x00,
	0x29, 0x1E, 0xB4, 0xB8, 0x1C, 0xC0, 0x01, 0x12, 0x68, 0x80, 0x00, 0x00, 0x16, 0x00, 0x00, 0x00,
	0x00, 0x00, 0x80, 0x00, 0x00, 0x88, 0x46, 0x00, 0x26, 0x00, 0x00, 0x00, 0x02, 0x00, 0x02, 0x00,
	0x00, 0x60, 0x00, 0x00, 0x29, 0x28, 0xB4, 0xB8, 0x1C, 0xC0, 0x01, 0x00, 0x00, 0x80, 0x00, 0x00,
	0x16, 0x20, 0x01, 0x00, 0x00, 0x00, 0x80, 0x00, 0x10, 0xA8, 0x46, 0x00, 0x26, 0x00, 0x00, 0x00,
	0x00, 0x00, 0x02, 0x00, 0x3C, 0x61, 0x00, 0x00, 0x29, 0x32, 0xB4, 0xB8, 0x1C, 0xC0, 0x01, 0x12,
	0x7C, 0x80, 0x00, 0x00, 0x16, 0x00, 0x00, 0x00, 0x00, 0x00, 0x80, 0x00, 0x00, 0xC8, 0x46, 0x00,
	0x26, 0x00, 0x00, 0x00, 0x02, 0x00, 0x02, 0x00, 0x14, 0x61, 0x00, 0x00, 0x29, 0x3C, 0xB4, 0xB8,
	0x1C, 0xC0, 0x01, 0x00, 0x14, 0x80, 0x00, 0x00, 0x16, 0x20, 0x01, 0x00, 0x00, 0x00, 0x80, 0x00,
	0x10, 0xE8, 0x46, 0x00, 0x26, 0x00, 0x00, 0x00, 0x00, 0x00, 0x02, 0x00, 0x28, 0x62, 0x00, 0x00,
	0x29, 0x46, 0xB4, 0xB8, 0x1C, 0xC0, 0x01, 0x12, 0x68, 0x80, 0x00, 0x00, 0x28, 0x00, 0x00, 0x00,
	0x00, 0x00, 0x00, 0x00, 0x00, 0x00, 0x00, 0x00, 0x38, 0x00, 0x00, 0x00, 0x00, 0x00, 0x00, 0x00,
	0x00, 0x00, 0x06, 0x33, 0x16, 0x00, 0x00, 0x00, 0x00, 0x00, 0x80, 0x00, 0x00, 0x08, 0x47, 0x00,
	0x26, 0x00, 0x00, 0x00, 0x02, 0x00, 0x02, 0x00, 0x00, 0x62, 0x00, 0x00, 0x29, 0x98, 0xB4, 0x0C,
	0x1D, 0x00, 0x00, 0x00, 0x00, 0x80, 0x00, 0x00, 0x16, 0x20, 0x01, 0x00, 0x00, 0x00, 0x80, 0x00,
	0x10, 0x28, 0x47, 0x00, 0x26, 0x00, 0x00, 0x00, 0x00, 0x00, 0x02, 0x00, 0x3C, 0x63, 0x00, 0x00,
	0x29, 0xA2, 0xB4, 0x0C, 0x1D, 0x00, 0x00, 0x12, 0x7C, 0x80, 0x00, 0x00, 0x16, 0x00, 0x00, 0x00,
	0x00, 0x00, 0x80, 0x00, 0x00, 0x48, 0x47, 0x00, 0x26, 0x00, 0x00, 0x00, 0x02, 0x00, 0x02, 0x00,
	0x14, 0x63, 0x00, 0x00, 0x29, 0xAC, 0xB4, 0x0C, 0x1D, 0x00, 0x00, 0x00, 0x14, 0x80, 0x00, 0x00,
	0x16, 0x20, 0x01, 0x00, 0x00, 0x00, 0x80, 0x00, 0x10, 0x68, 0x47, 0x00, 0x26, 0x00, 0x00, 0x00,
	0x00, 0x00, 0x02, 0x00, 0x28, 0x64, 0x00, 0x00, 0x29, 0xB6, 0xB4, 0x0C, 0x1D, 0x00, 0x00, 0x12,
	0x68, 0x80, 0x00, 0x00, 0x2E, 0x00, 0x2F, 0x00, 0x00, 0x00, 0x78, 0x00, 0x01, 0x10, 0x04, 0x00,
	0x00, 0x00, 0x00, 0x00, 0x00, 0x00, 0x00, 0x00, 0x00, 0x00, 0x00, 0x00, 0x00, 0x00, 0x14, 0x00,
	0x00, 0x00, 0x00, 0x00, 0x00, 0x00, 0x00, 0x00, 0x00, 0x00, 0x00, 0x00, 0x00, 0x00, 0x00, 0x00,
	0x00, 0x00, 0x00, 0x00, 0x00, 0x00, 0x14, 0x00, 0x00, 0x00, 0x00, 0x00, 0x00, 0x00, 0x00, 0x00,
	0x0E, 0x00, 0x8C, 0x00, 0x00, 0x00, 0x78, 0x00, 0x00, 0xC0, 0x03, 0x00, 0x35, 0x00, 0x91, 0x00,
	0x00, 0x00, 0x20, 0x00, 0x00, 0x00, 0x04, 0x00, 0x35, 0x01, 0x91, 0x00, 0x00, 0x00, 0x20, 0x00,
	0x00, 0x00, 0x04, 0x00, 0x35, 0x50, 0x91, 0x00, 0x00, 0x00, 0x20, 0x00, 0x00, 0x00, 0x04, 0x00,
	0x35, 0x51, 0x91, 0x00, 0x00, 0x00, 0x20, 0x00, 0x00, 0x00, 0x04, 0x00, 0x35, 0xA0, 0x91, 0x00,
	0x00, 0xA0, 0x20, 0x00, 0x00, 0x00, 0x04, 0x00, 0x35, 0xA1, 0x91, 0x00, 0x00, 0xA0, 0x20, 0x00,
	0x00, 0x00, 0x04, 0x00, 0x35, 0xF0, 0x91, 0x00, 0x00, 0xA0, 0x20, 0x00, 0x00, 0x00, 0x04, 0x00,
	0x35, 0xF1, 0x91, 0x00, 0x00, 0xA0, 0x20, 0x00, 0x00, 0x00, 0x04, 0x00, 0x35, 0x40, 0x92, 0x00,
	0x00, 0x40, 0x21, 0x00, 0x00, 0x00, 0x04, 0x00, 0x35, 0x41, 0x92, 0x00, 0x00, 0x40, 0x21, 0x00,
	0x00, 0x00, 0x04, 0x00, 0x35, 0x90, 0x92, 0x00, 0x00, 0x40, 0x21, 0x00, 0x00, 0x00, 0x04, 0x00,
	0x35, 0x91, 0x92, 0x00, 0x00, 0x40, 0x21, 0x00, 0x00, 0x00, 0x04, 0x00, 0x35, 0xE0, 0x92, 0x00,
	0x00, 0xE0, 0x21, 0x00, 0x00, 0x00, 0x04, 0x00, 0x35, 0xE1, 0x92, 0x00, 0x00, 0xE0, 0x21, 0x00,
	0x00, 0x00, 0x04, 0x00, 0x35, 0x30, 0x93, 0x00, 0x00, 0xE0, 0x21, 0x00, 0x00, 0x00, 0x04, 0x00,
	0x35, 0x31, 0x93, 0x00, 0x00, 0xE0, 0x21, 0x00, 0x00, 0x00, 0x04, 0x00, 0x35, 0x80, 0x93, 0x00,
	0x00, 0x80, 0x22, 0x00, 0x00, 0x00, 0x04, 0x00, 0x35, 0x81, 0x93, 0x00, 0x00, 0x80, 0x22, 0x00,
	0x00, 0x00, 0x04, 0x00, 0x35, 0xD0, 0x93, 0x00, 0x00, 0x80, 0x22, 0x00, 0x00, 0x00, 0x04, 0x00,
	0x35, 0xD1, 0x93, 0x00, 0x00, 0x80, 0x22, 0x00, 0x00, 0x00, 0x04, 0x00, 0x35, 0x20, 0x90, 0x00,
	0x00, 0x20, 0x23, 0x00, 0x00, 0x00, 0x06, 0x00, 0x35, 0x21, 0x90, 0x00, 0x00, 0x20, 0x23, 0x00,
	0x00, 0x00, 0x06, 0x00, 0x35, 0x70, 0x90, 0x00, 0x00, 0x20, 0x23, 0x00, 0x00, 0x00, 0x06, 0x00,
	0x35, 0x71, 0x90, 0x00, 0x00, 0x20, 0x23, 0x00, 0x00, 0x00, 0x06, 0x00, 0x35, 0xC0, 0x90, 0x00,
	0x00, 0xC0, 0x23, 0x00, 0x00, 0x00, 0x06, 0x00, 0x35, 0xC1, 0x90, 0x00, 0x00, 0xC0, 0x23, 0x00,
	0x00, 0x00, 0x06, 0x00, 0x35, 0x10, 0x91, 0x00, 0x00, 0xC0, 0x23, 0x00, 0x00, 0x00, 0x06, 0x00,
	0x35, 0x11, 0x91, 0x00, 0x00, 0xC0, 0x23, 0x00, 0x00, 0x00, 0x06, 0x00, 0x35, 0x60, 0x91, 0x00,
	0x00, 0x60, 0x24, 0x00, 0x00, 0x00, 0x06, 0x00, 0x35, 0x61, 0x91, 0x00, 0x00, 0x60, 0x24, 0x00,
	0x00, 0x00, 0x06, 0x00, 0x35, 0xB0, 0x91, 0x00, 0x00, 0x60, 0x24, 0x00, 0x00, 0x00, 0x06, 0x00,
	0x35, 0xB1, 0x91, 0x00, 0x00, 0x60, 0x24, 0x00, 0x00, 0x00, 0x06, 0x00, 0x35, 0x00, 0x92, 0x00,
	0x00, 0x00, 0x25, 0x00, 0x00, 0x00, 0x06, 0x00, 0x35, 0x01, 0x92, 0x00, 0x00, 0x00, 0x25, 0x00,
	0x00, 0x00, 0x06, 0x00, 0x35, 0x50, 0x92, 0x00, 0x00, 0x00, 0x25, 0x00, 0x00, 0x00, 0x06, 0x00,
	0x35, 0x51, 0x92, 0x00, 0x00, 0x00, 0x25, 0x00, 0x00, 0x00, 0x06, 0x00, 0x35, 0xA0, 0x92, 0x00,
	0x00, 0xA0, 0x25, 0x00, 0x00, 0x00, 0x06, 0x00, 0x35, 0xA1, 0x92, 0x00, 0x00, 0xA0, 0x25, 0x00,
	0x00, 0x00, 0x06, 0x00, 0x35, 0xF0, 0x92, 0x00, 0x00, 0xA0, 0x25, 0x00, 0x00, 0x00, 0x06, 0x00,
	0x35, 0xF1, 0x92, 0x00, 0x00, 0xA0, 0x25, 0x00, 0x00, 0x00, 0x06, 0x00, 0x35, 0x40, 0x93, 0x00,
	0x00, 0x40, 0x26, 0x00, 0x00, 0x00, 0x06, 0x00, 0x35, 0x41, 0x93, 0x00, 0x00, 0x40, 0x26, 0x00,
	0x00, 0x00, 0x06, 0x00, 0x35, 0x90, 0x93, 0x00, 0x00, 0x40, 0x26, 0x00, 0x00, 0x00, 0x06, 0x00,
	0x35, 0x91, 0x93, 0x00, 0x00, 0x40, 0x26, 0x00, 0x00, 0x00, 0x06, 0x00, 0x35, 0xE0, 0x93, 0x00,
	0x00, 0xE0, 0x26, 0x00, 0x00, 0x00, 0x06, 0x00, 0x35, 0xE1, 0x93, 0x00, 0x00, 0xE0, 0x26, 0x00,
	0x00, 0x00, 0x06, 0x00, 0x35, 0x30, 0x90, 0x00, 0x00, 0xE0, 0x26, 0x00, 0x00, 0x00, 0x08, 0x00,
	0x35, 0x31, 0x90, 0x00, 0x00, 0xE0, 0x26, 0x00, 0x00, 0x00, 0x08, 0x00, 0x35, 0x80, 0x90, 0x00,
	0x00, 0x80, 0x27, 0x00, 0x00, 0x00, 0x08, 0x00, 0x35, 0x81, 0x90, 0x00, 0x00, 0x80, 0x27, 0x00,
	0x00, 0x00, 0x08, 0x00, 0x35, 0xD0, 0x90, 0x00, 0x00, 0x80, 0x27, 0x00, 0x00, 0x00, 0x08, 0x00,
	0x35, 0xD1, 0x90, 0x00, 0x00, 0x80, 0x27, 0x00, 0x00, 0x00, 0x08, 0x00, 0x35, 0x20, 0x91, 0x00,
	0x00, 0x20, 0x28, 0x00, 0x00, 0x00, 0x08, 0x00, 0x35, 0x21, 0x91, 0x00, 0x00, 0x20, 0x28, 0x00,
	0x00, 0x00, 0x08, 0x00, 0x35, 0x70, 0x91, 0x00, 0x00, 0x20, 0x28, 0x00, 0x00, 0x00, 0x08, 0x00,
	0x35, 0x71, 0x91, 0x00, 0x00, 0x20, 0x28, 0x00, 0x00, 0x00, 0x08, 0x00, 0x35, 0xC0, 0x91, 0x00,
	0x00, 0xC0, 0x28, 0x00, 0x00, 0x00, 0x08, 0x00, 0x35, 0xC1, 0x91, 0x00, 0x00, 0xC0, 0x28, 0x00,
	0x00, 0x00, 0x08, 0x00, 0x35, 0x10, 0x92, 0x00, 0x00, 0xC0, 0x28, 0x00, 0x00, 0x00, 0x08, 0x00,
	0x35, 0x11, 0x92, 0x00, 0x00, 0xC0, 0x28, 0x00, 0x00, 0x00, 0x08, 0x00, 0x35, 0x60, 0x92, 0x00,
	0x00, 0x60, 0x29, 0x00, 0x00, 0x00, 0x08, 0x00, 0x35, 0x61, 0x92, 0x00, 0x00, 0x60, 0x29, 0x00,
	0x00, 0x00, 0x08, 0x00, 0x35, 0xB0, 0x92, 0x00, 0x00, 0x60, 0x29, 0x00, 0x00, 0x00, 0x08, 0x00,
	0x35, 0xB1, 0x92, 0x00, 0x00, 0x60, 0x29, 0x00, 0x00, 0x00, 0x08, 0x00, 0x35, 0x00, 0x93, 0x00,
	0x00, 0x00, 0x2A, 0x00, 0x00, 0x00, 0x08, 0x00, 0x35, 0x01, 0x93, 0x00, 0x00, 0x00, 0x2A, 0x00,
	0x00, 0x00, 0x08, 0x00, 0x35, 0x50, 0x93, 0x00, 0x00, 0x00, 0x2A, 0x00, 0x00, 0x00, 0x08, 0x00,
	0x35, 0x51, 0x93, 0x00, 0x00, 0x00, 0x2A, 0x00, 0x00, 0x00, 0x08, 0x00, 0x35, 0xA0, 0x93, 0x00,
	0x00, 0xA0, 0x2A, 0x00, 0x00, 0x00, 0x08, 0x00, 0x35, 0xA1, 0x93, 0x00, 0x00, 0xA0, 0x2A, 0x00,
	0x00, 0x00, 0x08, 0x00, 0x35, 0xF0, 0x93, 0x00, 0x00, 0xA0, 0x2A, 0x00, 0x00, 0x00, 0x08, 0x00,
	0x35, 0xF1, 0x93, 0x00, 0x00, 0xA0, 0x2A, 0x00, 0x00, 0x00, 0x08, 0x00, 0x35, 0x40, 0x90, 0x00,
	0x00, 0x40, 0x2B, 0x00, 0x00, 0x00, 0x0A, 0x00, 0x35, 0x41, 0x90, 0x00, 0x00, 0x40, 0x2B, 0x00,
	0x00, 0x00, 0x0A, 0x00, 0x35, 0x90, 0x90, 0x00, 0x00, 0x40, 0x2B, 0x00, 0x00, 0x00, 0x0A, 0x00,
	0x35, 0x91, 0x90, 0x00, 0x00, 0x40, 0x2B, 0x00, 0x00, 0x00, 0x0A, 0x00, 0x35, 0xE0, 0x90, 0x00,
	0x00, 0xE0, 0x2B, 0x00, 0x00, 0x00, 0x0A, 0x00, 0x35, 0xE1, 0x90, 0x00, 0x00, 0xE0, 0x2B, 0x00,
	0x00, 0x00, 0x0A, 0x00, 0x35, 0x30, 0x91, 0x00, 0x00, 0xE0, 0x2B, 0x00, 0x00, 0x00, 0x0A, 0x00,
	0x35, 0x31, 0x91, 0x00, 0x00, 0xE0, 0x2B, 0x00, 0x00, 0x00, 0x0A, 0x00, 0x35, 0x80, 0x91, 0x00,
	0x00, 0x80, 0x2C, 0x00, 0x00, 0x00, 0x0A, 0x00, 0x35, 0x81, 0x91, 0x00, 0x00, 0x80, 0x2C, 0x00,
	0x00, 0x00, 0x0A, 0x00, 0x35, 0xD0, 0x91, 0x00, 0x00, 0x80, 0x2C, 0x00, 0x00, 0x00, 0x0A, 0x00,
	0x35, 0xD1, 0x91, 0x00, 0x00, 0x80, 0x2C, 0x00, 0x00, 0x00, 0x0A, 0x00, 0x35, 0x20, 0x92, 0x00,
	0x00, 0x20, 0x2D, 0x00, 0x00, 0x00, 0x0A, 0x00, 0x35, 0x21, 0x92, 0x00, 0x00, 0x20, 0x2D, 0x00,
	0x00, 0x00, 0x0A, 0x00, 0x35, 0x70, 0x92, 0x00, 0x00, 0x20, 0x2D, 0x00, 0x00, 0x00, 0x0A, 0x00,
	0x35, 0x71, 0x92, 0x00, 0x00, 0x20, 0x2D, 0x00, 0x00, 0x00, 0x0A, 0x00, 0x35, 0xC0, 0x92, 0x00,
	0x00, 0xC0, 0x2D, 0x00, 0x00, 0x00, 0x0A, 0x00, 0x35, 0xC1, 0x92, 0x00, 0x00, 0xC0, 0x2D, 0x00,
	0x00, 0x00, 0x0A, 0x00, 0x35, 0x10, 0x93, 0x00, 0x00, 0xC0, 0x2D, 0x00, 0x00, 0x00, 0x0A, 0x00,
	0x35, 0x11, 0x93, 0x00, 0x00, 0xC0, 0x2D, 0x00, 0x00, 0x00, 0x0A, 0x00, 0x35, 0x60, 0x93, 0x00,
	0x00, 0x60, 0x2E, 0x00, 0x00, 0x00, 0x0A, 0x00, 0x35, 0x61, 0x93, 0x00, 0x00, 0x60, 0x2E, 0x00,
	0x00, 0x00, 0x0A, 0x00, 0x35, 0xB0, 0x93, 0x00, 0x00, 0x60, 0x2E, 0x00, 0x00, 0x00, 0x0A, 0x00,
	0x35, 0xB1, 0x93, 0x00, 0x00, 0x60, 0x2E, 0x00, 0x00, 0x00, 0x0A, 0x00, 0x2E, 0x00, 0x31, 0x00,
	0x00, 0x00, 0xE0, 0x81, 0x00, 0xF0, 0x0F, 0x00, 0x00, 0x00, 0x00, 0x00, 0x00, 0x00, 0x00, 0x00,
	0x00, 0x00, 0x00, 0x00, 0x00, 0x00, 0x14, 0x00, 0x00, 0x00, 0x00, 0x00, 0x00, 0x00, 0x00, 0x00,
	0x0E, 0x00, 0x8C, 0x00, 0x00, 0x00, 0x78, 0x00, 0x00, 0xDE, 0x03, 0x00, 0x35, 0x00, 0x91, 0x00,
	0x00, 0x00, 0x20, 0x00, 0x00, 0x00, 0x04, 0x00, 0x35, 0x01, 0x91, 0x00, 0x00, 0x00, 0x20, 0x00,
	0x00, 0x00, 0x04, 0x00, 0x35, 0x50, 0x91, 0x00, 0x00, 0x00, 0x20, 0x00, 0x00, 0x00, 0x04, 0x00,
	0x35, 0x51, 0x91, 0x00, 0x00, 0x00, 0x20, 0x00, 0x00, 0x00, 0x04, 0x00, 0x35, 0xA0, 0x91, 0x00,
	0x00, 0xA0, 0x20, 0x00, 0x00, 0x00, 0x04, 0x00, 0x35, 0xA1, 0x91, 0x00, 0x00, 0xA0, 0x20, 0x00,
	0x00, 0x00, 0x04, 0x00, 0x35, 0xF0, 0x91, 0x00, 0x00, 0xA0, 0x20, 0x00, 0x00, 0x00, 0x04, 0x00,
	0x35, 0xF1, 0x91, 0x00, 0x00, 0xA0, 0x20, 0x00, 0x00, 0x00, 0x04, 0x00, 0x35, 0x40, 0x92, 0x00,
	0x00, 0x40, 0x21, 0x00, 0x00, 0x00, 0x04, 0x00, 0x35, 0x41, 0x92, 0x00, 0x00, 0x40, 0x21, 0x00,
	0x00, 0x00, 0x04, 0x00, 0x35, 0x90, 0x92, 0x00, 0x00, 0x40, 0x21, 0x00, 0x00, 0x00, 0x04, 0x00,
	0x35, 0x91, 0x92, 0x00, 0x00, 0x40, 0x21, 0x00, 0x00, 0x00, 0x04, 0x00, 0x35, 0xE0, 0x92, 0x00,
	0x00, 0xE0, 0x21, 0x00, 0x00, 0x00, 0x04, 0x00, 0x35, 0xE1, 0x92, 0x00, 0x00, 0xE0, 0x21, 0x00,
	0x00, 0x00, 0x04, 0x00, 0x35, 0x30, 0x93, 0x00, 0x00, 0xE0, 0x21, 0x00, 0x00, 0x00, 0x04, 0x00,
	0x35, 0x31, 0x93, 0x00, 0x00, 0xE0, 0x21, 0x00, 0x00, 0x00, 0x04, 0x00, 0x35, 0x80, 0x93, 0x00,
	0x00, 0x80, 0x22, 0x00, 0x00, 0x00, 0x04, 0x00, 0x35, 0x81, 0x93, 0x00, 0x00, 0x80, 0x22, 0x00,
	0x00, 0x00, 0x04, 0x00, 0x35, 0xD0, 0x93, 0x00, 0x00, 0x80, 0x22, 0x00, 0x00, 0x00, 0x04, 0x00,
	0x35, 0xD1, 0x93, 0x00, 0x00, 0x80, 0x22, 0x00, 0x00, 0x00, 0x04, 0x00, 0x35, 0x20, 0x90, 0x00,
	0x00, 0x20, 0x23, 0x00, 0x00, 0x00, 0x06, 0x00, 0x35, 0x21, 0x90, 0x00, 0x00, 0x20, 0x23, 0x00,
	0x00, 0x00, 0x06, 0x00, 0x35, 0x70, 0x90, 0x00, 0x00, 0x20, 0x23, 0x00, 0x00, 0x00, 0x06, 0x00,
	0x35, 0x71, 0x90, 0x00, 0x00, 0x20, 0x23, 0x00, 0x00, 0x00, 0x06, 0x00, 0x35, 0xC0, 0x90, 0x00,
	0x00, 0xC0, 0x23, 0x00, 0x00, 0x00, 0x06, 0x00, 0x35, 0xC1, 0x90, 0x00, 0x00, 0xC0, 0x23, 0x00,
	0x00, 0x00, 0x06, 0x00, 0x35, 0x10, 0x91, 0x00, 0x00, 0xC0, 0x23, 0x00, 0x00, 0x00, 0x06, 0x00,
	0x35, 0x11, 0x91, 0x00, 0x00, 0xC0, 0x23, 0x00, 0x00, 0x00, 0x06, 0x00, 0x35, 0x60, 0x91, 0x00,
	0x00, 0x60, 0x24, 0x00, 0x00, 0x00, 0x06, 0x00, 0x35, 0x61, 0x91, 0x00, 0x00, 0x60, 0x24, 0x00,
	0x00, 0x00, 0x06, 0x00, 0x35, 0xB0, 0x91, 0x00, 0x00, 0x60, 0x24, 0x00, 0x00, 0x00, 0x06, 0x00,
	0x35, 0xB1, 0x91, 0x00, 0x00, 0x60, 0x24, 0x00, 0x00, 0x00, 0x06, 0x00, 0x35, 0x00, 0x92, 0x00,
	0x00, 0x00, 0x25, 0x00, 0x00, 0x00, 0x06, 0x00, 0x35, 0x01, 0x92, 0x00, 0x00, 0x00, 0x25, 0x00,
	0x00, 0x00, 0x06, 0x00, 0x35, 0x50, 0x92, 0x00, 0x00, 0x00, 0x25, 0x00, 0x00, 0x00, 0x06, 0x00,
	0x35, 0x51, 0x92, 0x00, 0x00, 0x00, 0x25, 0x00, 0x00, 0x00, 0x06, 0x00, 0x35, 0xA0, 0x92, 0x00,
	0x00, 0xA0, 0x25, 0x00, 0x00, 0x00, 0x06, 0x00, 0x35, 0xA1, 0x92, 0x00, 0x00, 0xA0, 0x25, 0x00,
	0x00, 0x00, 0x06, 0x00, 0x35, 0xF0, 0x92, 0x00, 0x00, 0xA0, 0x25, 0x00, 0x00, 0x00, 0x06, 0x00,
	0x35, 0xF1, 0x92, 0x00, 0x00, 0xA0, 0x25, 0x00, 0x00, 0x00, 0x06, 0x00, 0x35, 0x40, 0x93, 0x00,
	0x00, 0x40, 0x26, 0x00, 0x00, 0x00, 0x06, 0x00, 0x35, 0x41, 0x93, 0x00, 0x00, 0x40, 0x26, 0x00,
	0x00, 0x00, 0x06, 0x00, 0x35, 0x90, 0x93, 0x00, 0x00, 0x40, 0x26, 0x00, 0x00, 0x00, 0x06, 0x00,
	0x35, 0x91, 0x93, 0x00, 0x00, 0x40, 0x26, 0x00, 0x00, 0x00, 0x06, 0x00, 0x35, 0xE0, 0x93, 0x00,
	0x00, 0xE0, 0x26, 0x00, 0x00, 0x00, 0x06, 0x00, 0x35, 0xE1, 0x93, 0x00, 0x00, 0xE0, 0x26, 0x00,
	0x00, 0x00, 0x06, 0x00, 0x35, 0x30, 0x90, 0x00, 0x00, 0xE0, 0x26, 0x00, 0x00, 0x00, 0x08, 0x00,
	0x35, 0x31, 0x90, 0x00, 0x00, 0xE0, 0x26, 0x00, 0x00, 0x00, 0x08, 0x00, 0x35, 0x80, 0x90, 0x00,
	0x00, 0x80, 0x27, 0x00, 0x00, 0x00, 0x08, 0x00, 0x35, 0x81, 0x90, 0x00, 0x00, 0x80, 0x27, 0x00,
	0x00, 0x00, 0x08, 0x00, 0x35, 0xD0, 0x90, 0x00, 0x00, 0x80, 0x27, 0x00, 0x00, 0x00, 0x08, 0x00,
	0x35, 0xD1, 0x90, 0x00, 0x00, 0x80, 0x27, 0x00, 0x00, 0x00, 0x08, 0x00, 0x35, 0x20, 0x91, 0x00,
	0x00, 0x20, 0x28, 0x00, 0x00, 0x00, 0x08, 0x00, 0x35, 0x21, 0x91, 0x00, 0x00, 0x20, 0x28, 0x00,
	0x00, 0x00, 0x08, 0x00, 0x35, 0x70, 0x91, 0x00, 0x00, 0x20, 0x28, 0x00, 0x00, 0x00, 0x08, 0x00,
	0x35, 0x71, 0x91, 0x00, 0x00, 0x20, 0x28, 0x00, 0x00, 0x00, 0x08, 0x00, 0x35, 0xC0, 0x91, 0x00,
	0x00, 0xC0, 0x28, 0x00, 0x00, 0x00, 0x08, 0x00, 0x35, 0xC1, 0x91, 0x00, 0x00, 0xC0, 0x28, 0x00,
	0x00, 0x00, 0x08, 0x00, 0x35, 0x10, 0x92, 0x00, 0x00, 0xC0, 0x28, 0x00, 0x00, 0x00, 0x08, 0x00,
	0x35, 0x11, 0x92, 0x00, 0x00, 0xC0, 0x28, 0x00, 0x00, 0x00, 0x08, 0x00, 0x35, 0x60, 0x92, 0x00,
	0x00, 0x60, 0x29, 0x00, 0x00, 0x00, 0x08, 0x00, 0x35, 0x61, 0x92, 0x00, 0x00, 0x60, 0x29, 0x00,
	0x00, 0x00, 0x08, 0x00, 0x35, 0xB0, 0x92, 0x00, 0x00, 0x60, 0x29, 0x00, 0x00, 0x00, 0x08, 0x00,
	0x35, 0xB1, 0x92, 0x00, 0x00, 0x60, 0x29, 0x00, 0x00, 0x00, 0x08, 0x00, 0x35, 0x00, 0x93, 0x00,
	0x00, 0x00, 0x2A, 0x00, 0x00, 0x00, 0x08, 0x00, 0x35, 0x01, 0x93, 0x00, 0x00, 0x00, 0x2A, 0x00,
	0x00, 0x00, 0x08, 0x00, 0x35, 0x50, 0x93, 0x00, 0x00, 0x00, 0x2A, 0x00, 0x00, 0x00, 0x08, 0x00,
	0x35, 0x51, 0x93, 0x00, 0x00, 0x00, 0x2A, 0x00, 0x00, 0x00, 0x08, 0x00, 0x35, 0xA0, 0x93, 0x00,
	0x00, 0xA0, 0x2A, 0x00, 0x00, 0x00, 0x08, 0x00, 0x35, 0xA1, 0x93, 0x00, 0x00, 0xA0, 0x2A, 0x00,
	0x00, 0x00, 0x08, 0x00, 0x35, 0xF0, 0x93, 0x00, 0x00, 0xA0, 0x2A, 0x00, 0x00, 0x00, 0x08, 0x00,
	0x35, 0xF1, 0x93, 0x00, 0x00, 0xA0, 0x2A, 0x00, 0x00, 0x00, 0x08, 0x00, 0x35, 0x40, 0x90, 0x00,
	0x00, 0x40, 0x2B, 0x00, 0x00, 0x00, 0x0A, 0x00, 0x35, 0x41, 0x90, 0x00, 0x00, 0x40, 0x2B, 0x00,
	0x00, 0x00, 0x0A, 0x00, 0x35, 0x90, 0x90, 0x00, 0x00, 0x40, 0x2B, 0x00, 0x00, 0x00, 0x0A, 0x00,
	0x35, 0x91, 0x90, 0x00, 0x00, 0x40, 0x2B, 0x00, 0x00, 0x00, 0x0A, 0x00, 0x35, 0xE0, 0x90, 0x00,
	0x00, 0xE0, 0x2B, 0x00, 0x00, 0x00, 0x0A, 0x00, 0x35, 0xE1, 0x90, 0x00, 0x00, 0xE0, 0x2B, 0x00,
	0x00, 0x00, 0x0A, 0x00, 0x35, 0x30, 0x91, 0x00, 0x00, 0xE0, 0x2B, 0x00, 0x00, 0x00, 0x0A, 0x00,
	0x35, 0x31, 0x91, 0x00, 0x00, 0xE0, 0x2B, 0x00, 0x00, 0x00, 0x0A, 0x00, 0x35, 0x80, 0x91, 0x00,
	0x00, 0x80, 0x2C, 0x00, 0x00, 0x00, 0x0A, 0x00, 0x35, 0x81, 0x91, 0x00, 0x00, 0x80, 0x2C, 0x00,
	0x00, 0x00, 0x0A, 0x00, 0x35, 0xD0, 0x91, 0x00, 0x00, 0x80, 0x2C, 0x00, 0x00, 0x00, 0x0A, 0x00,
	0x35, 0xD1, 0x91, 0x00, 0x00, 0x80, 0x2C, 0x00, 0x00, 0x00, 0x0A, 0x00, 0x35, 0x20, 0x92, 0x00,
	0x00, 0x20, 0x2D, 0x00, 0x00, 0x00, 0x0A, 0x00, 0x35, 0x21, 0x92, 0x00, 0x00, 0x20, 0x2D, 0x00,
	0x00, 0x00, 0x0A, 0x00, 0x35, 0x70, 0x92, 0x00, 0x00, 0x20, 0x2D, 0x00, 0x00, 0x00, 0x0A, 0x00,
	0x35, 0x71, 0x92, 0x00, 0x00, 0x20, 0x2D, 0x00, 0x00, 0x00, 0x0A, 0x00, 0x35, 0xC0, 0x92, 0x00,
	0x00, 0xC0, 0x2D, 0x00, 0x00, 0x00, 0x0A, 0x00, 0x35, 0xC1, 0x92, 0x00, 0x00, 0xC0, 0x2D, 0x00,
	0x00, 0x00, 0x0A, 0x00, 0x35, 0x10, 0x93, 0x00, 0x00, 0xC0, 0x2D, 0x00, 0x00, 0x00, 0x0A, 0x00,
	0x35, 0x11, 0x93, 0x00, 0x00, 0xC0, 0x2D, 0x00, 0x00, 0x00, 0x0A, 0x00, 0x35, 0x60, 0x93, 0x00,
	0x00, 0x60, 0x2E, 0x00, 0x00, 0x00, 0x0A, 0x00, 0x35, 0x61, 0x93, 0x00, 0x00, 0x60, 0x2E, 0x00,
	0x00, 0x00, 0x0A, 0x00, 0x35, 0xB0, 0x93, 0x00, 0x00, 0x60, 0x2E, 0x00, 0x00, 0x00, 0x0A, 0x00,
	0x35, 0xB1, 0x93, 0x00, 0x00, 0x60, 0x2E, 0x00, 0x00, 0x00, 0x0A, 0x00, 0x2E, 0x00, 0x31, 0x00,
	0x00, 0x00, 0xE0, 0x81, 0x00, 0x68, 0x10, 0x00, 0x00, 0x00, 0x00, 0x00, 0x00, 0x00, 0x00, 0x00,
	0x00, 0x00, 0x00, 0x00, 0x00, 0x00, 0x14, 0x00, 0x00, 0x00, 0x00, 0x00, 0x00, 0x00, 0x00, 0x00,
	0x0E, 0x00, 0x8C, 0x00, 0x00, 0x00, 0x78, 0x00, 0x00, 0xFC, 0x03, 0x00, 0x35, 0x00, 0x91, 0x00,
	0x00, 0x00, 0x20, 0x00, 0x00, 0x00, 0x04, 0x00, 0x35, 0x01, 0x91, 0x00, 0x00, 0x00, 0x20, 0x00,
	0x00, 0x00, 0x04, 0x00, 0x35, 0x50, 0x91, 0x00, 0x00, 0x00, 0x20, 0x00, 0x00, 0x00, 0x04, 0x00,
	0x35, 0x51, 0x91, 0x00, 0x00, 0x00, 0x20, 0x00, 0x00, 0x00, 0x04, 0x00, 0x35, 0xA0, 0x91, 0x00,
	0x00, 0xA0, 0x20, 0x00, 0x00, 0x00, 0x04, 0x00, 0x35, 0xA1, 0x91, 0x00, 0x00, 0xA0, 0x20, 0x00,
	0x00, 0x00, 0x04, 0x00, 0x35, 0xF0, 0x91, 0x00, 0x00, 0xA0, 0x20, 0x00, 0x00, 0x00, 0x04, 0x00,
	0x35, 0xF1, 0x91, 0x00, 0x00, 0xA0, 0x20, 0x00, 0x00, 0x00, 0x04, 0x00, 0x35, 0x40, 0x92, 0x00,
	0x00, 0x40, 0x21, 0x00, 0x00, 0x00, 0x04, 0x00, 0x35, 0x41, 0x92, 0x00, 0x00, 0x40, 0x21, 0x00,
	0x00, 0x00, 0x04, 0x00, 0x35, 0x90, 0x92, 0x00, 0x00, 0x40, 0x21, 0x00, 0x00, 0x00, 0x04, 0x00,
	0x35, 0x91, 0x92, 0x00, 0x00, 0x40, 0x21, 0x00, 0x00, 0x00, 0x04, 0x00, 0x35, 0xE0, 0x92, 0x00,
	0x00, 0xE0, 0x21, 0x00, 0x00, 0x00, 0x04, 0x00, 0x35, 0xE1, 0x92, 0x00, 0x00, 0xE0, 0x21, 0x00,
	0x00, 0x00, 0x04, 0x00, 0x35, 0x30, 0x93, 0x00, 0x00, 0xE0, 0x21, 0x00, 0x00, 0x00, 0x04, 0x00,
	0x35, 0x31, 0x93, 0x00, 0x00, 0xE0, 0x21, 0x00, 0x00, 0x00, 0x04, 0x00, 0x35, 0x80, 0x93, 0x00,
	0x00, 0x80, 0x22, 0x00, 0x00, 0x00, 0x04, 0x00, 0x35, 0x81, 0x93, 0x00, 0x00, 0x80, 0x22, 0x00,
	0x00, 0x00, 0x04, 0x00, 0x35, 0xD0, 0x93, 0x00, 0x00, 0x80, 0x22, 0x00, 0x00, 0x00, 0x04, 0x00,
	0x35, 0xD1, 0x93, 0x00, 0x00, 0x80, 0x22, 0x00, 0x00, 0x00, 0x04, 0x00, 0x35, 0x20, 0x90, 0x00,
	0x00, 0x20, 0x23, 0x00, 0x00, 0x00, 0x06, 0x00, 0x35, 0x21, 0x90, 0x00, 0x00, 0x20, 0x23, 0x00,
	0x00, 0x00, 0x06, 0x00, 0x35, 0x70, 0x90, 0x00, 0x00, 0x20, 0x23, 0x00, 0x00, 0x00, 0x06, 0x00,
	0x35, 0x71, 0x90, 0x00, 0x00, 0x20, 0x23, 0x00, 0x00, 0x00, 0x06, 0x00, 0x35, 0xC0, 0x90, 0x00,
	0x00, 0xC0, 0x23, 0x00, 0x00, 0x00, 0x06, 0x00, 0x35, 0xC1, 0x90, 0x00, 0x00, 0xC0, 0x23, 0x00,
	0x00, 0x00, 0x06, 0x00, 0x35, 0x10, 0x91, 0x00, 0x00, 0xC0, 0x23, 0x00, 0x00, 0x00, 0x06, 0x00,
	0x35, 0x11, 0x91, 0x00, 0x00, 0xC0, 0x23, 0x00, 0x00, 0x00, 0x06, 0x00, 0x35, 0x60, 0x91, 0x00,
	0x00, 0x60, 0x24, 0x00, 0x00, 0x00, 0x06, 0x00, 0x35, 0x61, 0x91, 0x00, 0x00, 0x60, 0x24, 0x00,
	0x00, 0x00, 0x06, 0x00, 0x35, 0xB0, 0x91, 0x00, 0x00, 0x60, 0x24, 0x00, 0x00, 0x00, 0x06, 0x00,
	0x35, 0xB1, 0x91, 0x00, 0x00, 0x60, 0x24, 0x00, 0x00, 0x00, 0x06, 0x00, 0x35, 0x00, 0x92, 0x00,
	0x00, 0x00, 0x25, 0x00, 0x00, 0x00, 0x06, 0x00, 0x35, 0x01, 0x92, 0x00, 0x00, 0x00, 0x25, 0x00,
	0x00, 0x00, 0x06, 0x00, 0x35, 0x50, 0x92, 0x00, 0x00, 0x00, 0x25, 0x00, 0x00, 0x00, 0x06, 0x00,
	0x35, 0x51, 0x92, 0x00, 0x00, 0x00, 0x25, 0x00, 0x00, 0x00, 0x06, 0x00, 0x35, 0xA0, 0x92, 0x00,
	0x00, 0xA0, 0x25, 0x00, 0x00, 0x00, 0x06, 0x00, 0x35, 0xA1, 0x92, 0x00, 0x00, 0xA0, 0x25, 0x00,
	0x00, 0x00, 0x06, 0x00, 0x35, 0xF0, 0x92, 0x00, 0x00, 0xA0, 0x25, 0x00, 0x00, 0x00, 0x06, 0x00,
	0x35, 0xF1, 0x92, 0x00, 0x00, 0xA0, 0x25, 0x00, 0x00, 0x00, 0x06, 0x00, 0x35, 0x40, 0x93, 0x00,
	0x00, 0x40, 0x26, 0x00, 0x00, 0x00, 0x06, 0x00, 0x35, 0x41, 0x93, 0x00, 0x00, 0x40, 0x26, 0x00,
	0x00, 0x00, 0x06, 0x00, 0x35, 0x90, 0x93, 0x00, 0x00, 0x40, 0x26, 0x00, 0x00, 0x00, 0x06, 0x00,
	0x35, 0x91, 0x93, 0x00, 0x00, 0x40, 0x26, 0x00, 0x00, 0x00, 0x06, 0x00, 0x35, 0xE0, 0x93, 0x00,
	0x00, 0xE0, 0x26, 0x00, 0x00, 0x00, 0x06, 0x00, 0x35, 0xE1, 0x93, 0x00, 0x00, 0xE0, 0x26, 0x00,
	0x00, 0x00, 0x06, 0x00, 0x35, 0x30, 0x90, 0x00, 0x00, 0xE0, 0x26, 0x00, 0x00, 0x00, 0x08, 0x00,
	0x35, 0x31, 0x90, 0x00, 0x00, 0xE0, 0x26, 0x00, 0x00, 0x00, 0x08, 0x00, 0x35, 0x80, 0x90, 0x00,
	0x00, 0x80, 0x27, 0x00, 0x00, 0x00, 0x08, 0x00, 0x35, 0x81, 0x90, 0x00, 0x00, 0x80, 0x27, 0x00,
	0x00, 0x00, 0x08, 0x00, 0x35, 0xD0, 0x90, 0x00, 0x00, 0x80, 0x27, 0x00, 0x00, 0x00, 0x08, 0x00,
	0x35, 0xD1, 0x90, 0x00, 0x00, 0x80, 0x27, 0x00, 0x00, 0x00, 0x08, 0x00, 0x35, 0x20, 0x91, 0x00,
	0x00, 0x20, 0x28, 0x00, 0x00, 0x00, 0x08, 0x00, 0x35, 0x21, 0x91, 0x00, 0x00, 0x20, 0x28, 0x00,
	0x00, 0x00, 0x08, 0x00, 0x35, 0x70, 0x91, 0x00, 0x00, 0x20, 0x28, 0x00, 0x00, 0x00, 0x08, 0x00,
	0x35, 0x71, 0x91, 0x00, 0x00, 0x20, 0x28, 0x00, 0x00, 0x00, 0x08, 0x00, 0x35, 0xC0, 0x91, 0x00,
	0x00, 0xC0, 0x28, 0x00, 0x00, 0x00, 0x08, 0x00, 0x35, 0xC1, 0x91, 0x00, 0x00, 0xC0, 0x28, 0x00,
	0x00, 0x00, 0x08, 0x00, 0x35, 0x10, 0x92, 0x00, 0x00, 0xC0, 0x28, 0x00, 0x00, 0x00, 0x08, 0x00,
	0x35, 0x11, 0x92, 0x00, 0x00, 0xC0, 0x28, 0x00, 0x00, 0x00, 0x08, 0x00, 0x35, 0x60, 0x92, 0x00,
	0x00, 0x60, 0x29, 0x00, 0x00, 0x00, 0x08, 0x00, 0x35, 0x61, 0x92, 0x00, 0x00, 0x60, 0x29, 0x00,
	0x00, 0x00, 0x08, 0x00, 0x35, 0xB0, 0x92, 0x00, 0x00, 0x60, 0x29, 0x00, 0x00, 0x00, 0x08, 0x00,
	0x35, 0xB1, 0x92, 0x00, 0x00, 0x60, 0x29, 0x00, 0x00, 0x00, 0x08, 0x00, 0x35, 0x00, 0x93, 0x00,
	0x00, 0x00, 0x2A, 0x00, 0x00, 0x00, 0x08, 0x00, 0x35, 0x01, 0x93, 0x00, 0x00, 0x00, 0x2A, 0x00,
	0x00, 0x00, 0x08, 0x00, 0x35, 0x50, 0x93, 0x00, 0x00, 0x00, 0x2A, 0x00, 0x00, 0x00, 0x08, 0x00,
	0x35, 0x51, 0x93, 0x00, 0x00, 0x00, 0x2A, 0x00, 0x00, 0x00, 0x08, 0x00, 0x35, 0xA0, 0x93, 0x00,
	0x00, 0xA0, 0x2A, 0x00, 0x00, 0x00, 0x08, 0x00, 0x35, 0xA1, 0x93, 0x00, 0x00, 0xA0, 0x2A, 0x00,
	0x00, 0x00, 0x08, 0x00, 0x35, 0xF0, 0x93, 0x00, 0x00, 0xA0, 0x2A, 0x00, 0x00, 0x00, 0x08, 0x00,
	0x35, 0xF1, 0x93, 0x00, 0x00, 0xA0, 0x2A, 0x00, 0x00, 0x00, 0x08, 0x00, 0x35, 0x40, 0x90, 0x00,
	0x00, 0x40, 0x2B, 0x00, 0x00, 0x00, 0x0A, 0x00, 0x35, 0x41, 0x90, 0x00, 0x00, 0x40, 0x2B, 0x00,
	0x00, 0x00, 0x0A, 0x00, 0x35, 0x90, 0x90, 0x00, 0x00, 0x40, 0x2B, 0x00, 0x00, 0x00, 0x0A, 0x00,
	0x35, 0x91, 0x90, 0x00, 0x00, 0x40, 0x2B, 0x00, 0x00, 0x00, 0x0A, 0x00, 0x35, 0xE0, 0x90, 0x00,
	0x00, 0xE0, 0x2B, 0x00, 0x00, 0x00, 0x0A, 0x00, 0x35, 0xE1, 0x90, 0x00, 0x00, 0xE0, 0x2B, 0x00,
	0x00, 0x00, 0x0A, 0x00, 0x35, 0x30, 0x91, 0x00, 0x00, 0xE0, 0x2B, 0x00, 0x00, 0x00, 0x0A, 0x00,
	0x35, 0x31, 0x91, 0x00, 0x00, 0xE0, 0x2B, 0x00, 0x00, 0x00, 0x0A, 0x00, 0x35, 0x80, 0x91, 0x00,
	0x00, 0x80, 0x2C, 0x00, 0x00, 0x00, 0x0A, 0x00, 0x35, 0x81, 0x91, 0x00, 0x00, 0x80, 0x2C, 0x00,
	0x00, 0x00, 0x0A, 0x00, 0x35, 0xD0, 0x91, 0x00, 0x00, 0x80, 0x2C, 0x00, 0x00, 0x00, 0x0A, 0x00,
	0x35, 0xD1, 0x91, 0x00, 0x00, 0x80, 0x2C, 0x00, 0x00, 0x00, 0x0A, 0x00, 0x35, 0x20, 0x92, 0x00,
	0x00, 0x20, 0x2D, 0x00, 0x00, 0x00, 0x0A, 0x00, 0x35, 0x21, 0x92, 0x00, 0x00, 0x20, 0x2D, 0x00,
	0x00, 0x00, 0x0A, 0x00, 0x35, 0x70, 0x92, 0x00, 0x00, 0x20, 0x2D, 0x00, 0x00, 0x00, 0x0A, 0x00,
	0x35, 0x71, 0x92, 0x00, 0x00, 0x20, 0x2D, 0x00, 0x00, 0x00, 0x0A, 0x00, 0x35, 0xC0, 0x92, 0x00,
	0x00, 0xC0, 0x2D, 0x00, 0x00, 0x00, 0x0A, 0x00, 0x35, 0xC1, 0x92, 0x00, 0x00, 0xC0, 0x2D, 0x00,
	0x00, 0x00, 0x0A, 0x00, 0x35, 0x10, 0x93, 0x00, 0x00, 0xC0, 0x2D, 0x00, 0x00, 0x00, 0x0A, 0x00,
	0x35, 0x11, 0x93, 0x00, 0x00, 0xC0, 0x2D, 0x00, 0x00, 0x00, 0x0A, 0x00, 0x35, 0x60, 0x93, 0x00,
	0x00, 0x60, 0x2E, 0x00, 0x00, 0x00, 0x0A, 0x00, 0x35, 0x61, 0x93, 0x00, 0x00, 0x60, 0x2E, 0x00,
	0x00, 0x00, 0x0A, 0x00, 0x35, 0xB0, 0x93, 0x00, 0x00, 0x60, 0x2E, 0x00, 0x00, 0x00, 0x0A, 0x00,
	0x35, 0xB1, 0x93, 0x00, 0x00, 0x60, 0x2E, 0x00, 0x00, 0x00, 0x0A, 0x00, 0x2E, 0x00, 0x31, 0x00,
	0x00, 0x00, 0xE0, 0x81, 0x00, 0xE0, 0x10, 0x00, 0x00, 0x00, 0x00, 0x00, 0x00, 0x00, 0x00, 0x00,
	0x00, 0x00, 0x00, 0x00, 0x00, 0x00, 0x14, 0x00, 0x00, 0x00, 0x00, 0x00, 0x00, 0x00, 0x00, 0x00,
	0x0E, 0x00, 0x8C, 0x00, 0x00, 0x00, 0x78, 0x00, 0x00, 0x1A, 0x04, 0x00, 0x35, 0x00, 0x91, 0x00,
	0x00, 0x00, 0x20, 0x00, 0x00, 0x00, 0x04, 0x00, 0x35, 0x01, 0x91, 0x00, 0x00, 0x00, 0x20, 0x00,
	0x00, 0x00, 0x04, 0x00, 0x35, 0x50, 0x91, 0x00, 0x00, 0x00, 0x20, 0x00, 0x00, 0x00, 0x04, 0x00,
	0x35, 0x51, 0x91, 0x00, 0x00, 0x00, 0x20, 0x00, 0x00, 0x00, 0x04, 0x00, 0x35, 0xA0, 0x91, 0x00,
	0x00, 0xA0, 0x20, 0x00, 0x00, 0x00, 0x04, 0x00, 0x35, 0xA1, 0x91, 0x00, 0x00, 0xA0, 0x20, 0x00,
	0x00, 0x00, 0x04, 0x00, 0x35, 0xF0, 0x91, 0x00, 0x00, 0xA0, 0x20, 0x00, 0x00, 0x00, 0x04, 0x00,
	0x35, 0xF1, 0x91, 0x00, 0x00, 0xA0, 0x20, 0x00, 0x00, 0x00, 0x04, 0x00, 0x35, 0x40, 0x92, 0x00,
	0x00, 0x40, 0x21, 0x00, 0x00, 0x00, 0x04, 0x00, 0x35, 0x41, 0x92, 0x00, 0x00, 0x40, 0x21, 0x00,
	0x00, 0x00, 0x04, 0x00, 0x35, 0x90, 0x92, 0x00, 0x00, 0x40, 0x21, 0x00, 0x00, 0x00, 0x04, 0x00,
	0x35, 0x91, 0x92, 0x00, 0x00, 0x40, 0x21, 0x00, 0x00, 0x00, 0x04, 0x00, 0x35, 0xE0, 0x92, 0x00,
	0x00, 0xE0, 0x21, 0x00, 0x00, 0x00, 0x04, 0x00, 0x35, 0xE1, 0x92, 0x00, 0x00, 0xE0, 0x21, 0x00,
	0x00, 0x00, 0x04, 0x00, 0x35, 0x30, 0x93, 0x00, 0x00, 0xE0, 0x21, 0x00, 0x00, 0x00, 0x04, 0x00,
	0x35, 0x31, 0x93, 0x00, 0x00, 0xE0, 0x21, 0x00, 0x00, 0x00, 0x04, 0x00, 0x35, 0x80, 0x93, 0x00,
	0x00, 0x80, 0x22, 0x00, 0x00, 0x00, 0x04, 0x00, 0x06, 0x00, 0x00, 0x00, 0x00, 0x00, 0x10, 0x00,
	0x00, 0xC0, 0x00, 0x00, 0x08, 0x00, 0x00, 0x00, 0x00, 0x00, 0x00, 0x00, 0x00, 0x00, 0x00, 0x00,
	0x18, 0x00, 0x00, 0x00, 0x00, 0x00, 0x00, 0x00, 0x00, 0x00, 0x00, 0x00, 0x35, 0x81, 0x93, 0x00,
	0x00, 0x80, 0x22, 0x00, 0x00, 0x00, 0x04, 0x00, 0x35, 0xD0, 0x93, 0x00, 0x00, 0x80, 0x22, 0x00,
	0x00, 0x00, 0x04, 0x00, 0x35, 0xD1, 0x93, 0x00, 0x00, 0x80, 0x22, 0x00, 0x00, 0x00, 0x04, 0x00,
	0x35, 0x20, 0x90, 0x00, 0x00, 0x20, 0x23, 0x00, 0x00, 0x00, 0x06, 0x00, 0x35, 0x21, 0x90, 0x00,
	0x00, 0x20, 0x23, 0x00, 0x00, 0x00, 0x06, 0x00, 0x35, 0x70, 0x90, 0x00, 0x00, 0x20, 0x23, 0x00,
	0x00, 0x00, 0x06, 0x00, 0x35, 0x71, 0x90, 0x00, 0x00, 0x20, 0x23, 0x00, 0x00, 0x00, 0x06, 0x00,
	0x35, 0xC0, 0x90, 0x00, 0x00, 0xC0, 0x23, 0x00, 0x00, 0x00, 0x06, 0x00, 0x35, 0xC1, 0x90, 0x00,
	0x00, 0xC0, 0x23, 0x00, 0x00, 0x00, 0x06, 0x00, 0x35, 0x10, 0x91, 0x00, 0x00, 0xC0, 0x23, 0x00,
	0x00, 0x00, 0x06, 0x00, 0x35, 0x11, 0x91, 0x00, 0x00, 0xC0, 0x23, 0x00, 0x00, 0x00, 0x06, 0x00,
	0x35, 0x60, 0x91, 0x00, 0x00, 0x60, 0x24, 0x00, 0x00, 0x00, 0x06, 0x00, 0x35, 0x61, 0x91, 0x00,
	0x00, 0x60, 0x24, 0x00, 0x00, 0x00, 0x06, 0x00, 0x35, 0xB0, 0x91, 0x00, 0x00, 0x60, 0x24, 0x00,
	0x00, 0x00, 0x06, 0x00, 0x35, 0xB1, 0x91, 0x00, 0x00, 0x60, 0x24, 0x00, 0x00, 0x00, 0x06, 0x00,
	0x35, 0x00, 0x92, 0x00, 0x00, 0x00, 0x25, 0x00, 0x00, 0x00, 0x06, 0x00, 0x35, 0x01, 0x92, 0x00,
	0x00, 0x00, 0x25, 0x00, 0x00, 0x00, 0x06, 0x00, 0x35, 0x50, 0x92, 0x00, 0x00, 0x00, 0x25, 0x00,
	0x00, 0x00, 0x06, 0x00, 0x35, 0x51, 0x92, 0x00, 0x00, 0x00, 0x25, 0x00, 0x00, 0x00, 0x06, 0x00,
	0x35, 0xA0, 0x92, 0x00, 0x00, 0xA0, 0x25, 0x00, 0x00, 0x00, 0x06, 0x00, 0x35, 0xA1, 0x92, 0x00,
	0x00, 0xA0, 0x25, 0x00, 0x00, 0x00, 0x06, 0x00, 0x35, 0xF0, 0x92, 0x00, 0x00, 0xA0, 0x25, 0x00,
	0x00, 0x00, 0x06, 0x00, 0x35, 0xF1, 0x92, 0x00, 0x00, 0xA0, 0x25, 0x00, 0x00, 0x00, 0x06, 0x00,
	0x35, 0x40, 0x93, 0x00, 0x00, 0x40, 0x26, 0x00, 0x00, 0x00, 0x06, 0x00, 0x35, 0x41, 0x93, 0x00,
	0x00, 0x40, 0x26, 0x00, 0x00, 0x00, 0x06, 0x00, 0x35, 0x90, 0x93, 0x00, 0x00, 0x40, 0x26, 0x00,
	0x00, 0x00, 0x06, 0x00, 0x35, 0x91, 0x93, 0x00, 0x00, 0x40, 0x26, 0x00, 0x00, 0x00, 0x06, 0x00,
	0x35, 0xE0, 0x93, 0x00, 0x00, 0xE0, 0x26, 0x00, 0x00, 0x00, 0x06, 0x00, 0x35, 0xE1, 0x93, 0x00,
	0x00, 0xE0, 0x26, 0x00, 0x00, 0x00, 0x06, 0x00, 0x35, 0x30, 0x90, 0x00, 0x00, 0xE0, 0x26, 0x00,
	0x00, 0x00, 0x08, 0x00, 0x35, 0x31, 0x90, 0x00, 0x00, 0xE0, 0x26, 0x00, 0x00, 0x00, 0x08, 0x00,
	0x35, 0x80, 0x90, 0x00, 0x00, 0x80, 0x27, 0x00, 0x00, 0x00, 0x08, 0x00, 0x35, 0x81, 0x90, 0x00,
	0x00, 0x80, 0x27, 0x00, 0x00, 0x00, 0x08, 0x00, 0x35, 0xD0, 0x90, 0x00, 0x00, 0x80, 0x27, 0x00,
	0x00, 0x00, 0x08, 0x00, 0x35, 0xD1, 0x90, 0x00, 0x00, 0x80, 0x27, 0x00, 0x00, 0x00, 0x08, 0x00,
	0x35, 0x20, 0x91, 0x00, 0x00, 0x20, 0x28, 0x00, 0x00, 0x00, 0x08, 0x00, 0x35, 0x21, 0x91, 0x00,
	0x00, 0x20, 0x28, 0x00, 0x00, 0x00, 0x08, 0x00, 0x35, 0x70, 0x91, 0x00, 0x00, 0x20, 0x28, 0x00,
	0x00, 0x00, 0x08, 0x00, 0x35, 0x71, 0x91, 0x00, 0x00, 0x20, 0x28, 0x00, 0x00, 0x00, 0x08, 0x00,
	0x35, 0xC0, 0x91, 0x00, 0x00, 0xC0, 0x28, 0x00, 0x00, 0x00, 0x08, 0x00, 0x35, 0xC1, 0x91, 0x00,
	0x00, 0xC0, 0x28, 0x00, 0x00, 0x00, 0x08, 0x00, 0x35, 0x10, 0x92, 0x00, 0x00, 0xC0, 0x28, 0x00,
	0x00, 0x00, 0x08, 0x00, 0x35, 0x11, 0x92, 0x00, 0x00, 0xC0, 0x28, 0x00, 0x00, 0x00, 0x08, 0x00,
	0x35, 0x60, 0x92, 0x00, 0x00, 0x60, 0x29, 0x00, 0x00, 0x00, 0x08, 0x00, 0x35, 0x61, 0x92, 0x00,
	0x00, 0x60, 0x29, 0x00, 0x00, 0x00, 0x08, 0x00, 0x35, 0xB0, 0x92, 0x00, 0x00, 0x60, 0x29, 0x00,
	0x00, 0x00, 0x08, 0x00, 0x35, 0xB1, 0x92, 0x00, 0x00, 0x60, 0x29, 0x00, 0x00, 0x00, 0x08, 0x00,
	0x35, 0x00, 0x93, 0x00, 0x00, 0x00, 0x2A, 0x00, 0x00, 0x00, 0x08, 0x00, 0x35, 0x01, 0x93, 0x00,
	0x00, 0x00, 0x2A, 0x00, 0x00, 0x00, 0x08, 0x00, 0x35, 0x50, 0x93, 0x00, 0x00, 0x00, 0x2A, 0x00,
	0x00, 0x00, 0x08, 0x00, 0x35, 0x51, 0x93, 0x00, 0x00, 0x00, 0x2A, 0x00, 0x00, 0x00, 0x08, 0x00,
	0x35, 0xA0, 0x93, 0x00, 0x00, 0xA0, 0x2A, 0x00, 0x00, 0x00, 0x08, 0x00, 0x35, 0xA1, 0x93, 0x00,
	0x00, 0xA0, 0x2A, 0x00, 0x00, 0x00, 0x08, 0x00, 0x35, 0xF0, 0x93, 0x00, 0x00, 0xA0, 0x2A, 0x00,
	0x00, 0x00, 0x08, 0x00, 0x35, 0xF1, 0x93, 0x00, 0x00, 0xA0, 0x2A, 0x00, 0x00, 0x00, 0x08, 0x00,
	0x35, 0x40, 0x90, 0x00, 0x00, 0x40, 0x2B, 0x00, 0x00, 0x00, 0x0A, 0x00, 0x35, 0x41, 0x90, 0x00,
	0x00, 0x40, 0x2B, 0x00, 0x00, 0x00, 0x0A, 0x00, 0x35, 0x90, 0x90, 0x00, 0x00, 0x40, 0x2B, 0x00,
	0x00, 0x00, 0x0A, 0x00, 0x35, 0x91, 0x90, 0x00, 0x00, 0x40, 0x2B, 0x00, 0x00, 0x00, 0x0A, 0x00,
	0x35, 0xE0, 0x90, 0x00, 0x00, 0xE0, 0x2B, 0x00, 0x00, 0x00, 0x0A, 0x00, 0x35, 0xE1, 0x90, 0x00,
	0x00, 0xE0, 0x2B, 0x00, 0x00, 0x00, 0x0A, 0x00, 0x35, 0x30, 0x91, 0x00, 0x00, 0xE0, 0x2B, 0x00,
	0x00, 0x00, 0x0A, 0x00, 0x35, 0x31, 0x91, 0x00, 0x00, 0xE0, 0x2B, 0x00, 0x00, 0x00, 0x0A, 0x00,
	0x35, 0x80, 0x91, 0x00, 0x00, 0x80, 0x2C, 0x00, 0x00, 0x00, 0x0A, 0x00, 0x35, 0x81, 0x91, 0x00,
	0x00, 0x80, 0x2C, 0x00, 0x00, 0x00, 0x0A, 0x00, 0x35, 0xD0, 0x91, 0x00, 0x00, 0x80, 0x2C, 0x00,
	0x00, 0x00, 0x0A, 0x00, 0x35, 0xD1, 0x91, 0x00, 0x00, 0x80, 0x2C, 0x00, 0x00, 0x00, 0x0A, 0x00,
	0x35, 0x20, 0x92, 0x00, 0x00, 0x20, 0x2D, 0x00, 0x00, 0x00, 0x0A, 0x00, 0x35, 0x21, 0x92, 0x00,
	0x00, 0x20, 0x2D, 0x00, 0x00, 0x00, 0x0A, 0x00, 0x35, 0x70, 0x92, 0x00, 0x00, 0x20, 0x2D, 0x00,
	0x00, 0x00, 0x0A, 0x00, 0x35, 0x71, 0x92, 0x00, 0x00, 0x20, 0x2D, 0x00, 0x00, 0x00, 0x0A, 0x00,
	0x35, 0xC0, 0x92, 0x00, 0x00, 0xC0, 0x2D, 0x00, 0x00, 0x00, 0x0A, 0x00, 0x35, 0xC1, 0x92, 0x00,
	0x00, 0xC0, 0x2D, 0x00, 0x00, 0x00, 0x0A, 0x00, 0x35, 0x10, 0x93, 0x00, 0x00, 0xC0, 0x2D, 0x00,
	0x00, 0x00, 0x0A, 0x00, 0x35, 0x11, 0x93, 0x00, 0x00, 0xC0, 0x2D, 0x00, 0x00, 0x00, 0x0A, 0x00,
	0x35, 0x60, 0x93, 0x00, 0x00, 0x60, 0x2E, 0x00, 0x00, 0x00, 0x0A, 0x00, 0x35, 0x61, 0x93, 0x00,
	0x00, 0x60, 0x2E, 0x00, 0x00, 0x00, 0x0A, 0x00, 0x35, 0xB0, 0x93, 0x00, 0x00, 0x60, 0x2E, 0x00,
	0x00, 0x00, 0x0A, 0x00, 0x35, 0xB1, 0x93, 0x00, 0x00, 0x60, 0x2E, 0x00, 0x00, 0x00, 0x0A, 0x00,
	0x2E, 0x00, 0x31, 0x00, 0x00, 0x00, 0xE0, 0x81, 0x00, 0x58, 0x11, 0x00, 0x00, 0x00, 0x00, 0x00,
	0x00, 0x00, 0x00, 0x00, 0x00, 0x00, 0x00, 0x00, 0x00, 0x00, 0x14, 0x00, 0x00, 0x00, 0x00, 0x00,
	0x00, 0x00, 0x00, 0x00, 0x00, 0x00, 0x00, 0x00, 0x00, 0x00, 0x00, 0x00, 0x00, 0x00, 0x00, 0x00,
	0x00, 0x00, 0x14, 0x00, 0x00, 0x00, 0x00, 0x00, 0x00, 0x00, 0x00, 0x00, 0x0E, 0x00, 0x44, 0x00,
	0x00, 0x00, 0xE0, 0x01, 0x00, 0xF0, 0x0F, 0x00, 0x40, 0xB4, 0x6D, 0x00, 0x00, 0x00, 0x00, 0x00,
	0x00, 0x00, 0x00, 0x00, 0xDC, 0x00, 0x8E, 0xC0, 0x00, 0x00, 0x00, 0x00, 0x00, 0x00, 0xC0, 0x0B,
	0x2E, 0x00, 0x46, 0x00, 0x00, 0x00, 0xE0, 0xC1, 0x00, 0x70, 0x17, 0x00, 0x00, 0x00, 0x00, 0x00,
	0x00, 0x00, 0x00, 0x00, 0x00, 0x00, 0x00, 0x00, 0x00, 0x00, 0x14, 0x00, 0x00, 0x00, 0x00, 0x00,
	0x00, 0x00, 0x00, 0x00, 0x0E, 0x00, 0x44, 0x00, 0x00, 0x00, 0xE0, 0x01, 0x00, 0x40, 0x10, 0x00,
	0x40, 0xB4, 0x6D, 0x00, 0x00, 0x00, 0x00, 0x00, 0x00, 0x00, 0x00, 0x00, 0xDC, 0x00, 0x8E, 0xC0,
	0x00, 0x00, 0x00, 0x00, 0x00, 0x00, 0xC0, 0x0B, 0x2E, 0x00, 0x46, 0x00, 0x00, 0x00, 0xE0, 0xC1,
	0x00, 0xC0, 0x17, 0x00, 0x00, 0x00, 0x00, 0x00, 0x00, 0x00, 0x00, 0x00, 0x00, 0x00, 0x00, 0x00,
	0x00, 0x00, 0x14, 0x00, 0x00, 0x00, 0x00, 0x00, 0x00, 0x00, 0x00, 0x00, 0x0E, 0x00, 0x44, 0x00,
	0x00, 0x00, 0xE0, 0x01, 0x00, 0x90, 0x10, 0x00, 0x40, 0xB4, 0x6D, 0x00, 0x00, 0x00, 0x00, 0x00,
	0x00, 0x00, 0x00, 0x00, 0xDC, 0x00, 0x8E, 0xC0, 0x00, 0x00, 0x00, 0x00, 0x00, 0x00, 0xC0, 0x0B,
	0x2E, 0x00, 0x46, 0x00, 0x00, 0x00, 0xE0, 0xC1, 0x00, 0x10, 0x18, 0x00, 0x00, 0x00, 0x00, 0x00,
	0x00, 0x00, 0x00, 0x00, 0x00, 0x00, 0x00, 0x00, 0x00, 0x00, 0x14, 0x00, 0x00, 0x00, 0x00, 0x00,
	0x00, 0x00, 0x00, 0x00, 0x0E, 0x00, 0x44, 0x00, 0x00, 0x00, 0xE0, 0x01, 0x00, 0xE0, 0x10, 0x00,
	0x40, 0xB4, 0x6D, 0x00, 0x00, 0x00, 0x00, 0x00, 0x00, 0x00, 0x00, 0x00, 0xDC, 0x00, 0x8E, 0xC0,
	0x00, 0x00, 0x00, 0x00, 0x00, 0x00, 0xC0, 0x0B, 0x2E, 0x00, 0x46, 0x00, 0x00, 0x00, 0xE0, 0xC1,
	0x00, 0x60, 0x18, 0x00, 0x00, 0x00, 0x00, 0x00, 0x00, 0x00, 0x00, 0x00, 0x00, 0x00, 0x00, 0x00,
	0x00, 0x00, 0x14, 0x00, 0x00, 0x00, 0x00, 0x00, 0x00, 0x00, 0x00, 0x00, 0x0E, 0x00, 0x44, 0x00,
	0x00, 0x00, 0xE0, 0x01, 0x00, 0x30, 0x11, 0x00, 0x40, 0xB4, 0x6D, 0x00, 0x00, 0x00, 0x00, 0x00,
	0x00, 0x00, 0x00, 0x00, 0xDC, 0x00, 0x8E, 0xC0, 0x00, 0x00, 0x00, 0x00, 0x00, 0x00, 0xC0, 0x0B,
	0x2E, 0x00, 0x46, 0x00, 0x00, 0x00, 0xE0, 0xC1, 0x00, 0xB0, 0x18, 0x00, 0x00, 0x00, 0x00, 0x00,
	0x00, 0x00, 0x00, 0x00, 0x00, 0x00, 0x00, 0x00, 0x00, 0x00, 0x14, 0x00, 0x00, 0x00, 0x00, 0x00,
	0x00, 0x00, 0x00, 0x00, 0x0E, 0x00, 0x44, 0x00, 0x00, 0x00, 0xE0, 0x01, 0x00, 0x80, 0x11, 0x00,
	0x40, 0xB4, 0x6D, 0x00, 0x00, 0x00, 0x00, 0x00, 0x00, 0x00, 0x00, 0x00, 0xDC, 0x00, 0x8E, 0xC0,
	0x00, 0x00, 0x00, 0x00, 0x00, 0x00, 0xC0, 0x0B, 0x2E, 0x00, 0x46, 0x00, 0x00, 0x00, 0xE0, 0xC1,
	0x00, 0x00, 0x19, 0x00, 0x00, 0x00, 0x00, 0x00, 0x00, 0x00, 0x00, 0x00, 0x00, 0x00, 0x00, 0x00,
	0x00, 0x00, 0x14, 0x00, 0x00, 0x00, 0x00, 0x00, 0x00, 0x00, 0x00, 0x00, 0x00, 0x00, 0x00, 0x00,
	0x00, 0x00, 0x00, 0x00, 0x00, 0x00, 0x00, 0x00, 0x00, 0x00, 0x14, 0x00, 0x00, 0x00, 0x00, 0x00,
	0x00, 0x00, 0x00, 0x00, 0x0E, 0x00, 0x54, 0x00, 0x00, 0x00, 0x78, 0x00, 0x00, 0xC0, 0x03, 0x00,
	0x40, 0x07, 0x60, 0x00, 0x00, 0x00, 0x00, 0x00, 0x00, 0x00, 0x00, 0x00, 0xDC, 0x80, 0xAC, 0x00,
	0x01, 0x00, 0x00, 0x00, 0x00, 0x00, 0xC0, 0x0B, 0x2E, 0x80, 0x54, 0x00, 0x00, 0x00, 0x78, 0x00,
	0x01, 0x00, 0x00, 0x00, 0x00, 0x00, 0x00, 0x00, 0x00, 0x00, 0x00, 0x00, 0x00, 0x00, 0x00, 0x00,
	0x00, 0x00, 0x14, 0x00, 0x00, 0x00, 0x00, 0x00, 0x00, 0x00, 0x00, 0x00, 0x0E, 0x00, 0x54, 0x00,
	0x00, 0x00, 0x78, 0x00, 0x00, 0xFC, 0x03, 0x00, 0x40, 0x07, 0x60, 0x00, 0x00, 0x00, 0x00, 0x00,
	0x00, 0x00, 0x00, 0x00, 0xDC, 0x80, 0xAC, 0x00, 0x01, 0x00, 0x00, 0x00, 0x00, 0x00, 0xC0, 0x0B,
	0x2E, 0x80, 0x54, 0x00, 0x00, 0x00, 0x78, 0x00, 0x01, 0x3C, 0x00, 0x00, 0x00, 0x00, 0x00, 0x00,
	0x00, 0x00, 0x00, 0x00, 0x00, 0x00, 0x00, 0x00, 0x00, 0x00, 0x14, 0x00, 0x00, 0x00, 0x00, 0x00,
	0x00, 0x00, 0x00, 0x00, 0x00, 0x00, 0x00, 0x00, 0x00, 0x00, 0x00, 0x00, 0x00, 0x00, 0x00, 0x00,
	0x00, 0x00, 0x14, 0x00, 0x00, 0x00, 0x00, 0x00, 0x00, 0x00, 0x00, 0x00, 0x0E, 0x00, 0x44, 0x00,
	0x00, 0x00, 0xE0, 0x01, 0x00, 0x80, 0x07, 0x00, 0x40, 0x85, 0x71, 0x00, 0x00, 0x00, 0x00, 0x00,
	0x00, 0x00, 0x00, 0x00, 0xDC, 0x00, 0x8E, 0xC0, 0x00, 0x00, 0x00, 0x00, 0x00, 0x00, 0xC0, 0x0B,
	0x2E, 0x00, 0x46, 0x00, 0x00, 0x00, 0xE0, 0xC1, 0x00, 0xF0, 0x0F, 0x00, 0x00, 0x00, 0x00, 0x00,
	0x00, 0x00, 0x00, 0x00, 0x00, 0x00, 0x00, 0x00, 0x00, 0x00, 0x14, 0x00, 0x00, 0x00, 0x00, 0x00,
	0x00, 0x00, 0x00, 0x00, 0x0E, 0x00, 0x44, 0x00, 0x00, 0x00, 0xE0, 0x01, 0x00, 0xD0, 0x07, 0x00,
	0x40, 0x85, 0x71, 0x00, 0x00, 0x00, 0x00, 0x00, 0x00, 0x00, 0x00, 0x00, 0xDC, 0x00, 0x8E, 0xC0,
	0x00, 0x00, 0x00, 0x00, 0x00, 0x00, 0xC0, 0x0B, 0x2E, 0x00, 0x46, 0x00, 0x00, 0x00, 0xE0, 0xC1,
	0x00, 0x40, 0x10, 0x00, 0x00, 0x00, 0x00, 0x00, 0x00, 0x00, 0x00, 0x00, 0x00, 0x00, 0x00, 0x00,
	0x00, 0x00, 0x14, 0x00, 0x00, 0x00, 0x00, 0x00, 0x00, 0x00, 0x00, 0x00, 0x0E, 0x00, 0x44, 0x00,
	0x00, 0x00, 0xE0, 0x01, 0x00, 0x20, 0x08, 0x00, 0x40, 0x85, 0x71, 0x00, 0x00, 0x00, 0x00, 0x00,
	0x00, 0x00, 0x00, 0x00, 0xDC, 0x00, 0x8E, 0xC0, 0x00, 0x00, 0x00, 0x00, 0x00, 0x00, 0xC0, 0x0B,
	0x2E, 0x00, 0x46, 0x00, 0x00, 0x00, 0xE0, 0xC1, 0x00, 0x90, 0x10, 0x00, 0x00, 0x00, 0x00, 0x00,
	0x00, 0x00, 0x00, 0x00, 0x00, 0x00, 0x00, 0x00, 0x00, 0x00, 0x14, 0x00, 0x00, 0x00, 0x00, 0x00,
	0x00, 0x00, 0x00, 0x00, 0x0E, 0x00, 0x44, 0x00, 0x00, 0x00, 0xE0, 0x01, 0x00, 0x70, 0x08, 0x00,
	0x40, 0x85, 0x71, 0x00, 0x00, 0x00, 0x00, 0x00, 0x00, 0x00, 0x00, 0x00, 0xDC, 0x00, 0x8E, 0xC0,
	0x00, 0x00, 0x00, 0x00, 0x00, 0x00, 0xC0, 0x0B, 0x2E, 0x00, 0x46, 0x00, 0x00, 0x00, 0xE0, 0xC1,
	0x00, 0xE0, 0x10, 0x00, 0x00, 0x00, 0x00, 0x00, 0x00, 0x00, 0x00, 0x00, 0x00, 0x00, 0x00, 0x00,
	0x00, 0x00, 0x14, 0x00, 0x00, 0x00, 0x00, 0x00, 0x00, 0x00, 0x00, 0x00, 0x0E, 0x00, 0x44, 0x00,
	0x00, 0x00, 0xE0, 0x01, 0x00, 0xC0, 0x08, 0x00, 0x40, 0x85, 0x71, 0x00, 0x00, 0x00, 0x00, 0x00,
	0x00, 0x00, 0x00, 0x00, 0xDC, 0x00, 0x8E, 0xC0, 0x00, 0x00, 0x00, 0x00, 0x00, 0x00, 0xC0, 0x0B,
	0x2E, 0x00, 0x46, 0x00, 0x00, 0x00, 0xE0, 0xC1, 0x00, 0x30, 0x11, 0x00, 0x00, 0x00, 0x00, 0x00,
	0x00, 0x00, 0x00, 0x00, 0x00, 0x00, 0x00, 0x00, 0x00, 0x00, 0x14, 0x00, 0x00, 0x00, 0x00, 0x00,
	0x00, 0x00, 0x00, 0x00, 0x0E, 0x00, 0x44, 0x00, 0x00, 0x00, 0xE0, 0x01, 0x00, 0x10, 0x09, 0x00,
	0x40, 0x85, 0x71, 0x00, 0x00, 0x00, 0x00, 0x00, 0x00, 0x00, 0x00, 0x00, 0xDC, 0x00, 0x8E, 0xC0,
	0x00, 0x00, 0x00, 0x00, 0x00, 0x00, 0xC0, 0x0B, 0x2E, 0x00, 0x46, 0x00, 0x00, 0x00, 0xE0, 0xC1,
	0x00, 0x80, 0x11, 0x00, 0x00, 0x00, 0x00, 0x00, 0x00, 0x00, 0x00, 0x00, 0x00, 0x00, 0x00, 0x00,
	0x00, 0x00, 0x14, 0x00, 0x00, 0x00, 0x00, 0x00, 0x00, 0x00, 0x00, 0x00, 0x00, 0x00, 0x00, 0x00,
	0x00, 0x00, 0x00, 0x00, 0x00, 0x00, 0x00, 0x00, 0x00, 0x00, 0x14, 0x00, 0x00, 0x00, 0x00, 0x00,
	0x00, 0x00, 0x00, 0x00, 0x0E, 0x00, 0x54, 0x00, 0x00, 0x00, 0xE0, 0x01, 0x00, 0x70, 0x17, 0x00,
	0x0D, 0x00, 0x11, 0x01, 0x00, 0x00, 0x00, 0x00, 0x00, 0x00, 0x04, 0x00, 0x0E, 0x00, 0x54, 0x00,
	0x00, 0x00, 0xE0, 0x01, 0x00, 0xF0, 0x0F, 0x00, 0x0D, 0x80, 0x10, 0x01, 0x00, 0x00, 0x00, 0x00,
	0x00, 0x00, 0x08, 0x00, 0x2E, 0x00, 0x51, 0x00, 0x00, 0x00, 0xE0, 0x81, 0x00, 0xF0, 0x1E, 0x00,
	0x00, 0x00, 0x00, 0x00, 0x00, 0x00, 0x00, 0x00, 0x00, 0x00, 0x00, 0x00, 0x00, 0x00, 0x14, 0x00,
	0x00, 0x00, 0x00, 0x00, 0x00, 0x00, 0x00, 0x00, 0x0E, 0x00, 0x54, 0x00, 0x00, 0x00, 0xE0, 0x01,
	0x00, 0xAC, 0x17, 0x00, 0x0D, 0x00, 0x11, 0x01, 0x00, 0x00, 0x00, 0x00, 0x00, 0x00, 0x04, 0x00,
	0x0E, 0x00, 0x54, 0x00, 0x00, 0x00, 0xE0, 0x01, 0x00, 0x2C, 0x10, 0x00, 0x0D, 0x80, 0x10, 0x01,
	0x00, 0x00, 0x00, 0x00, 0x00, 0x00, 0x08, 0x00, 0x2E, 0x00, 0x51, 0x00, 0x00, 0x00, 0xE0, 0x81,
	0x00, 0x2C, 0x1F, 0x00, 0x00, 0x00, 0x00, 0x00, 0x00, 0x00, 0x00, 0x00, 0x00, 0x00, 0x00, 0x00,
	0x00, 0x00, 0x14, 0x00, 0x00, 0x00, 0x00, 0x00, 0x00, 0x00, 0x00, 0x00, 0x0E, 0x00, 0x54, 0x00,
	0x00, 0x00, 0xE0, 0x01, 0x00, 0xE8, 0x17, 0x00, 0x0D, 0x00, 0x11, 0x01, 0x00, 0x00, 0x00, 0x00,
	0x00, 0x00, 0x04, 0x00, 0x0E, 0x00, 0x54, 0x00, 0x00, 0x00, 0xE0, 0x01, 0x00, 0x68, 0x10, 0x00,
	0x0D, 0x80, 0x10, 0x01, 0x00, 0x00, 0x00, 0x00, 0x00, 0x00, 0x08, 0x00, 0x2E, 0x00, 0x51, 0x00,
	0x00, 0x00, 0xE0, 0x81, 0x00, 0x68, 0x1F, 0x00, 0x00, 0x00, 0x00, 0x00, 0x00, 0x00, 0x00, 0x00,
	0x00, 0x00, 0x00, 0x00, 0x00, 0x00, 0x14, 0x00, 0x00, 0x00, 0x00, 0x00, 0x00, 0x00, 0x00, 0x00,
	0x0E, 0x00, 0x54, 0x00, 0x00, 0x00, 0xE0, 0x01, 0x00, 0x24, 0x18, 0x00, 0x0D, 0x00, 0x11, 0x01,
	0x00, 0x00, 0x00, 0x00, 0x00, 0x00, 0x04, 0x00, 0x0E, 0x00, 0x54, 0x00, 0x00, 0x00, 0xE0, 0x01,
	0x00, 0xA4, 0x10, 0x00, 0x0D, 0x80, 0x10, 0x01, 0x00, 0x00, 0x00, 0x00, 0x00, 0x00, 0x08, 0x00,
	0x2E, 0x00, 0x51, 0x00, 0x00, 0x00, 0xE0, 0x81, 0x00, 0xA4, 0x1F, 0x00, 0x00, 0x00, 0x00, 0x00,
	0x00, 0x00, 0x00, 0x00, 0x00, 0x00, 0x00, 0x00, 0x00, 0x00, 0x14, 0x00, 0x00, 0x00, 0x00, 0x00,
	0x00, 0x00, 0x00, 0x00, 0x0E, 0x00, 0x54, 0x00, 0x00, 0x00, 0xE0, 0x01, 0x00, 0x60, 0x18, 0x00,
	0x0D, 0x00, 0x11, 0x01, 0x00, 0x00, 0x00, 0x00, 0x00, 0x00, 0x04, 0x00, 0x0E, 0x00, 0x54, 0x00,
	0x00, 0x00, 0xE0, 0x01, 0x00, 0xE0, 0x10, 0x00, 0x0D, 0x80, 0x10, 0x01, 0x00, 0x00, 0x00, 0x00,
	0x00, 0x00, 0x08, 0x00, 0x2E, 0x00, 0x51, 0x00, 0x00, 0x00, 0xE0, 0x81, 0x00, 0xE0, 0x1F, 0x00,
	0x00, 0x00, 0x00, 0x00, 0x00, 0x00, 0x00, 0x00, 0x00, 0x00, 0x00, 0x00, 0x00, 0x00, 0x14, 0x00,
	0x00, 0x00, 0x00, 0x00, 0x00, 0x00, 0x00, 0x00, 0x0E, 0x00, 0x54, 0x00, 0x00, 0x00, 0xE0, 0x01,
	0x00, 0x9C, 0x18, 0x00, 0x0D, 0x00, 0x11, 0x01, 0x00, 0x00, 0x00, 0x00, 0x00, 0x00, 0x04, 0x00,
	0x0E, 0x00, 0x54, 0x00, 0x00, 0x00, 0xE0, 0x01, 0x00, 0x1C, 0x11, 0x00, 0x0D, 0x80, 0x10, 0x01,
	0x00, 0x00, 0x00, 0x00, 0x00, 0x00, 0x08, 0x00, 0x2E, 0x00, 0x51, 0x00, 0x00, 0x00, 0xE0, 0x81,
	0x00, 0x1C, 0x20, 0x00, 0x00, 0x00, 0x00, 0x00, 0x00, 0x00, 0x00, 0x00, 0x00, 0x00, 0x00, 0x00,
	0x00, 0x00, 0x14, 0x00, 0x00, 0x00, 0x00, 0x00, 0x00, 0x00, 0x00, 0x00, 0x0E, 0x00, 0x54, 0x00,
	0x00, 0x00, 0xE0, 0x01, 0x00, 0xD8, 0x18, 0x00, 0x0D, 0x00, 0x11, 0x01, 0x00, 0x00, 0x00, 0x00,
	0x00, 0x00, 0x04, 0x00, 0x0E, 0x00, 0x54, 0x00, 0x00, 0x00, 0xE0, 0x01, 0x00, 0x58, 0x11, 0x00,
	0x0D, 0x80, 0x10, 0x01, 0x00, 0x00, 0x00, 0x00, 0x00, 0x00, 0x08, 0x00, 0x2E, 0x00, 0x51, 0x00,
	0x00, 0x00, 0xE0, 0x81, 0x00, 0x58, 0x20, 0x00, 0x00, 0x00, 0x00, 0x00, 0x00, 0x00, 0x00, 0x00,
	0x00, 0x00, 0x00, 0x00, 0x00, 0x00, 0x14, 0x00, 0x00, 0x00, 0x00, 0x00, 0x00, 0x00, 0x00, 0x00,
	0x0E, 0x00, 0x54, 0x00, 0x00, 0x00, 0xE0, 0x01, 0x00, 0x14, 0x19, 0x00, 0x0D, 0x00, 0x11, 0x01,
	0x00, 0x00, 0x00, 0x00, 0x00, 0x00, 0x04, 0x00, 0x0E, 0x00, 0x54, 0x00, 0x00, 0x00, 0xE0, 0x01,
	0x00, 0x94, 0x11, 0x00, 0x0D, 0x80, 0x10, 0x01, 0x00, 0x00, 0x00, 0x00, 0x00, 0x00, 0x08, 0x00,
	0x2E, 0x00, 0x51, 0x00, 0x00, 0x00, 0xE0, 0x81, 0x00, 0x94, 0x20, 0x00, 0x00, 0x00, 0x00, 0x00,
	0x00, 0x00, 0x00, 0x00, 0x00, 0x00, 0x00, 0x00, 0x00, 0x00, 0x14, 0x00, 0x00, 0x00, 0x00, 0x00,
	0x00, 0x00, 0x00, 0x00, 0x00, 0x00, 0x00, 0x00, 0x00, 0x00, 0x00, 0x00, 0x00, 0x00, 0x00, 0x00,
	0x00, 0x00, 0x14, 0x00, 0x00, 0x00, 0x00, 0x00, 0x00, 0x00, 0x00, 0x00, 0x0E, 0x80, 0x97, 0x00,
	0x00, 0x00, 0xE0, 0x81, 0x00, 0xF0, 0x1E, 0x00, 0x28, 0x00, 0x00, 0x00, 0x00, 0x00, 0x00, 0x00,
	0x00, 0x00, 0x00, 0x00, 0x38, 0x00, 0x00, 0x00, 0x00, 0x00, 0x00, 0x00, 0x00, 0x00, 0x44, 0x33,
	0x16, 0x00, 0x00, 0x00, 0x00, 0x00, 0x80, 0x00, 0x00, 0x88, 0x47, 0x00, 0x26, 0x00, 0x00, 0x00,
	0x02, 0x00, 0x02, 0x00, 0x00, 0x64, 0x00, 0x00, 0x29, 0x00, 0x14, 0x19, 0x1D, 0x70, 0x01, 0x00,
	0x00, 0x80, 0x00, 0x00, 0x16, 0x20, 0x01, 0x00, 0x00, 0x00, 0x80, 0x00, 0x10, 0xA8, 0x47, 0x00,
	0x26, 0x00, 0x00, 0x00, 0x00, 0x00, 0x02, 0x00, 0x3C, 0x65, 0x00, 0x00, 0x29, 0x0C, 0x14, 0x19,
	0x1D, 0x70, 0x01, 0x12, 0x7C, 0x80, 0x20, 0x00, 0x28, 0x00, 0x00, 0x00, 0x00, 0x00, 0x00, 0x00,
	0x00, 0x00, 0x00, 0x00, 0x38, 0x00, 0x00, 0x00, 0x00, 0x00, 0x00, 0x00, 0x00, 0x00, 0x44, 0x33,
	0x16, 0x00, 0x00, 0x00, 0x00, 0x00, 0x20, 0x00, 0x00, 0xC8, 0x47, 0x00, 0x26, 0x00, 0x00, 0x00,
	0x02, 0x00, 0x02, 0x00, 0x14, 0x65, 0x00, 0x00, 0x29, 0xA7, 0x14, 0x1D, 0x1D, 0x00, 0x00, 0x00,
	0x14, 0x80, 0x00, 0x00, 0x16, 0x20, 0x01, 0x00, 0x00, 0x00, 0x20, 0x00, 0x10, 0xD0, 0x47, 0x00,
	0x26, 0x00, 0x00, 0x00, 0x00, 0x00, 0x02, 0x00, 0x28, 0x66, 0x00, 0x00, 0x29, 0xB3, 0x14, 0x1D,
	0x1D, 0x00, 0x00, 0x12, 0x68, 0x80, 0x20, 0x00, 0x28, 0x00, 0x00, 0x00, 0x00, 0x00, 0x00, 0x00,
	0x00, 0x00, 0x00, 0x00, 0x38, 0x00, 0x00, 0x00, 0x00, 0x00, 0x00, 0x00, 0x00, 0x00, 0x86, 0x33,
	0x16, 0x00, 0x00, 0x00, 0x00, 0x00, 0x20, 0x01, 0x00, 0xD8, 0x47, 0x00, 0x26, 0x00, 0x00, 0x00,
	0x02, 0x00, 0x02, 0x00, 0x00, 0x66, 0x00, 0x00, 0x29, 0x00, 0x44, 0x1C, 0x21, 0x9C, 0x02, 0x00,
	0x00, 0x80, 0x00, 0x00, 0x16, 0x20, 0x01, 0x00, 0x00, 0x00, 0x20, 0x01, 0x10, 0x20, 0x48, 0x00,
	0x26, 0x00, 0x00, 0x00, 0x00, 0x00, 0x02, 0x00, 0x3C, 0x67, 0x00, 0x00, 0x29, 0x0A, 0x44, 0x1C,
	0x21, 0x9C, 0x02, 0x12, 0x7C, 0x80, 0x00, 0x00, 0x40, 0x2C, 0x72, 0x00, 0x00, 0x00, 0x00, 0x00,
	0x00, 0x00, 0x00, 0x00, 0xDC, 0x80, 0x21, 0x41, 0x01, 0x00, 0x00, 0x00, 0x00, 0x00, 0xC0, 0x0B,
	0x2E, 0x80, 0x99, 0x00, 0x00, 0x00, 0xE0, 0x41, 0x01, 0xE0, 0x01, 0x00, 0x00, 0x00, 0x00, 0x00,
	0x00, 0x00, 0x00, 0x00, 0x00, 0x00, 0x00, 0x00, 0x00, 0x00, 0x14, 0x00, 0x00, 0x00, 0x00, 0x00,
	0x00, 0x00, 0x00, 0x00, 0x0E, 0x00, 0x51, 0x00, 0x00, 0x00, 0xE0, 0x81, 0x00, 0x0E, 0x1F, 0x00,
	0x28, 0x00, 0x00, 0x00, 0x00, 0x00, 0x00, 0x00, 0x00, 0x00, 0x00, 0x00, 0x38, 0x00, 0x00, 0x00,
	0x00, 0x00, 0x00, 0x00, 0x00, 0x00, 0x44, 0x33, 0x16, 0x00, 0x00, 0x00, 0x00, 0x00, 0x80, 0x00,
	0x00, 0x88, 0x47, 0x00, 0x26, 0x00, 0x00, 0x00, 0x02, 0x00, 0x02, 0x00, 0x14, 0x64, 0x00, 0x00,
	0x29, 0x00, 0x24, 0x29, 0x1D, 0x20, 0x01, 0x00, 0x14, 0x80, 0x00, 0x00, 0x16, 0x20, 0x01, 0x00,
	0x00, 0x00, 0x80, 0x00, 0x10, 0xA8, 0x47, 0x00, 0x26, 0x00, 0x00, 0x00, 0x00, 0x00, 0x02, 0x00,
	0x28, 0x65, 0x00, 0x00, 0x29, 0x0F, 0x24, 0x29, 0x1D, 0x20, 0x01, 0x12, 0x68, 0x80, 0x00, 0x00,
	0x28, 0x00, 0x00, 0x00, 0x00, 0x00, 0x00, 0x00, 0x00, 0x00, 0x00, 0x00, 0x38, 0x00, 0x00, 0x00,
	0x00, 0x00, 0x00, 0x00, 0x00, 0x00, 0x44, 0x33, 0x16, 0x00, 0x00, 0x00, 0x00, 0x00, 0x20, 0x00,
	0x00, 0xC8, 0x47, 0x00, 0x26, 0x00, 0x00, 0x00, 0x02, 0x00, 0x02, 0x00, 0x00, 0x65, 0x00, 0x00,
	0x29, 0xA2, 0x24, 0x2D, 0x1D, 0x00, 0x00, 0x00, 0x00, 0x80, 0x00, 0x00, 0x16, 0x20, 0x01, 0x00,
	0x00, 0x00, 0x20, 0x00, 0x10, 0xD0, 0x47, 0x00, 0x26, 0x00, 0x00, 0x00, 0x00, 0x00, 0x02, 0x00,
	0x3C, 0x66, 0x00, 0x00, 0x29, 0xB1, 0x24, 0x2D, 0x1D, 0x00, 0x00, 0x12, 0x7C, 0x80, 0x00, 0x00,
	0x28, 0x00, 0x00, 0x00, 0x00, 0x00, 0x00, 0x00, 0x00, 0x00, 0x00, 0x00, 0x38, 0x00, 0x00, 0x00,
	0x00, 0x00, 0x00, 0x00, 0x00, 0x00, 0x86, 0x33, 0x16, 0x00, 0x00, 0x00, 0x00, 0x00, 0x20, 0x01,
	0x00, 0xD8, 0x47, 0x00, 0x26, 0x00, 0x00, 0x00, 0x02, 0x00, 0x02, 0x00, 0x14, 0x66, 0x00, 0x00,
	0x29, 0x00, 0x44, 0x2C, 0x25, 0x88, 0x02, 0x00, 0x14, 0x80, 0x00, 0x00, 0x16, 0x20, 0x01, 0x00,
	0x00, 0x00, 0x20, 0x01, 0x10, 0x20, 0x48, 0x00, 0x26, 0x00, 0x00, 0x00, 0x00, 0x00, 0x02, 0x00,
	0x28, 0x67, 0x00, 0x00, 0x29, 0x0A, 0x44, 0x2C, 0x25, 0x88, 0x02, 0x12, 0x68, 0x80, 0x00, 0x00,
	0x40, 0x2C, 0x72, 0x00, 0x00, 0x00, 0x00, 0x00, 0x00, 0x00, 0x00, 0x00, 0xDC, 0x80, 0x21, 0x41,
	0x01, 0x00, 0x00, 0x00, 0x00, 0x00, 0xC0, 0x0B, 0x2E, 0x80, 0x99, 0x00, 0x00, 0x00, 0xE0, 0x41,
	0x01, 0x08, 0x02, 0x00, 0x00, 0x00, 0x00, 0x00, 0x00, 0x00, 0x00, 0x00, 0x00, 0x00, 0x00, 0x00,
	0x00, 0x00, 0x14, 0x00, 0x00, 0x00, 0x00, 0x00, 0x00, 0x00, 0x00, 0x00, 0x0E, 0x00, 0x51, 0x00,
	0x00, 0x00, 0xE0, 0x81, 0x00, 0x36, 0x1F, 0x00, 0x28, 0x00, 0x00, 0x00, 0x00, 0x00, 0x00, 0x00,
	0x00, 0x00, 0x00, 0x00, 0x38, 0x00, 0x00, 0x00, 0x00, 0x00, 0x00, 0x00, 0x00, 0x00, 0x44, 0x33,
	0x16, 0x00, 0x00, 0x00, 0x00, 0x00, 0x80, 0x00, 0x00, 0x88, 0x47, 0x00, 0x26, 0x00, 0x00, 0x00,
	0x02, 0x00, 0x02, 0x00, 0x00, 0x64, 0x00, 0x00, 0x29, 0x00, 0x24, 0x29, 0x1D, 0x20, 0x01, 0x00,
	0x00, 0x80, 0x00, 0x00, 0x16, 0x20, 0x01, 0x00, 0x00, 0x00, 0x80, 0x00, 0x10, 0xA8, 0x47, 0x00,
	0x26, 0x00, 0x00, 0x00, 0x00, 0x00, 0x02, 0x00, 0x3C, 0x65, 0x00, 0x00, 0x29, 0x0F, 0x24, 0x29,
	0x1D, 0x20, 0x01, 0x12, 0x7C, 0x80, 0x00, 0x00, 0x28, 0x00, 0x00, 0x00, 0x00, 0x00, 0x00, 0x00,
	0x00, 0x00, 0x00, 0x00, 0x38, 0x00, 0x00, 0x00, 0x00, 0x00, 0x00, 0x00, 0x00, 0x00, 0x44, 0x33,
	0x16, 0x00, 0x00, 0x00, 0x00, 0x00, 0x20, 0x00, 0x00, 0xC8, 0x47, 0x00, 0x26, 0x00, 0x00, 0x00,
	0x02, 0x00, 0x02, 0x00, 0x14, 0x65, 0x00, 0x00, 0x29, 0xA2, 0x24, 0x2D, 0x1D, 0x00, 0x00, 0x00,
	0x14, 0x80, 0x00, 0x00, 0x16, 0x20, 0x01, 0x00, 0x00, 0x00, 0x20, 0x00, 0x10, 0xD0, 0x47, 0x00,
	0x26, 0x00, 0x00, 0x00, 0x00, 0x00, 0x02, 0x00, 0x28, 0x66, 0x00, 0x00, 0x29, 0xB1, 0x24, 0x2D,
	0x1D, 0x00, 0x00, 0x12, 0x68, 0x80, 0x00, 0x00, 0x28, 0x00, 0x00, 0x00, 0x00, 0x00, 0x00, 0x00,
	0x00, 0x00, 0x00, 0x00, 0x38, 0x00, 0x00, 0x00, 0x00, 0x00, 0x00, 0x00, 0x00, 0x00, 0x86, 0x33,
	0x16, 0x00, 0x00, 0x00, 0x00, 0x00, 0x20, 0x01, 0x00, 0xD8, 0x47, 0x00, 0x26, 0x00, 0x00, 0x00,
	0x02, 0x00, 0x02, 0x00, 0x00, 0x66, 0x00, 0x00, 0x29, 0x00, 0x44, 0x2C, 0x25, 0x88, 0x02, 0x00,
	0x00, 0x80, 0x00, 0x00, 0x16, 0x20, 0x01, 0x00, 0x00, 0x00, 0x20, 0x01, 0x10, 0x20, 0x48, 0x00,
	0x26, 0x00, 0x00, 0x00, 0x00, 0x00, 0x02, 0x00, 0x3C, 0x67, 0x00, 0x00, 0x29, 0x0A, 0x44, 0x2C,
	0x25, 0x88, 0x02, 0x12, 0x7C, 0x80, 0x00, 0x00, 0x40, 0x2C, 0x72, 0x00, 0x00, 0x00, 0x00, 0x00,
	0x00, 0x00, 0x00, 0x00, 0xDC, 0x80, 0x21, 0x41, 0x01, 0x00, 0x00, 0x00, 0x00, 0x00, 0xC0, 0x0B,
	0x2E, 0x80, 0x99, 0x00, 0x00, 0x00, 0xE0, 0x41, 0x01, 0x30, 0x02, 0x00, 0x00, 0x00, 0x00, 0x00,
	0x00, 0x00, 0x00, 0x00, 0x00, 0x00, 0x00, 0x00, 0x00, 0x00, 0x14, 0x00, 0x00, 0x00, 0x00, 0x00,
	0x00, 0x00, 0x00, 0x00, 0x0E, 0x00, 0x51, 0x00, 0x00, 0x00, 0xE0, 0x81, 0x00, 0x5E, 0x1F, 0x00,
	0x28, 0x00, 0x00, 0x00, 0x00, 0x00, 0x00, 0x00, 0x00, 0x00, 0x00, 0x00, 0x38, 0x00, 0x00, 0x00,
	0x00, 0x00, 0x00, 0x00, 0x00, 0x00, 0x44, 0x33, 0x16, 0x00, 0x00, 0x00, 0x00, 0x00, 0x80, 0x00,
	0x00, 0x88, 0x47, 0x00, 0x26, 0x00, 0x00, 0x00, 0x02, 0x00, 0x02, 0x00, 0x14, 0x64, 0x00, 0x00,
	0x29, 0x00, 0x24, 0x29, 0x1D, 0x20, 0x01, 0x00, 0x14, 0x80, 0x00, 0x00, 0x16, 0x20, 0x01, 0x00,
	0x00, 0x00, 0x80, 0x00, 0x10, 0xA8, 0x47, 0x00, 0x26, 0x00, 0x00, 0x00, 0x00, 0x00, 0x02, 0x00,
	0x28, 0x65, 0x00, 0x00, 0x29, 0x0F, 0x24, 0x29, 0x1D, 0x20, 0x01, 0x12, 0x68, 0x80, 0x00, 0x00,
	0x28, 0x00, 0x00, 0x00, 0x00, 0x00, 0x00, 0x00, 0x00, 0x00, 0x00, 0x00, 0x38, 0x00, 0x00, 0x00,
	0x00, 0x00, 0x00, 0x00, 0x00, 0x00, 0x44, 0x33, 0x16, 0x00, 0x00, 0x00, 0x00, 0x00, 0x20, 0x00,
	0x00, 0xC8, 0x47, 0x00, 0x26, 0x00, 0x00, 0x00, 0x02, 0x00, 0x02, 0x00, 0x00, 0x65, 0x00, 0x00,
	0x29, 0xA2, 0x24, 0x2D, 0x1D, 0x00, 0x00, 0x00, 0x00, 0x80, 0x00, 0x00, 0x16, 0x20, 0x01, 0x00,
	0x00, 0x00, 0x20, 0x00, 0x10, 0xD0, 0x47, 0x00, 0x26, 0x00, 0x00, 0x00, 0x00, 0x00, 0x02, 0x00,
	0x3C, 0x66, 0x00, 0x00, 0x29, 0xB1, 0x24, 0x2D, 0x1D, 0x00, 0x00, 0x12, 0x7C, 0x80, 0x00, 0x00,
	0x28, 0x00, 0x00, 0x00, 0x00, 0x00, 0x00, 0x00, 0x00, 0x00, 0x00, 0x00, 0x38, 0x00, 0x00, 0x00,
	0x00, 0x00, 0x00, 0x00, 0x00, 0x00, 0x86, 0x33, 0x16, 0x00, 0x00, 0x00, 0x00, 0x00, 0x20, 0x01,
	0x00, 0xD8, 0x47, 0x00, 0x26, 0x00, 0x00, 0x00, 0x02, 0x00, 0x02, 0x00, 0x14, 0x66, 0x00, 0x00,
	0x29, 0x00, 0x44, 0x2C, 0x25, 0x88, 0x02, 0x00, 0x14, 0x80, 0x00, 0x00, 0x16, 0x20, 0x01, 0x00,
	0x00, 0x00, 0x20, 0x01, 0x10, 0x20, 0x48, 0x00, 0x26, 0x00, 0x00, 0x00, 0x00, 0x00, 0x02, 0x00,
	0x28, 0x67, 0x00, 0x00, 0x29, 0x0A, 0x44, 0x2C, 0x25, 0x88, 0x02, 0x12, 0x68, 0x80, 0x00, 0x00,
	0x40, 0x2C, 0x72, 0x00, 0x00, 0x00, 0x00, 0x00, 0x00, 0x00, 0x00, 0x00, 0xDC, 0x80, 0x21, 0x41,
	0x01, 0x00, 0x00, 0x00, 0x00, 0x00, 0xC0, 0x0B, 0x2E, 0x80, 0x99, 0x00, 0x00, 0x00, 0xE0, 0x41,
	0x01, 0x58, 0x02, 0x00, 0x00, 0x00, 0x00, 0x00, 0x00, 0x00, 0x00, 0x00, 0x00, 0x00, 0x00, 0x00,
	0x00, 0x00, 0x14, 0x00, 0x00, 0x00, 0x00, 0x00, 0x00, 0x00, 0x00, 0x00, 0x0E, 0x00, 0x51, 0x00,
	0x00, 0x00, 0xE0, 0x81, 0x00, 0x86, 0x1F, 0x00, 0x28, 0x00, 0x00, 0x00, 0x00, 0x00, 0x00, 0x00,
	0x00, 0x00, 0x00, 0x00, 0x38, 0x00, 0x00, 0x00, 0x00, 0x00, 0x00, 0x00, 0x00, 0x00, 0x44, 0x33,
	0x16, 0x00, 0x00, 0x00, 0x00, 0x00, 0x80, 0x00, 0x00, 0x88, 0x47, 0x00, 0x26, 0x00, 0x00, 0x00,
	0x02, 0x00, 0x02, 0x00, 0x00, 0x64, 0x00, 0x00, 0x29, 0x00, 0x24, 0x29, 0x1D, 0x20, 0x01, 0x00,
	0x00, 0x80, 0x00, 0x00, 0x16, 0x20, 0x01, 0x00, 0x00, 0x00, 0x80, 0x00, 0x10, 0xA8, 0x47, 0x00,
	0x26, 0x00, 0x00, 0x00, 0x00, 0x00, 0x02, 0x00, 0x3C, 0x65, 0x00, 0x00, 0x29, 0x0F, 0x24, 0x29,
	0x1D, 0x20, 0x01, 0x12, 0x7C, 0x80, 0x00, 0x00, 0x28, 0x00, 0x00, 0x00, 0x00, 0x00, 0x00, 0x00,
	0x00, 0x00, 0x00, 0x00, 0x38, 0x00, 0x00, 0x00, 0x00, 0x00, 0x00, 0x00, 0x00, 0x00, 0x44, 0x33,
	0x16, 0x00, 0x00, 0x00, 0x00, 0x00, 0x20, 0x00, 0x00, 0xC8, 0x47, 0x00, 0x26, 0x00, 0x00, 0x00,
	0x02, 0x00, 0x02, 0x00, 0x14, 0x65, 0x00, 0x00, 0x29, 0xA2, 0x24, 0x2D, 0x1D, 0x00, 0x00, 0x00,
	0x14, 0x80, 0x00, 0x00, 0x16, 0x20, 0x01, 0x00, 0x00, 0x00, 0x20, 0x00, 0x10, 0xD0, 0x47, 0x00,
	0x26, 0x00, 0x00, 0x00, 0x00, 0x00, 0x02, 0x00, 0x28, 0x66, 0x00, 0x00, 0x29, 0xB1, 0x24, 0x2D,
	0x1D, 0x00, 0x00, 0x12, 0x68, 0x80, 0x00, 0x00, 0x28, 0x00, 0x00, 0x00, 0x00, 0x00, 0x00, 0x00,
	0x00, 0x00, 0x00, 0x00, 0x38, 0x00, 0x00, 0x00, 0x00, 0x00, 0x00, 0x00, 0x00, 0x00, 0x86, 0x33,
	0x16, 0x00, 0x00, 0x00, 0x00, 0x00, 0x20, 0x01, 0x00, 0xD8, 0x47, 0x00, 0x26, 0x00, 0x00, 0x00,
	0x02, 0x00, 0x02, 0x00, 0x00, 0x66, 0x00, 0x00, 0x29, 0x00, 0x44, 0x2C, 0x25, 0x88, 0x02, 0x00,
	0x00, 0x80, 0x00, 0x00, 0x16, 0x20, 0x01, 0x00, 0x00, 0x00, 0x20, 0x01, 0x10, 0x20, 0x48, 0x00,
	0x26, 0x00, 0x00, 0x00, 0x00, 0x00, 0x02, 0x00, 0x3C, 0x67, 0x00, 0x00, 0x29, 0x0A, 0x44, 0x2C,
	0x25, 0x88, 0x02, 0x12, 0x7C, 0x80, 0x00, 0x00, 0x40, 0x2C, 0x72, 0x00, 0x00, 0x00, 0x00, 0x00,
	0x00, 0x00, 0x00, 0x00, 0xDC, 0x80, 0x21, 0x41, 0x01, 0x00, 0x00, 0x00, 0x00, 0x00, 0xC0, 0x0B,
	0x2E, 0x80, 0x99, 0x00, 0x00, 0x00, 0xE0, 0x41, 0x01, 0x80, 0x02, 0x00, 0x00, 0x00, 0x00, 0x00,
	0x00, 0x00, 0x00, 0x00, 0x00, 0x00, 0x00, 0x00, 0x00, 0x00, 0x14, 0x00, 0x00, 0x00, 0x00, 0x00,
	0x00, 0x00, 0x00, 0x00, 0x0E, 0x00, 0x51, 0x00, 0x00, 0x00, 0xE0, 0x81, 0x00, 0xAE, 0x1F, 0x00,
	0x28, 0x00, 0x00, 0x00, 0x00, 0x00, 0x00, 0x00, 0x00, 0x00, 0x00, 0x00, 0x38, 0x00, 0x00, 0x00,
	0x00, 0x00, 0x00, 0x00, 0x00, 0x00, 0x44, 0x33, 0x16, 0x00, 0x00, 0x00, 0x00, 0x00, 0x80, 0x00,
	0x00, 0x88, 0x47, 0x00, 0x26, 0x00, 0x00, 0x00, 0x02, 0x00, 0x02, 0x00, 0x14, 0x64, 0x00, 0x00,
	0x29, 0x00, 0x24, 0x29, 0x1D, 0x20, 0x01, 0x00, 0x14, 0x80, 0x00, 0x00, 0x16, 0x20, 0x01, 0x00,
	0x00, 0x00, 0x80, 0x00, 0x10, 0xA8, 0x47, 0x00, 0x26, 0x00, 0x00, 0x00, 0x00, 0x00, 0x02, 0x00,
	0x28, 0x65, 0x00, 0x00, 0x29, 0x0F, 0x24, 0x29, 0x1D, 0x20, 0x01, 0x12, 0x68, 0x80, 0x00, 0x00,
	0x28, 0x00, 0x00, 0x00, 0x00, 0x00, 0x00, 0x00, 0x00, 0x00, 0x00, 0x00, 0x38, 0x00, 0x00, 0x00,
	0x00, 0x00, 0x00, 0x00, 0x00, 0x00, 0x44, 0x33, 0x16, 0x00, 0x00, 0x00, 0x00, 0x00, 0x20, 0x00,
	0x00, 0xC8, 0x47, 0x00, 0x26, 0x00, 0x00, 0x00, 0x02, 0x00, 0x02, 0x00, 0x00, 0x65, 0x00, 0x00,
	0x29, 0xA2, 0x24, 0x2D, 0x1D, 0x00, 0x00, 0x00, 0x00, 0x80, 0x00, 0x00, 0x16, 0x20, 0x01, 0x00,
	0x00, 0x00, 0x20, 0x00, 0x10, 0xD0, 0x47, 0x00, 0x26, 0x00, 0x00, 0x00, 0x00, 0x00, 0x02, 0x00,
	0x3C, 0x66, 0x00, 0x00, 0x29, 0xB1, 0x24, 0x2D, 0x1D, 0x00, 0x00, 0x12, 0x7C, 0x80, 0x00, 0x00,
	0x28, 0x00, 0x00, 0x00, 0x00, 0x00, 0x00, 0x00, 0x00, 0x00, 0x00, 0x00, 0x38, 0x00, 0x00, 0x00,
	0x00, 0x00, 0x00, 0x00, 0x00, 0x00, 0x86, 0x33, 0x16, 0x00, 0x00, 0x00, 0x00, 0x00, 0x20, 0x01,
	0x00, 0xD8, 0x47, 0x00, 0x26, 0x00, 0x00, 0x00, 0x02, 0x00, 0x02, 0x00, 0x14, 0x66, 0x00, 0x00,
	0x29, 0x00, 0x44, 0x2C, 0x25, 0x88, 0x02, 0x00, 0x14, 0x80, 0x00, 0x00, 0x16, 0x20, 0x01, 0x00,
	0x00, 0x00, 0x20, 0x01, 0x10, 0x20, 0x48, 0x00, 0x26, 0x00, 0x00, 0x00, 0x00, 0x00, 0x02, 0x00,
	0x28, 0x67, 0x00, 0x00, 0x29, 0x0A, 0x44, 0x2C, 0x25, 0x88, 0x02, 0x12, 0x68, 0x80, 0x00, 0x00,
	0x40, 0x2C, 0x72, 0x00, 0x00, 0x00, 0x00, 0x00, 0x00, 0x00, 0x00, 0x00, 0xDC, 0x80, 0x21, 0x41,
	0x01, 0x00, 0x00, 0x00, 0x00, 0x00, 0xC0, 0x0B, 0x2E, 0x80, 0x99, 0x00, 0x00, 0x00, 0xE0, 0x41,
	0x01, 0xA8, 0x02, 0x00, 0x00, 0x00, 0x00, 0x00, 0x00, 0x00, 0x00, 0x00, 0x00, 0x00, 0x00, 0x00,
	0x00, 0x00, 0x14, 0x00, 0x00, 0x00, 0x00, 0x00, 0x00, 0x00, 0x00, 0x00, 0x0E, 0x00, 0x51, 0x00,
	0x00, 0x00, 0xE0, 0x81, 0x00, 0xD6, 0x1F, 0x00, 0x28, 0x00, 0x00, 0x00, 0x00, 0x00, 0x00, 0x00,
	0x00, 0x00, 0x00, 0x00, 0x38, 0x00, 0x00, 0x00, 0x00, 0x00, 0x00, 0x00, 0x00, 0x00, 0x44, 0x33,
	0x16, 0x00, 0x00, 0x00, 0x00, 0x00, 0x80, 0x00, 0x00, 0x88, 0x47, 0x00, 0x26, 0x00, 0x00, 0x00,
	0x02, 0x00, 0x02, 0x00, 0x00, 0x64, 0x00, 0x00, 0x29, 0x00, 0x24, 0x29, 0x1D, 0x20, 0x01, 0x00,
	0x00, 0x80, 0x00, 0x00, 0x16, 0x20, 0x01, 0x00, 0x00, 0x00, 0x80, 0x00, 0x10, 0xA8, 0x47, 0x00,
	0x26, 0x00, 0x00, 0x00, 0x00, 0x00, 0x02, 0x00, 0x3C, 0x65, 0x00, 0x00, 0x29, 0x0F, 0x24, 0x29,
	0x1D, 0x20, 0x01, 0x12, 0x7C, 0x80, 0x00, 0x00, 0x28, 0x00, 0x00, 0x00, 0x00, 0x00, 0x00, 0x00,
	0x00, 0x00, 0x00, 0x00, 0x38, 0x00, 0x00, 0x00, 0x00, 0x00, 0x00, 0x00, 0x00, 0x00, 0x44, 0x33,
	0x16, 0x00, 0x00, 0x00, 0x00, 0x00, 0x20, 0x00, 0x00, 0xC8, 0x47, 0x00, 0x26, 0x00, 0x00, 0x00,
	0x02, 0x00, 0x02, 0x00, 0x14, 0x65, 0x00, 0x00, 0x29, 0xA2, 0x24, 0x2D, 0x1D, 0x00, 0x00, 0x00,
	0x14, 0x80, 0x00, 0x00, 0x16, 0x20, 0x01, 0x00, 0x00, 0x00, 0x20, 0x00, 0x10, 0xD0, 0x47, 0x00,
	0x26, 0x00, 0x00, 0x00, 0x00, 0x00, 0x02, 0x00, 0x28, 0x66, 0x00, 0x00, 0x29, 0xB1, 0x24, 0x2D,
	0x1D, 0x00, 0x00, 0x12, 0x68, 0x80, 0x00, 0x00, 0x28, 0x00, 0x00, 0x00, 0x00, 0x00, 0x00, 0x00,
	0x00, 0x00, 0x00, 0x00, 0x38, 0x00, 0x00, 0x00, 0x00, 0x00, 0x00, 0x00, 0x00, 0x00, 0x86, 0x33,
	0x16, 0x00, 0x00, 0x00, 0x00, 0x00, 0x20, 0x01, 0x00, 0xD8, 0x47, 0x00, 0x26, 0x00, 0x00, 0x00,
	0x02, 0x00, 0x02, 0x00, 0x00, 0x66, 0x00, 0x00, 0x29, 0x00, 0x44, 0x2C, 0x25, 0x88, 0x02, 0x00,
	0x00, 0x80, 0x00, 0x00, 0x16, 0x20, 0x01, 0x00, 0x00, 0x00, 0x20, 0x01, 0x10, 0x20, 0x48, 0x00,
	0x26, 0x00, 0x00, 0x00, 0x00, 0x00, 0x02, 0x00, 0x3C, 0x67, 0x00, 0x00, 0x29, 0x0A, 0x44, 0x2C,
	0x25, 0x88, 0x02, 0x12, 0x7C, 0x80, 0x00, 0x00, 0x40, 0x2C, 0x72, 0x00, 0x00, 0x00, 0x00, 0x00,
	0x00, 0x00, 0x00, 0x00, 0xDC, 0x80, 0x21, 0x41, 0x01, 0x00, 0x00, 0x00, 0x00, 0x00, 0xC0, 0x0B,
	0x2E, 0x80, 0x99, 0x00, 0x00, 0x00, 0xE0, 0x41, 0x01, 0xD0, 0x02, 0x00, 0x00, 0x00, 0x00, 0x00,
	0x00, 0x00, 0x00, 0x00, 0x00, 0x00, 0x00, 0x00, 0x00, 0x00, 0x14, 0x00, 0x00, 0x00, 0x00, 0x00,
	0x00, 0x00, 0x00, 0x00, 0x0E, 0x00, 0x51, 0x00, 0x00, 0x00, 0xE0, 0x81, 0x00, 0xFE, 0x1F, 0x00,
	0x28, 0x00, 0x00, 0x00, 0x00, 0x00, 0x00, 0x00, 0x00, 0x00, 0x00, 0x00, 0x38, 0x00, 0x00, 0x00,
	0x00, 0x00, 0x00, 0x00, 0x00, 0x00, 0x44, 0x33, 0x16, 0x00, 0x00, 0x00, 0x00, 0x00, 0x80, 0x00,
	0x00, 0x88, 0x47, 0x00, 0x26, 0x00, 0x00, 0x00, 0x02, 0x00, 0x02, 0x00, 0x14, 0x64, 0x00, 0x00,
	0x29, 0x00, 0x24, 0x29, 0x1D, 0x20, 0x01, 0x00, 0x14, 0x80, 0x00, 0x00, 0x16, 0x20, 0x01, 0x00,
	0x00, 0x00, 0x80, 0x00, 0x10, 0xA8, 0x47, 0x00, 0x26, 0x00, 0x00, 0x00, 0x00, 0x00, 0x02, 0x00,
	0x28, 0x65, 0x00, 0x00, 0x29, 0x0F, 0x24, 0x29, 0x1D, 0x20, 0x01, 0x12, 0x68, 0x80, 0x00, 0x00,
	0x28, 0x00, 0x00, 0x00, 0x00, 0x00, 0x00, 0x00, 0x00, 0x00, 0x00, 0x00, 0x38, 0x00, 0x00, 0x00,
	0x00, 0x00, 0x00, 0x00, 0x00, 0x00, 0x44, 0x33, 0x16, 0x00, 0x00, 0x00, 0x00, 0x00, 0x20, 0x00,
	0x00, 0xC8, 0x47, 0x00, 0x26, 0x00, 0x00, 0x00, 0x02, 0x00, 0x02, 0x00, 0x00, 0x65, 0x00, 0x00,
	0x29, 0xA2, 0x24, 0x2D, 0x1D, 0x00, 0x00, 0x00, 0x00, 0x80, 0x00, 0x00, 0x16, 0x20, 0x01, 0x00,
	0x00, 0x00, 0x20, 0x00, 0x10, 0xD0, 0x47, 0x00, 0x26, 0x00, 0x00, 0x00, 0x00, 0x00, 0x02, 0x00,
	0x3C, 0x66, 0x00, 0x00, 0x29, 0xB1, 0x24, 0x2D, 0x1D, 0x00, 0x00, 0x12, 0x7C, 0x80, 0x00, 0x00,
	0x28, 0x00, 0x00, 0x00, 0x00, 0x00, 0x00, 0x00, 0x00, 0x00, 0x00, 0x00, 0x38, 0x00, 0x00, 0x00,
	0x00, 0x00, 0x00, 0x00, 0x00, 0x00, 0x86, 0x33, 0x16, 0x00, 0x00, 0x00, 0x00, 0x00, 0x20, 0x01,
	0x00, 0xD8, 0x47, 0x00, 0x26, 0x00, 0x00, 0x00, 0x02, 0x00, 0x02, 0x00, 0x14, 0x66, 0x00, 0x00,
	0x29, 0x00, 0x44, 0x2C, 0x25, 0x88, 0x02, 0x00, 0x14, 0x80, 0x00, 0x00, 0x16, 0x20, 0x01, 0x00,
	0x00, 0x00, 0x20, 0x01, 0x10, 0x20, 0x48, 0x00, 0x26, 0x00, 0x00, 0x00, 0x00, 0x00, 0x02, 0x00,
	0x28, 0x67, 0x00, 0x00, 0x29, 0x0A, 0x44, 0x2C, 0x25, 0x88, 0x02, 0x12, 0x68, 0x80, 0x00, 0x00,
	0x40, 0x2C, 0x72, 0x00, 0x00, 0x00, 0x00, 0x00, 0x00, 0x00, 0x00, 0x00, 0xDC, 0x80, 0x21, 0x41,
	0x01, 0x00, 0x00, 0x00, 0x00, 0x00, 0xC0, 0x0B, 0x2E, 0x80, 0x99, 0x00, 0x00, 0x00, 0xE0, 0x41,
	0x01, 0xF8, 0x02, 0x00, 0x00, 0x00, 0x00, 0x00, 0x00, 0x00, 0x00, 0x00, 0x00, 0x00, 0x00, 0x00,
	0x00, 0x00, 0x14, 0x00, 0x00, 0x00, 0x00, 0x00, 0x00, 0x00, 0x00, 0x00, 0x0E, 0x00, 0x51, 0x00,
	0x00, 0x00, 0xE0, 0x81, 0x00, 0x26, 0x20, 0x00, 0x28, 0x00, 0x00, 0x00, 0x00, 0x00, 0x00, 0x00,
	0x00, 0x00, 0x00, 0x00, 0x38, 0x00, 0x00, 0x00, 0x00, 0x00, 0x00, 0x00, 0x00, 0x00, 0x44, 0x33,
	0x16, 0x00, 0x00, 0x00, 0x00, 0x00, 0x80, 0x00, 0x00, 0x88, 0x47, 0x00, 0x26, 0x00, 0x00, 0x00,
	0x02, 0x00, 0x02, 0x00, 0x00, 0x64, 0x00, 0x00, 0x29, 0x00, 0x24, 0x29, 0x1D, 0x20, 0x01, 0x00,
	0x00, 0x80, 0x00, 0x00, 0x16, 0x20, 0x01, 0x00, 0x00, 0x00, 0x80, 0x00, 0x10, 0xA8, 0x47, 0x00,
	0x26, 0x00, 0x00, 0x00, 0x00, 0x00, 0x02, 0x00, 0x3C, 0x65, 0x00, 0x00, 0x29, 0x0F, 0x24, 0x29,
	0x1D, 0x20, 0x01, 0x12, 0x7C, 0x80, 0x00, 0x00, 0x28, 0x00, 0x00, 0x00, 0x00, 0x00, 0x00, 0x00,
	0x00, 0x00, 0x00, 0x00, 0x38, 0x00, 0x00, 0x00, 0x00, 0x00, 0x00, 0x00, 0x00, 0x00, 0x44, 0x33,
	0x16, 0x00, 0x00, 0x00, 0x00, 0x00, 0x20, 0x00, 0x00, 0xC8, 0x47, 0x00, 0x26, 0x00, 0x00, 0x00,
	0x02, 0x00, 0x02, 0x00, 0x14, 0x65, 0x00, 0x00, 0x29, 0xA2, 0x24, 0x2D, 0x1D, 0x00, 0x00, 0x00,
	0x14, 0x80, 0x00, 0x00, 0x16, 0x20, 0x01, 0x00, 0x00, 0x00, 0x20, 0x00, 0x10, 0xD0, 0x47, 0x00,
	0x26, 0x00, 0x00, 0x00, 0x00, 0x00, 0x02, 0x00, 0x28, 0x66, 0x00, 0x00, 0x29, 0xB1, 0x24, 0x2D,
	0x1D, 0x00, 0x00, 0x12, 0x68, 0x80, 0x00, 0x00, 0x28, 0x00, 0x00, 0x00, 0x00, 0x00, 0x00, 0x00,
	0x00, 0x00, 0x00, 0x00, 0x38, 0x00, 0x00, 0x00, 0x00, 0x00, 0x00, 0x00, 0x00, 0x00, 0x86, 0x33,
	0x16, 0x00, 0x00, 0x00, 0x00, 0x00, 0x20, 0x01, 0x00, 0xD8, 0x47, 0x00, 0x26, 0x00, 0x00, 0x00,
	0x02, 0x00, 0x02, 0x00, 0x00, 0x66, 0x00, 0x00, 0x29, 0x00, 0x44, 0x2C, 0x25, 0x88, 0x02, 0x00,
	0x00, 0x80, 0x00, 0x00, 0x16, 0x20, 0x01, 0x00, 0x00, 0x00, 0x20, 0x01, 0x10, 0x20, 0x48, 0x00,
	0x26, 0x00, 0x00, 0x00, 0x00, 0x00, 0x02, 0x00, 0x3C, 0x67, 0x00, 0x00, 0x29, 0x0A, 0x44, 0x2C,
	0x25, 0x88, 0x02, 0x12, 0x7C, 0x80, 0x00, 0x00, 0x40, 0x2C, 0x72, 0x00, 0x00, 0x00, 0x00, 0x00,
	0x00, 0x00, 0x00, 0x00, 0xDC, 0x80, 0x21, 0x41, 0x01, 0x00, 0x00, 0x00, 0x00, 0x00, 0xC0, 0x0B,
	0x2E, 0x80, 0x99, 0x00, 0x00, 0x00, 0xE0, 0x41, 0x01, 0x20, 0x03, 0x00, 0x00, 0x00, 0x00, 0x00,
	0x00, 0x00, 0x00, 0x00, 0x00, 0x00, 0x00, 0x00, 0x00, 0x00, 0x14, 0x00, 0x00, 0x00, 0x00, 0x00,
	0x00, 0x00, 0x00, 0x00, 0x0E, 0x00, 0x51, 0x00, 0x00, 0x00, 0xE0, 0x81, 0x00, 0x4E, 0x20, 0x00,
	0x28, 0x00, 0x00, 0x00, 0x00, 0x00, 0x00, 0x00, 0x00, 0x00, 0x00, 0x00, 0x38, 0x00, 0x00, 0x00,
	0x00, 0x00, 0x00, 0x00, 0x00, 0x00, 0x44, 0x33, 0x16, 0x00, 0x00, 0x00, 0x00, 0x00, 0x80, 0x00,
	0x00, 0x88, 0x47, 0x00, 0x26, 0x00, 0x00, 0x00, 0x02, 0x00, 0x02, 0x00, 0x14, 0x64, 0x00, 0x00,
	0x29, 0x00, 0x24, 0x29, 0x1D, 0x20, 0x01, 0x00, 0x14, 0x80, 0x00, 0x00, 0x16, 0x20, 0x01, 0x00,
	0x00, 0x00, 0x80, 0x00, 0x10, 0xA8, 0x47, 0x00, 0x26, 0x00, 0x00, 0x00, 0x00, 0x00, 0x02, 0x00,
	0x28, 0x65, 0x00, 0x00, 0x29, 0x0F, 0x24, 0x29, 0x1D, 0x20, 0x01, 0x12, 0x68, 0x80, 0x00, 0x00,
	0x28, 0x00, 0x00, 0x00, 0x00, 0x00, 0x00, 0x00, 0x00, 0x00, 0x00, 0x00, 0x38, 0x00, 0x00, 0x00,
	0x00, 0x00, 0x00, 0x00, 0x00, 0x00, 0x44, 0x33, 0x16, 0x00, 0x00, 0x00, 0x00, 0x00, 0x20, 0x00,
	0x00, 0xC8, 0x47, 0x00, 0x26, 0x00, 0x00, 0x00, 0x02, 0x00, 0x02, 0x00, 0x00, 0x65, 0x00, 0x00,
	0x29, 0xA2, 0x24, 0x2D, 0x1D, 0x00, 0x00, 0x00, 0x00, 0x80, 0x00, 0x00, 0x16, 0x20, 0x01, 0x00,
	0x00, 0x00, 0x20, 0x00, 0x10, 0xD0, 0x47, 0x00, 0x26, 0x00, 0x00, 0x00, 0x00, 0x00, 0x02, 0x00,
	0x3C, 0x66, 0x00, 0x00, 0x29, 0xB1, 0x24, 0x2D, 0x1D, 0x00, 0x00, 0x12, 0x7C, 0x80, 0x00, 0x00,
	0x28, 0x00, 0x00, 0x00, 0x00, 0x00, 0x00, 0x00, 0x00, 0x00, 0x00, 0x00, 0x38, 0x00, 0x00, 0x00,
	0x00, 0x00, 0x00, 0x00, 0x00, 0x00, 0x86, 0x33, 0x16, 0x00, 0x00, 0x00, 0x00, 0x00, 0x20, 0x01,
	0x00, 0xD8, 0x47, 0x00, 0x26, 0x00, 0x00, 0x00, 0x02, 0x00, 0x02, 0x00, 0x14, 0x66, 0x00, 0x00,
	0x29, 0x00, 0x44, 0x2C, 0x25, 0x88, 0x02, 0x00, 0x14, 0x80, 0x00, 0x00, 0x16, 0x20, 0x01, 0x00,
	0x00, 0x00, 0x20, 0x01, 0x10, 0x20, 0x48, 0x00, 0x26, 0x00, 0x00, 0x00, 0x00, 0x00, 0x02, 0x00,
	0x28, 0x67, 0x00, 0x00, 0x29, 0x0A, 0x44, 0x2C, 0x25, 0x88, 0x02, 0x12, 0x68, 0x80, 0x00, 0x00,
	0x40, 0x2C, 0x72, 0x00, 0x00, 0x00, 0x00, 0x00, 0x00, 0x00, 0x00, 0x00, 0xDC, 0x80, 0x21, 0x41,
	0x01, 0x00, 0x00, 0x00, 0x00, 0x00, 0xC0, 0x0B, 0x2E, 0x80, 0x99, 0x00, 0x00, 0x00, 0xE0, 0x41,
	0x01, 0x48, 0x03, 0x00, 0x00, 0x00, 0x00, 0x00, 0x00, 0x00, 0x00, 0x00, 0x00, 0x00, 0x00, 0x00,
	0x00, 0x00, 0x14, 0x00, 0x00, 0x00, 0x00, 0x00, 0x00, 0x00, 0x00, 0x00, 0x0E, 0x00, 0x51, 0x00,
	0x00, 0x00, 0xE0, 0x81, 0x00, 0x76, 0x20, 0x00, 0x28, 0x00, 0x00, 0x00, 0x00, 0x00, 0x00, 0x00,
	0x00, 0x00, 0x00, 0x00, 0x38, 0x00, 0x00, 0x00, 0x00, 0x00, 0x00, 0x00, 0x00, 0x00, 0x44, 0x33,
	0x16, 0x00, 0x00, 0x00, 0x00, 0x00, 0x80, 0x00, 0x00, 0x88, 0x47, 0x00, 0x26, 0x00, 0x00, 0x00,
	0x02, 0x00, 0x02, 0x00, 0x00, 0x64, 0x00, 0x00, 0x29, 0x00, 0x24, 0x29, 0x1D, 0x20, 0x01, 0x00,
	0x00, 0x80, 0x00, 0x00, 0x16, 0x20, 0x01, 0x00, 0x00, 0x00, 0x80, 0x00, 0x10, 0xA8, 0x47, 0x00,
	0x26, 0x00, 0x00, 0x00, 0x00, 0x00, 0x02, 0x00, 0x3C, 0x65, 0x00, 0x00, 0x29, 0x0F, 0x24, 0x29,
	0x1D, 0x20, 0x01, 0x12, 0x7C, 0x80, 0x00, 0x00, 0x28, 0x00, 0x00, 0x00, 0x00, 0x00, 0x00, 0x00,
	0x00, 0x00, 0x00, 0x00, 0x38, 0x00, 0x00, 0x00, 0x00, 0x00, 0x00, 0x00, 0x00, 0x00, 0x44, 0x33,
	0x16, 0x00, 0x00, 0x00, 0x00, 0x00, 0x20, 0x00, 0x00, 0xC8, 0x47, 0x00, 0x26, 0x00, 0x00, 0x00,
	0x02, 0x00, 0x02, 0x00, 0x14, 0x65, 0x00, 0x00, 0x29, 0xA2, 0x24, 0x2D, 0x1D, 0x00, 0x00, 0x00,
	0x14, 0x80, 0x00, 0x00, 0x16, 0x20, 0x01, 0x00, 0x00, 0x00, 0x20, 0x00, 0x10, 0xD0, 0x47, 0x00,
	0x26, 0x00, 0x00, 0x00, 0x00, 0x00, 0x02, 0x00, 0x28, 0x66, 0x00, 0x00, 0x29, 0xB1, 0x24, 0x2D,
	0x1D, 0x00, 0x00, 0x12, 0x68, 0x80, 0x00, 0x00, 0x28, 0x00, 0x00, 0x00, 0x00, 0x00, 0x00, 0x00,
	0x00, 0x00, 0x00, 0x00, 0x38, 0x00, 0x00, 0x00, 0x00, 0x00, 0x00, 0x00, 0x00, 0x00, 0x86, 0x33,
	0x16, 0x00, 0x00, 0x00, 0x00, 0x00, 0x20, 0x01, 0x00, 0xD8, 0x47, 0x00, 0x26, 0x00, 0x00, 0x00,
	0x02, 0x00, 0x02, 0x00, 0x00, 0x66, 0x00, 0x00, 0x29, 0x00, 0x44, 0x2C, 0x25, 0x88, 0x02, 0x00,
	0x00, 0x80, 0x00, 0x00, 0x16, 0x20, 0x01, 0x00, 0x00, 0x00, 0x20, 0x01, 0x10, 0x20, 0x48, 0x00,
	0x26, 0x00, 0x00, 0x00, 0x00, 0x00, 0x02, 0x00, 0x3C, 0x67, 0x00, 0x00, 0x29, 0x0A, 0x44, 0x2C,
	0x25, 0x88, 0x02, 0x12, 0x7C, 0x80, 0x00, 0x00, 0x40, 0x2C, 0x72, 0x00, 0x00, 0x00, 0x00, 0x00,
	0x00, 0x00, 0x00, 0x00, 0xDC, 0x80, 0x21, 0x41, 0x01, 0x00, 0x00, 0x00, 0x00, 0x00, 0xC0, 0x0B,
	0x2E, 0x80, 0x99, 0x00, 0x00, 0x00, 0xE0, 0x41, 0x01, 0x70, 0x03, 0x00, 0x00, 0x00, 0x00, 0x00,
	0x00, 0x00, 0x00, 0x00, 0x00, 0x00, 0x00, 0x00, 0x00, 0x00, 0x14, 0x00, 0x00, 0x00, 0x00, 0x00,
	0x00, 0x00, 0x00, 0x00, 0x0E, 0x80, 0x97, 0x00, 0x00, 0x00, 0xE0, 0x81, 0x00, 0x9E, 0x20, 0x00,
	0x28, 0x00, 0x00, 0x00, 0x00, 0x00, 0x00, 0x00, 0x00, 0x00, 0x00, 0x00, 0x38, 0x00, 0x00, 0x00,
	0x00, 0x00, 0x00, 0x00, 0x00, 0x00, 0x44, 0x33, 0x16, 0x00, 0x00, 0x00, 0x00, 0x00, 0x80, 0x00,
	0x00, 0x88, 0x47, 0x00, 0x26, 0x00, 0x00, 0x00, 0x02, 0x00, 0x02, 0x00, 0x14, 0x64, 0x00, 0x00,
	0x29, 0x00, 0x14, 0x19, 0x1D, 0x70, 0x01, 0x00, 0x14, 0x80, 0x00, 0x00, 0x16, 0x20, 0x01, 0x00,
	0x00, 0x00, 0x80, 0x00, 0x10, 0xA8, 0x47, 0x00, 0x26, 0x00, 0x00, 0x00, 0x00, 0x00, 0x02, 0x00,
	0x28, 0x65, 0x00, 0x00, 0x29, 0x0C, 0x14, 0x19, 0x1D, 0x70, 0x01, 0x12, 0x68, 0x80, 0x20, 0x00,
	0x28, 0x00, 0x00, 0x00, 0x00, 0x00, 0x00, 0x00, 0x00, 0x00, 0x00, 0x00, 0x38, 0x00, 0x00, 0x00,
	0x00, 0x00, 0x00, 0x00, 0x00, 0x00, 0x44, 0x33, 0x16, 0x00, 0x00, 0x00, 0x00, 0x00, 0x20, 0x00,
	0x00, 0xC8, 0x47, 0x00, 0x26, 0x00, 0x00, 0x00, 0x02, 0x00, 0x02, 0x00, 0x00, 0x65, 0x00, 0x00,
	0x29, 0xA7, 0x14, 0x1D, 0x1D, 0x00, 0x00, 0x00, 0x00, 0x80, 0x00, 0x00, 0x16, 0x20, 0x01, 0x00,
	0x00, 0x00, 0x20, 0x00, 0x10, 0xD0, 0x47, 0x00, 0x26, 0x00, 0x00, 0x00, 0x00, 0x00, 0x02, 0x00,
	0x3C, 0x66, 0x00, 0x00, 0x29, 0xB3, 0x14, 0x1D, 0x1D, 0x00, 0x00, 0x12, 0x7C, 0x80, 0x20, 0x00,
	0x28, 0x00, 0x00, 0x00, 0x00, 0x00, 0x00, 0x00, 0x00, 0x00, 0x00, 0x00, 0x38, 0x00, 0x00, 0x00,
	0x00, 0x00, 0x00, 0x00, 0x00, 0x00, 0x86, 0x33, 0x16, 0x00, 0x00, 0x00, 0x00, 0x00, 0x20, 0x01,
	0x00, 0xD8, 0x47, 0x00, 0x26, 0x00, 0x00, 0x00, 0x02, 0x00, 0x02, 0x00, 0x14, 0x66, 0x00, 0x00,
	0x29, 0x00, 0x44, 0x1C, 0x29, 0x9C, 0x02, 0x00, 0x14, 0x80, 0x00, 0x00, 0x16, 0x20, 0x01, 0x00,
	0x00, 0x00, 0x20, 0x01, 0x10, 0x20, 0x48, 0x00, 0x26, 0x00, 0x00, 0x00, 0x00, 0x00, 0x02, 0x00,
	0x28, 0x67, 0x00, 0x00, 0x29, 0x0A, 0x44, 0x1C, 0x29, 0x9C, 0x02, 0x12, 0x68, 0x80, 0x00, 0x00,
	0x40, 0x2C, 0x72, 0x00, 0x00, 0x00, 0x00, 0x00, 0x00, 0x00, 0x00, 0x00, 0xDC, 0x80, 0x21, 0x41,
	0x01, 0x00, 0x00, 0x00, 0x00, 0x00, 0xC0, 0x0B, 0x2E, 0x80, 0x99, 0x00, 0x00, 0x00, 0xE0, 0x41,
	0x01, 0x98, 0x03, 0x00, 0x00, 0x00, 0x00, 0x00, 0x00, 0x00, 0x00, 0x00, 0x00, 0x00, 0x00, 0x00,
	0x00, 0x00, 0x14, 0x00, 0x00, 0x00, 0x00, 0x00, 0x00, 0x00, 0x00, 0x00, 0x00, 0x00, 0x00, 0x00,
	0x00, 0x00, 0x00, 0x00, 0x00, 0x00, 0x00, 0x00, 0x00, 0x00, 0x14, 0x00, 0x00, 0x00, 0x00, 0x00,
	0x00, 0x00, 0x00, 0x00, 0x0E, 0x00, 0x50, 0x00, 0x00, 0x00, 0xE0, 0x01, 0x00, 0xF0, 0x1E, 0x00,
	0x28, 0x00, 0x00, 0x00, 0x00, 0x00, 0x00, 0x00, 0x00, 0x00, 0x00, 0x00, 0x38, 0x00, 0x00, 0x00,
	0x00, 0x00, 0x00, 0x00, 0x00, 0x00, 0x44, 0x3B, 0x16, 0x00, 0x00, 0x00, 0x00, 0x00, 0x80, 0x00,
	0x00, 0x68, 0x48, 0x00, 0x26, 0x00, 0x00, 0x00, 0x02, 0x00, 0x02, 0x00, 0x00, 0x67, 0x00, 0x00,
	0x29, 0xA2, 0x24, 0x29, 0x1D, 0x00, 0x00, 0x00, 0x00, 0x80, 0x00, 0x00, 0x16, 0x20, 0x01, 0x00,
	0x00, 0x00, 0x80, 0x00, 0x10, 0x88, 0x48, 0x00, 0x26, 0x00, 0x00, 0x00, 0x00, 0x00, 0x02, 0x00,
	0x3C, 0x68, 0x00, 0x00, 0x29, 0xB1, 0x24, 0x29, 0x1D, 0x00, 0x00, 0x12, 0x7C, 0x80, 0x00, 0x00,
	0x2E, 0x40, 0x9C, 0x00, 0x00, 0x00, 0xE0, 0x41, 0x01, 0xA0, 0x05, 0x00, 0x00, 0x00, 0x00, 0x00,
	0x00, 0x00, 0x00, 0x00, 0x00, 0x00, 0x00, 0x00, 0x00, 0x00, 0x14, 0x00, 0x00, 0x00, 0x00, 0x00,
	0x00, 0x00, 0x00, 0x00, 0x0E, 0x00, 0x50, 0x00, 0x00, 0x00, 0xE0, 0x01, 0x00, 0x2C, 0x1F, 0x00,
	0x28, 0x00, 0x00, 0x00, 0x00, 0x00, 0x00, 0x00, 0x00, 0x00, 0x00, 0x00, 0x38, 0x00, 0x00, 0x00,
	0x00, 0x00, 0x00, 0x00, 0x00, 0x00, 0x44, 0x3B, 0x16, 0x00, 0x00, 0x00, 0x00, 0x00, 0x80, 0x00,
	0x00, 0x68, 0x48, 0x00, 0x26, 0x00, 0x00, 0x00, 0x02, 0x00, 0x02, 0x00, 0x14, 0x67, 0x00, 0x00,
	0x29, 0xA2, 0x24, 0x29, 0x1D, 0x00, 0x00, 0x00, 0x14, 0x80, 0x00, 0x00, 0x16, 0x20, 0x01, 0x00,
	0x00, 0x00, 0x80, 0x00, 0x10, 0x88, 0x48, 0x00, 0x26, 0x00, 0x00, 0x00, 0x00, 0x00, 0x02, 0x00,
	0x28, 0x68, 0x00, 0x00, 0x29, 0xB1, 0x24, 0x29, 0x1D, 0x00, 0x00, 0x12, 0x68, 0x80, 0x00, 0x00,
	0x2E, 0x40, 0x9C, 0x00, 0x00, 0x00, 0xE0, 0x41, 0x01, 0xDC, 0x05, 0x00, 0x00, 0x00, 0x00, 0x00,
	0x00, 0x00, 0x00, 0x00, 0x00, 0x00, 0x00, 0x00, 0x00, 0x00, 0x14, 0x00, 0x00, 0x00, 0x00, 0x00,
	0x00, 0x00, 0x00, 0x00, 0x0E, 0x00, 0x50, 0x00, 0x00, 0x00, 0xE0, 0x01, 0x00, 0x68, 0x1F, 0x00,
	0x28, 0x00, 0x00, 0x00, 0x00, 0x00, 0x00, 0x00, 0x00, 0x00, 0x00, 0x00, 0x38, 0x00, 0x00, 0x00,
	0x00, 0x00, 0x00, 0x00, 0x00, 0x00, 0x44, 0x3B, 0x16, 0x00, 0x00, 0x00, 0x00, 0x00, 0x80, 0x00,
	0x00, 0x68, 0x48, 0x00, 0x26, 0x00, 0x00, 0x00, 0x02, 0x00, 0x02, 0x00, 0x00, 0x67, 0x00, 0x00,
	0x29, 0xA2, 0x24, 0x29, 0x1D, 0x00, 0x00, 0x00, 0x00, 0x80, 0x00, 0x00, 0x16, 0x20, 0x01, 0x00,
	0x00, 0x00, 0x80, 0x00, 0x10, 0x88, 0x48, 0x00, 0x26, 0x00, 0x00, 0x00, 0x00, 0x00, 0x02, 0x00,
	0x3C, 0x68, 0x00, 0x00, 0x29, 0xB1, 0x24, 0x29, 0x1D, 0x00, 0x00, 0x12, 0x7C, 0x80, 0x00, 0x00,
	0x2E, 0x40, 0x9C, 0x00, 0x00, 0x00, 0xE0, 0x41, 0x01, 0x18, 0x06, 0x00, 0x00, 0x00, 0x00, 0x00,
	0x00, 0x00, 0x00, 0x00, 0x00, 0x00, 0x00, 0x00, 0x00, 0x00, 0x14, 0x00, 0x00, 0x00, 0x00, 0x00,
	0x00, 0x00, 0x00, 0x00, 0x0E, 0x00, 0x50, 0x00, 0x00, 0x00, 0xE0, 0x01, 0x00, 0xA4, 0x1F, 0x00,
	0x28, 0x00, 0x00, 0x00, 0x00, 0x00, 0x00, 0x00, 0x00, 0x00, 0x00, 0x00, 0x38, 0x00, 0x00, 0x00,
	0x00, 0x00, 0x00, 0x00, 0x00, 0x00, 0x44, 0x3B, 0x16, 0x00, 0x00, 0x00, 0x00, 0x00, 0x80, 0x00,
	0x00, 0x68, 0x48, 0x00, 0x26, 0x00, 0x00, 0x00, 0x02, 0x00, 0x02, 0x00, 0x14, 0x67, 0x00, 0x00,
	0x29, 0xA2, 0x24, 0x29, 0x1D, 0x00, 0x00, 0x00, 0x14, 0x80, 0x00, 0x00, 0x16, 0x20, 0x01, 0x00,
	0x00, 0x00, 0x80, 0x00, 0x10, 0x88, 0x48, 0x00, 0x26, 0x00, 0x00, 0x00, 0x00, 0x00, 0x02, 0x00,
	0x28, 0x68, 0x00, 0x00, 0x29, 0xB1, 0x24, 0x29, 0x1D, 0x00, 0x00, 0x12, 0x68, 0x80, 0x00, 0x00,
	0x2E, 0x40, 0x9C, 0x00, 0x00, 0x00, 0xE0, 0x41, 0x01, 0x54, 0x06, 0x00, 0x00, 0x00, 0x00, 0x00,
	0x00, 0x00, 0x00, 0x00, 0x00, 0x00, 0x00, 0x00, 0x00, 0x00, 0x14, 0x00, 0x00, 0x00, 0x00, 0x00,
	0x00, 0x00, 0x00, 0x00, 0x0E, 0x00, 0x50, 0x00, 0x00, 0x00, 0xE0, 0x01, 0x00, 0xE0, 0x1F, 0x00,
	0x28, 0x00, 0x00, 0x00, 0x00, 0x00, 0x00, 0x00, 0x00, 0x00, 0x00, 0x00, 0x38, 0x00, 0x00, 0x00,
	0x00, 0x00, 0x00, 0x00, 0x00, 0x00, 0x44, 0x3B, 0x16, 0x00, 0x00, 0x00, 0x00, 0x00, 0x80, 0x00,
	0x00, 0x68, 0x48, 0x00, 0x26, 0x00, 0x00, 0x00, 0x02, 0x00, 0x02, 0x00, 0x00, 0x67, 0x00, 0x00,
	0x29, 0xA2, 0x24, 0x29, 0x1D, 0x00, 0x00, 0x00, 0x00, 0x80, 0x00, 0x00, 0x16, 0x20, 0x01, 0x00,
	0x00, 0x00, 0x80, 0x00, 0x10, 0x88, 0x48, 0x00, 0x26, 0x00, 0x00, 0x00, 0x00, 0x00, 0x02, 0x00,
	0x3C, 0x68, 0x00, 0x00, 0x29, 0xB1, 0x24, 0x29, 0x1D, 0x00, 0x00, 0x12, 0x7C, 0x80, 0x00, 0x00,
	0x2E, 0x40, 0x9C, 0x00, 0x00, 0x00, 0xE0, 0x41, 0x01, 0x90, 0x06, 0x00, 0x00, 0x00, 0x00, 0x00,
	0x00, 0x00, 0x00, 0x00, 0x00, 0x00, 0x00, 0x00, 0x00, 0x00, 0x14, 0x00, 0x00, 0x00, 0x00, 0x00,
	0x00, 0x00, 0x00, 0x00, 0x0E, 0x00, 0x50, 0x00, 0x00, 0x00, 0xE0, 0x01, 0x00, 0x1C, 0x20, 0x00,
	0x28, 0x00, 0x00, 0x00, 0x00, 0x00, 0x00, 0x00, 0x00, 0x00, 0x00, 0x00, 0x38, 0x00, 0x00, 0x00,
	0x00, 0x00, 0x00, 0x00, 0x00, 0x00, 0x44, 0x3B, 0x16, 0x00, 0x00, 0x00, 0x00, 0x00, 0x80, 0x00,
	0x00, 0x68, 0x48, 0x00, 0x26, 0x00, 0x00, 0x00, 0x02, 0x00, 0x02, 0x00, 0x14, 0x67, 0x00, 0x00,
	0x29, 0xA2, 0x24, 0x29, 0x1D, 0x00, 0x00, 0x00, 0x14, 0x80, 0x00, 0x00, 0x16, 0x20, 0x01, 0x00,
	0x00, 0x00, 0x80, 0x00, 0x10, 0x88, 0x48, 0x00, 0x26, 0x00, 0x00, 0x00, 0x00, 0x00, 0x02, 0x00,
	0x28, 0x68, 0x00, 0x00, 0x29, 0xB1, 0x24, 0x29, 0x1D, 0x00, 0x00, 0x12, 0x68, 0x80, 0x00, 0x00,
	0x2E, 0x40, 0x9C, 0x00, 0x00, 0x00, 0xE0, 0x41, 0x01, 0xCC, 0x06, 0x00, 0x00, 0x00, 0x00, 0x00,
	0x00, 0x00, 0x00, 0x00, 0x00, 0x00, 0x00, 0x00, 0x00, 0x00, 0x14, 0x00, 0x00, 0x00, 0x00, 0x00,
	0x00, 0x00, 0x00, 0x00, 0x0E, 0x00, 0x50, 0x00, 0x00, 0x00, 0xE0, 0x01, 0x00, 0x58, 0x20, 0x00,
	0x28, 0x00, 0x00, 0x00, 0x00, 0x00, 0x00, 0x00, 0x00, 0x00, 0x00, 0x00, 0x38, 0x00, 0x00, 0x00,
	0x00, 0x00, 0x00, 0x00, 0x00, 0x00, 0x44, 0x3B, 0x16, 0x00, 0x00, 0x00, 0x00, 0x00, 0x80, 0x00,
	0x00, 0x68, 0x48, 0x00, 0x26, 0x00, 0x00, 0x00, 0x02, 0x00, 0x02, 0x00, 0x00, 0x67, 0x00, 0x00,
	0x29, 0xA2, 0x24, 0x29, 0x1D, 0x00, 0x00, 0x00, 0x00, 0x80, 0x00, 0x00, 0x16, 0x20, 0x01, 0x00,
	0x00, 0x00, 0x80, 0x00, 0x10, 0x88, 0x48, 0x00, 0x26, 0x00, 0x00, 0x00, 0x00, 0x00, 0x02, 0x00,
	0x3C, 0x68, 0x00, 0x00, 0x29, 0xB1, 0x24, 0x29, 0x1D, 0x00, 0x00, 0x12, 0x7C, 0x80, 0x00, 0x00,
	0x2E, 0x40, 0x9C, 0x00, 0x00, 0x00, 0xE0, 0x41, 0x01, 0x08, 0x07, 0x00, 0x00, 0x00, 0x00, 0x00,
	0x00, 0x00, 0x00, 0x00, 0x00, 0x00, 0x00, 0x00, 0x00, 0x00, 0x14, 0x00, 0x00, 0x00, 0x00, 0x00,
	0x00, 0x00, 0x00, 0x00, 0x0E, 0x00, 0x50, 0x00, 0x00, 0x00, 0xE0, 0x01, 0x00, 0x94, 0x20, 0x00,
	0x28, 0x00, 0x00, 0x00, 0x00, 0x00, 0x00, 0x00, 0x00, 0x00, 0x00, 0x00, 0x38, 0x00, 0x00, 0x00,
	0x00, 0x00, 0x00, 0x00, 0x00, 0x00, 0x44, 0x3B, 0x16, 0x00, 0x00, 0x00, 0x00, 0x00, 0x80, 0x00,
	0x00, 0x68, 0x48, 0x00, 0x26, 0x00, 0x00, 0x00, 0x02, 0x00, 0x02, 0x00, 0x14, 0x67, 0x00, 0x00,
	0x29, 0xA2, 0x24, 0x29, 0x1D, 0x00, 0x00, 0x00, 0x14, 0x80, 0x00, 0x00, 0x16, 0x20, 0x01, 0x00,
	0x00, 0x00, 0x80, 0x00, 0x10, 0x88, 0x48, 0x00, 0x26, 0x00, 0x00, 0x00, 0x00, 0x00, 0x02, 0x00,
	0x28, 0x68, 0x00, 0x00, 0x29, 0xB1, 0x24, 0x29, 0x1D, 0x00, 0x00, 0x12, 0x68, 0x80, 0x00, 0x00,
	0x2E, 0x40, 0x9C, 0x00, 0x00, 0x00, 0xE0, 0x41, 0x01, 0x44, 0x07, 0x00, 0x00, 0x00, 0x00, 0x00,
	0x00, 0x00, 0x00, 0x00, 0x00, 0x00, 0x00, 0x00, 0x00, 0x00, 0x14, 0x00, 0x00, 0x00, 0x00, 0x00,
	0x00, 0x00, 0x00, 0x00, 0x00, 0x00, 0x00, 0x00, 0x00, 0x00, 0x00, 0x00, 0x00, 0x00, 0x00, 0x00,
	0x00, 0x00, 0x14, 0x00, 0x00, 0x00, 0x00, 0x00, 0x00, 0x00, 0x00, 0x00, 0x0E, 0x00, 0x0B, 0x00,
	0x00, 0x00, 0xE0, 0x01, 0x01, 0xE0, 0x01, 0x00, 0x0D, 0x00, 0x84, 0x00, 0x00, 0x00, 0x0C, 0x00,
	0x00, 0x00, 0x00, 0x01, 0x0E, 0x00, 0x0B, 0x00, 0x00, 0x00, 0xE0, 0x01, 0x01, 0xA0, 0x05, 0x00,
	0x0D, 0x00, 0x85, 0x00, 0x00, 0x00, 0x0C, 0x00, 0x00, 0x00, 0x02, 0x01, 0x28, 0x00, 0x00, 0x00,
	0x00, 0x00, 0x00, 0x00, 0x00, 0x00, 0x00, 0x00, 0x38, 0x00, 0x00, 0x00, 0x00, 0x00, 0x00, 0x00,
	0x00, 0x00, 0x44, 0x33, 0x16, 0x00, 0x00, 0x00, 0x00, 0x00, 0x40, 0x00, 0x00, 0xA8, 0x48, 0x00,
	0x26, 0x00, 0x00, 0x00, 0x02, 0x00, 0x02, 0x00, 0x00, 0x68, 0x00, 0x00, 0x29, 0x70, 0x88, 0x8C,
	0x1C, 0x00, 0x00, 0x00, 0x00, 0x80, 0x00, 0x00, 0x16, 0x20, 0x01, 0x00, 0x00, 0x00, 0x40, 0x00,
	0x10, 0xB8, 0x48, 0x00, 0x26, 0x00, 0x00, 0x00, 0x00, 0x00, 0x02, 0x00, 0x3C, 0x69, 0x00, 0x00,
	0x29, 0x84, 0x88, 0x8C, 0x1C, 0x00, 0x00, 0x12, 0x7C, 0x80, 0x00, 0x00, 0x16, 0x00, 0x00, 0x00,
	0x00, 0x00, 0x40, 0x00, 0x00, 0xC8, 0x48, 0x00, 0x26, 0x00, 0x00, 0x00, 0x02, 0x00, 0x02, 0x00,
	0x14, 0x69, 0x00, 0x00, 0x29, 0x98, 0x88, 0x8C, 0x1C, 0x00, 0x00, 0x00, 0x14, 0x80, 0x00, 0x00,
	0x16, 0x20, 0x01, 0x00, 0x00, 0x00, 0x40, 0x00, 0x10, 0xD8, 0x48, 0x00, 0x26, 0x00, 0x00, 0x00,
	0x00, 0x00, 0x02, 0x00, 0x28, 0x6A, 0x00, 0x00, 0x29, 0xAC, 0x88, 0x8C, 0x1C, 0x00, 0x00, 0x12,
	0x68, 0x80, 0x00, 0x00, 0x2E, 0x00, 0x46, 0x00, 0x00, 0x00, 0xE0, 0xC1, 0x00, 0xF0, 0x0F, 0x00,
	0x00, 0x00, 0x00, 0x00, 0x00, 0x00, 0x00, 0x00, 0x00, 0x00, 0x00, 0x00, 0x00, 0x00, 0x14, 0x00,
	0x00, 0x00, 0x00, 0x00, 0x00, 0x00, 0x00, 0x00, 0x0E, 0x00, 0x0B, 0x00, 0x00, 0x00, 0xE0, 0x01,
	0x01, 0x30, 0x02, 0x00, 0x0D, 0x00, 0x84, 0x00, 0x00, 0x00, 0x0C, 0x00, 0x00, 0x00, 0x00, 0x01,
	0x0E, 0x00, 0x0B, 0x00, 0x00, 0x00, 0xE0, 0x01, 0x01, 0xF0, 0x05, 0x00, 0x0D, 0x00, 0x85, 0x00,
	0x00, 0x00, 0x0C, 0x00, 0x00, 0x00, 0x02, 0x01, 0x28, 0x00, 0x00, 0x00, 0x00, 0x00, 0x00, 0x00,
	0x00, 0x00, 0x00, 0x00, 0x38, 0x00, 0x00, 0x00, 0x00, 0x00, 0x00, 0x00, 0x00, 0x00, 0x44, 0x33,
	0x16, 0x00, 0x00, 0x00, 0x00, 0x00, 0x40, 0x00, 0x00, 0xA8, 0x48, 0x00, 0x26, 0x00, 0x00, 0x00,
	0x02, 0x00, 0x02, 0x00, 0x00, 0x68, 0x00, 0x00, 0x29, 0x70, 0x88, 0x8C, 0x1C, 0x00, 0x00, 0x00,
	0x00, 0x80, 0x00, 0x00, 0x16, 0x20, 0x01, 0x00, 0x00, 0x00, 0x40, 0x00, 0x10, 0xB8, 0x48, 0x00,
	0x26, 0x00, 0x00, 0x00, 0x00, 0x00, 0x02, 0x00, 0x3C, 0x69, 0x00, 0x00, 0x29, 0x84, 0x88, 0x8C,
	0x1C, 0x00, 0x00, 0x12, 0x7C, 0x80, 0x00, 0x00, 0x16, 0x00, 0x00, 0x00, 0x00, 0x00, 0x40, 0x00,
	0x00, 0xC8, 0x48, 0x00, 0x26, 0x00, 0x00, 0x00, 0x02, 0x00, 0x02, 0x00, 0x14, 0x69, 0x00, 0x00,
	0x29, 0x98, 0x88, 0x8C, 0x1C, 0x00, 0x00, 0x00, 0x14, 0x80, 0x00, 0x00, 0x16, 0x20, 0x01, 0x00,
	0x00, 0x00, 0x40, 0x00, 0x10, 0xD8, 0x48, 0x00, 0x26, 0x00, 0x00, 0x00, 0x00, 0x00, 0x02, 0x00,
	0x28, 0x6A, 0x00, 0x00, 0x29, 0xAC, 0x88, 0x8C, 0x1C, 0x00, 0x00, 0x12, 0x68, 0x80, 0x00, 0x00,
	0x2E, 0x00, 0x46, 0x00, 0x00, 0x00, 0xE0, 0xC1, 0x00, 0x40, 0x10, 0x00, 0x00, 0x00, 0x00, 0x00,
	0x00, 0x00, 0x00, 0x00, 0x00, 0x00, 0x00, 0x00, 0x00, 0x00, 0x14, 0x00, 0x00, 0x00, 0x00, 0x00,
	0x00, 0x00, 0x00, 0x00, 0x0E, 0x00, 0x0B, 0x00, 0x00, 0x00, 0xE0, 0x01, 0x01, 0x80, 0x02, 0x00,
	0x0D, 0x00, 0x84, 0x00, 0x00, 0x00, 0x0C, 0x00, 0x00, 0x00, 0x00, 0x01, 0x0E, 0x00, 0x0B, 0x00,
	0x00, 0x00, 0xE0, 0x01, 0x01, 0x40, 0x06, 0x00, 0x0D, 0x00, 0x85, 0x00, 0x00, 0x00, 0x0C, 0x00,
	0x00, 0x00, 0x02, 0x01, 0x28, 0x00, 0x00, 0x00, 0x00, 0x00, 0x00, 0x00, 0x00, 0x00, 0x00, 0x00,
	0x38, 0x00, 0x00, 0x00, 0x00, 0x00, 0x00, 0x00, 0x00, 0x00, 0x44, 0x33, 0x16, 0x00, 0x00, 0x00,
	0x00, 0x00, 0x40, 0x00, 0x00, 0xA8, 0x48, 0x00, 0x26, 0x00, 0x00, 0x00, 0x02, 0x00, 0x02, 0x00,
	0x00, 0x68, 0x00, 0x00, 0x29, 0x70, 0x88, 0x8C, 0x1C, 0x00, 0x00, 0x00, 0x00, 0x80, 0x00, 0x00,
	0x16, 0x20, 0x01, 0x00, 0x00, 0x00, 0x40, 0x00, 0x10, 0xB8, 0x48, 0x00, 0x26, 0x00, 0x00, 0x00,
	0x00, 0x00, 0x02, 0x00, 0x3C, 0x69, 0x00, 0x00, 0x29, 0x84, 0x88, 0x8C, 0x1C, 0x00, 0x00, 0x12,
	0x7C, 0x80, 0x00, 0x00, 0x16, 0x00, 0x00, 0x00, 0x00, 0x00, 0x40, 0x00, 0x00, 0xC8, 0x48, 0x00,
	0x26, 0x00, 0x00, 0x00, 0x02, 0x00, 0x02, 0x00, 0x14, 0x69, 0x00, 0x00, 0x29, 0x98, 0x88, 0x8C,
	0x1C, 0x00, 0x00, 0x00, 0x14, 0x80, 0x00, 0x00, 0x16, 0x20, 0x01, 0x00, 0x00, 0x00, 0x40, 0x00,
	0x10, 0xD8, 0x48, 0x00, 0x26, 0x00, 0x00, 0x00, 0x00, 0x00, 0x02, 0x00, 0x28, 0x6A, 0x00, 0x00,
	0x29, 0xAC, 0x88, 0x8C, 0x1C, 0x00, 0x00, 0x12, 0x68, 0x80, 0x00, 0x00, 0x2E, 0x00, 0x46, 0x00,
	0x00, 0x00, 0xE0, 0xC1, 0x00, 0x90, 0x10, 0x00, 0x00, 0x00, 0x00, 0x00, 0x00, 0x00, 0x00, 0x00,
	0x00, 0x00, 0x00, 0x00, 0x00, 0x00, 0x14, 0x00, 0x00, 0x00, 0x00, 0x00, 0x00, 0x00, 0x00, 0x00,
	0x0E, 0x00, 0x0B, 0x00, 0x00, 0x00, 0xE0, 0x01, 0x01, 0xD0, 0x02, 0x00, 0x0D, 0x00, 0x84, 0x00,
	0x00, 0x00, 0x0C, 0x00, 0x00, 0x00, 0x00, 0x01, 0x0E, 0x00, 0x0B, 0x00, 0x00, 0x00, 0xE0, 0x01,
	0x01, 0x90, 0x06, 0x00, 0x0D, 0x00, 0x85, 0x00, 0x00, 0x00, 0x0C, 0x00, 0x00, 0x00, 0x02, 0x01,
	0x28, 0x00, 0x00, 0x00, 0x00, 0x00, 0x00, 0x00, 0x00, 0x00, 0x00, 0x00, 0x38, 0x00, 0x00, 0x00,
	0x00, 0x00, 0x00, 0x00, 0x00, 0x00, 0x44, 0x33, 0x16, 0x00, 0x00, 0x00, 0x00, 0x00, 0x40, 0x00,
	0x00, 0xA8, 0x48, 0x00, 0x26, 0x00, 0x00, 0x00, 0x02, 0x00, 0x02, 0x00, 0x00, 0x68, 0x00, 0x00,
	0x29, 0x70, 0x88, 0x8C, 0x1C, 0x00, 0x00, 0x00, 0x00, 0x80, 0x00, 0x00, 0x16, 0x20, 0x01, 0x00,
	0x00, 0x00, 0x40, 0x00, 0x10, 0xB8, 0x48, 0x00, 0x26, 0x00, 0x00, 0x00, 0x00, 0x00, 0x02, 0x00,
	0x3C, 0x69, 0x00, 0x00, 0x29, 0x84, 0x88, 0x8C, 0x1C, 0x00, 0x00, 0x12, 0x7C, 0x80, 0x00, 0x00,
	0x16, 0x00, 0x00, 0x00, 0x00, 0x00, 0x40, 0x00, 0x00, 0xC8, 0x48, 0x00, 0x26, 0x00, 0x00, 0x00,
	0x02, 0x00, 0x02, 0x00, 0x14, 0x69, 0x00, 0x00, 0x29, 0x98, 0x88, 0x8C, 0x1C, 0x00, 0x00, 0x00,
	0x14, 0x80, 0x00, 0x00, 0x16, 0x20, 0x01, 0x00, 0x00, 0x00, 0x40, 0x00, 0x10, 0xD8, 0x48, 0x00,
	0x26, 0x00, 0x00, 0x00, 0x00, 0x00, 0x02, 0x00, 0x28, 0x6A, 0x00, 0x00, 0x29, 0xAC, 0x88, 0x8C,
	0x1C, 0x00, 0x00, 0x12, 0x68, 0x80, 0x00, 0x00, 0x2E, 0x00, 0x46, 0x00, 0x00, 0x00, 0xE0, 0xC1,
	0x00, 0xE0, 0x10, 0x00, 0x00, 0x00, 0x00, 0x00, 0x00, 0x00, 0x00, 0x00, 0x00, 0x00, 0x00, 0x00,
	0x00, 0x00, 0x14, 0x00, 0x00, 0x00, 0x00, 0x00, 0x00, 0x00, 0x00, 0x00, 0x0E, 0x00, 0x0B, 0x00,
	0x00, 0x00, 0xE0, 0x01, 0x01, 0x20, 0x03, 0x00, 0x0D, 0x00, 0x84, 0x00, 0x00, 0x00, 0x0C, 0x00,
	0x00, 0x00, 0x00, 0x01, 0x0E, 0x00, 0x0B, 0x00, 0x00, 0x00, 0xE0, 0x01, 0x01, 0xE0, 0x06, 0x00,
	0x0D, 0x00, 0x85, 0x00, 0x00, 0x00, 0x0C, 0x00, 0x00, 0x00, 0x02, 0x01, 0x28, 0x00, 0x00, 0x00,
	0x00, 0x00, 0x00, 0x00, 0x00, 0x00, 0x00, 0x00, 0x38, 0x00, 0x00, 0x00, 0x00, 0x00, 0x00, 0x00,
	0x00, 0x00, 0x44, 0x33, 0x16, 0x00, 0x00, 0x00, 0x00, 0x00, 0x40, 0x00, 0x00, 0xA8, 0x48, 0x00,
	0x26, 0x00, 0x00, 0x00, 0x02, 0x00, 0x02, 0x00, 0x00, 0x68, 0x00, 0x00, 0x29, 0x70, 0x88, 0x8C,
	0x1C, 0x00, 0x00, 0x00, 0x00, 0x80, 0x00, 0x00, 0x16, 0x20, 0x01, 0x00, 0x00, 0x00, 0x40, 0x00,
	0x10, 0xB8, 0x48, 0x00, 0x26, 0x00, 0x00, 0x00, 0x00, 0x00, 0x02, 0x00, 0x3C, 0x69, 0x00, 0x00,
	0x29, 0x84, 0x88, 0x8C, 0x1C, 0x00, 0x00, 0x12, 0x7C, 0x80, 0x00, 0x00, 0x16, 0x00, 0x00, 0x00,
	0x00, 0x00, 0x40, 0x00, 0x00, 0xC8, 0x48, 0x00, 0x26, 0x00, 0x00, 0x00, 0x02, 0x00, 0x02, 0x00,
	0x14, 0x69, 0x00, 0x00, 0x29, 0x98, 0x88, 0x8C, 0x1C, 0x00, 0x00, 0x00, 0x14, 0x80, 0x00, 0x00,
	0x16, 0x20, 0x01, 0x00, 0x00, 0x00, 0x40, 0x00, 0x10, 0xD8, 0x48, 0x00, 0x26, 0x00, 0x00, 0x00,
	0x00, 0x00, 0x02, 0x00, 0x28, 0x6A, 0x00, 0x00, 0x29, 0xAC, 0x88, 0x8C, 0x1C, 0x00, 0x00, 0x12,
	0x68, 0x80, 0x00, 0x00, 0x2E, 0x00, 0x46, 0x00, 0x00, 0x00, 0xE0, 0xC1, 0x00, 0x30, 0x11, 0x00,
	0x00, 0x00, 0x00, 0x00, 0x00, 0x00, 0x00, 0x00, 0x00, 0x00, 0x00, 0x00, 0x00, 0x00, 0x14, 0x00,
	0x00, 0x00, 0x00, 0x00, 0x00, 0x00, 0x00, 0x00, 0x0E, 0x00, 0x0B, 0x00, 0x00, 0x00, 0xE0, 0x01,
	0x01, 0x70, 0x03, 0x00, 0x0D, 0x00, 0x84, 0x00, 0x00, 0x00, 0x0C, 0x00, 0x00, 0x00, 0x00, 0x01,
	0x0E, 0x00, 0x0B, 0x00, 0x00, 0x00, 0xE0, 0x01, 0x01, 0x30, 0x07, 0x00, 0x0D, 0x00, 0x85, 0x00,
	0x00, 0x00, 0x0C, 0x00, 0x00, 0x00, 0x02, 0x01, 0x28, 0x00, 0x00, 0x00, 0x00, 0x00, 0x00, 0x00,
	0x00, 0x00, 0x00, 0x00, 0x38, 0x00, 0x00, 0x00, 0x00, 0x00, 0x00, 0x00, 0x00, 0x00, 0x44, 0x33,
	0x16, 0x00, 0x00, 0x00, 0x00, 0x00, 0x40, 0x00, 0x00, 0xA8, 0x48, 0x00, 0x26, 0x00, 0x00, 0x00,
	0x02, 0x00, 0x02, 0x00, 0x00, 0x68, 0x00, 0x00, 0x29, 0x70, 0x88, 0x8C, 0x1C, 0x00, 0x00, 0x00,
	0x00, 0x80, 0x00, 0x00, 0x16, 0x20, 0x01, 0x00, 0x00, 0x00, 0x40, 0x00, 0x10, 0xB8, 0x48, 0x00,
	0x26, 0x00, 0x00, 0x00, 0x00, 0x00, 0x02, 0x00, 0x3C, 0x69, 0x00, 0x00, 0x29, 0x84, 0x88, 0x8C,
	0x1C, 0x00, 0x00, 0x12, 0x7C, 0x80, 0x00, 0x00, 0x16, 0x00, 0x00, 0x00, 0x00, 0x00, 0x40, 0x00,
	0x00, 0xC8, 0x48, 0x00, 0x26, 0x00, 0x00, 0x00, 0x02, 0x00, 0x02, 0x00, 0x14, 0x69, 0x00, 0x00,
	0x29, 0x98, 0x88, 0x8C, 0x1C, 0x00, 0x00, 0x00, 0x14, 0x80, 0x00, 0x00, 0x16, 0x20, 0x01, 0x00,
	0x00, 0x00, 0x40, 0x00, 0x10, 0xD8, 0x48, 0x00, 0x26, 0x00, 0x00, 0x00, 0x00, 0x00, 0x02, 0x00,
	0x28, 0x6A, 0x00, 0x00, 0x29, 0xAC, 0x88, 0x8C, 0x1C, 0x00, 0x00, 0x12, 0x68, 0x80, 0x00, 0x00,
	0x2E, 0x00, 0x46, 0x00, 0x00, 0x00, 0xE0, 0xC1, 0x00, 0x80, 0x11, 0x00, 0x00, 0x00, 0x00, 0x00,
	0x00, 0x00, 0x00, 0x00, 0x00, 0x00, 0x00, 0x00, 0x00, 0x00, 0x14, 0x00, 0x00, 0x00, 0x00, 0x00,
	0x00, 0x00, 0x00, 0x00, 0x00, 0x00, 0x00, 0x00, 0x00, 0x00, 0x00, 0x00, 0x00, 0x00, 0x00, 0x00,
	0x00, 0x00, 0x14, 0x00, 0x00, 0x00, 0x00, 0x00, 0x00, 0x00, 0x00, 0x00, 0x0E, 0x00, 0x31, 0x00,
	0x00, 0x00, 0xE0, 0x81, 0x00, 0xF0, 0x0F, 0x00, 0x28, 0x00, 0x00, 0x00, 0x00, 0x00, 0x00, 0x00,
	0x00, 0x00, 0x00, 0x00, 0x38, 0x00, 0x00, 0x00, 0x00, 0x00, 0x00, 0x00, 0x00, 0x00, 0x0A, 0x33,
	0x16, 0x00, 0x00, 0x00, 0x00, 0x00, 0x40, 0x02, 0x00, 0xE8, 0x48, 0x00, 0x26, 0x00, 0x00, 0x00,
	0x02, 0x00, 0x02, 0x00, 0x00, 0x6A, 0x00, 0x00, 0x29, 0x00, 0xFC, 0x5C, 0x04, 0x20, 0x01, 0x00,
	0x00, 0x80, 0x00, 0x00, 0x16, 0x20, 0x01, 0x00, 0x00, 0x00, 0x40, 0x02, 0x10, 0x78, 0x49, 0x00,
	0x26, 0x00, 0x00, 0x00, 0x00, 0x00, 0x02, 0x00, 0x3C, 0x6B, 0x00, 0x00, 0x29, 0x07, 0xFC, 0x5C,
	0x04, 0x20, 0x01, 0x12, 0x7C, 0x80, 0x20, 0x00, 0x16, 0x00, 0x00, 0x00, 0x00, 0x00, 0x40, 0x02,
	0x00, 0x08, 0x4A, 0x00, 0x26, 0x00, 0x00, 0x00, 0x02, 0x00, 0x02, 0x00, 0x14, 0x6B, 0x00, 0x00,
	0x29, 0x0F, 0xFC, 0x5C, 0x04, 0x20, 0x01, 0x00, 0x14, 0x80, 0x00, 0x00, 0x16, 0x20, 0x01, 0x00,
	0x00, 0x00, 0x40, 0x02, 0x10, 0x98, 0x4A, 0x00, 0x26, 0x00, 0x00, 0x00, 0x00, 0x00, 0x02, 0x00,
	0x28, 0x6C, 0x00, 0x00, 0x29, 0x16, 0xFC, 0x5C, 0x04, 0x20, 0x01, 0x12, 0x68, 0x80, 0x20, 0x00,
	0x40, 0xAC, 0x4A, 0x00, 0x00, 0x00, 0x00, 0x00, 0x00, 0x00, 0x00, 0x00, 0xDC, 0x40, 0x08, 0x41,
	0x01, 0x00, 0x00, 0x00, 0x00, 0x00, 0x80, 0x0B, 0x2E, 0x40, 0x8C, 0x00, 0x00, 0x00, 0x78, 0x40,
	0x01, 0xE0, 0x01, 0x00, 0x00, 0x00, 0x00, 0x00, 0x00, 0x00, 0x00, 0x00, 0x00, 0x00, 0x00, 0x00,
	0x00, 0x00, 0x14, 0x00, 0x00, 0x00, 0x00, 0x00, 0x00, 0x00, 0x00, 0x00, 0x0E, 0xC0, 0xA3, 0x00,
	0x00, 0x00, 0xE0, 0x41, 0x00, 0x5E, 0x10, 0x00, 0x28, 0x00, 0x00, 0x00, 0x00, 0x00, 0x00, 0x00,
	0x00, 0x00, 0x00, 0x00, 0x38, 0x00, 0x00, 0x00, 0x00, 0x00, 0x00, 0x00, 0x00, 0x00, 0x0A, 0x33,
	0x16, 0x00, 0x00, 0x00, 0x00, 0x00, 0x40, 0x02, 0x00, 0xE8, 0x48, 0x00, 0x26, 0x00, 0x00, 0x00,
	0x02, 0x00, 0x02, 0x00, 0x00, 0x6A, 0x00, 0x00, 0x29, 0x00, 0xFC, 0x30, 0x11, 0xF8, 0x00, 0x00,
	0x00, 0x80, 0x00, 0x00, 0x16, 0x20, 0x01, 0x00, 0x00, 0x00, 0x40, 0x02, 0x10, 0x78, 0x49, 0x00,
	0x26, 0x00, 0x00, 0x00, 0x00, 0x00, 0x02, 0x00, 0x3C, 0x6B, 0x00, 0x00, 0x29, 0x07, 0xFC, 0x30,
	0x11, 0xF8, 0x00, 0x12, 0x7C, 0x80, 0x20, 0x00, 0x16, 0x00, 0x00, 0x00, 0x00, 0x00, 0x40, 0x02,
	0x00, 0x08, 0x4A, 0x00, 0x26, 0x00, 0x00, 0x00, 0x02, 0x00, 0x02, 0x00, 0x14, 0x6B, 0x00, 0x00,
	0x29, 0x0F, 0xFC, 0x30, 0x11, 0xF8, 0x00, 0x00, 0x14, 0x80, 0x00, 0x00, 0x16, 0x20, 0x01, 0x00,
	0x00, 0x00, 0x40, 0x02, 0x10, 0x98, 0x4A, 0x00, 0x26, 0x00, 0x00, 0x00, 0x00, 0x00, 0x02, 0x00,
	0x28, 0x6C, 0x00, 0x00, 0x29, 0x16, 0xFC, 0x30, 0x11, 0xF8, 0x00, 0x12, 0x68, 0x80, 0x20, 0x00,
	0x40, 0xAC, 0x4A, 0x00, 0x00, 0x00, 0x00, 0x00, 0x00, 0x00, 0x00, 0x00, 0xDC, 0x40, 0x08, 0x41,
	0x01, 0x00, 0x00, 0x00, 0x00, 0x00, 0x80, 0x0B, 0x2E, 0x40, 0x8C, 0x00, 0x00, 0x00, 0x78, 0x40,
	0x01, 0xFE, 0x01, 0x00, 0x00, 0x00, 0x00, 0x00, 0x00, 0x00, 0x00, 0x00, 0x00, 0x00, 0x00, 0x00,
	0x00, 0x00, 0x14, 0x00, 0x00, 0x00, 0x00, 0x00, 0x00, 0x00, 0x00, 0x00, 0x0E, 0xC0, 0xA3, 0x00,
	0x00, 0x00, 0xE0, 0x41, 0x00, 0xD6, 0x10, 0x00, 0x28, 0x00, 0x00, 0x00, 0x00, 0x00, 0x00, 0x00,
	0x00, 0x00, 0x00, 0x00, 0x38, 0x00, 0x00, 0x00, 0x00, 0x00, 0x00, 0x00, 0x00, 0x00, 0x0A, 0x33,
	0x16, 0x00, 0x00, 0x00, 0x00, 0x00, 0x40, 0x02, 0x00, 0xE8, 0x48, 0x00, 0x26, 0x00, 0x00, 0x00,
	0x02, 0x00, 0x02, 0x00, 0x00, 0x6A, 0x00, 0x00, 0x29, 0x00, 0xFC, 0x30, 0x11, 0xF8, 0x00, 0x00,
	0x00, 0x80, 0x00, 0x00, 0x16, 0x20, 0x01, 0x00, 0x00, 0x00, 0x40, 0x02, 0x10, 0x78, 0x49, 0x00,
	0x26, 0x00, 0x00, 0x00, 0x00, 0x00, 0x02, 0x00, 0x3C, 0x6B, 0x00, 0x00, 0x29, 0x07, 0xFC, 0x30,
	0x11, 0xF8, 0x00, 0x12, 0x7C, 0x80, 0x20, 0x00, 0x16, 0x00, 0x00, 0x00, 0x00, 0x00, 0x40, 0x02,
	0x00, 0x08, 0x4A, 0x00, 0x26, 0x00, 0x00, 0x00, 0x02, 0x00, 0x02, 0x00, 0x14, 0x6B, 0x00, 0x00,
	0x29, 0x0F, 0xFC, 0x30, 0x11, 0xF8, 0x00, 0x00, 0x14, 0x80, 0x00, 0x00, 0x16, 0x20, 0x01, 0x00,
	0x00, 0x00, 0x40, 0x02, 0x10, 0x98, 0x4A, 0x00, 0x26, 0x00, 0x00, 0x00, 0x00, 0x00, 0x02, 0x00,
	0x28, 0x6C, 0x00, 0x00, 0x29, 0x16, 0xFC, 0x30, 0x11, 0xF8, 0x00, 0x12, 0x68, 0x80, 0x20, 0x00,
	0x40, 0xAC, 0x4A, 0x00, 0x00, 0x00, 0x00, 0x00, 0x00, 0x00, 0x00, 0x00, 0xDC, 0x40, 0x08, 0x41,
	0x01, 0x00, 0x00, 0x00, 0x00, 0x00, 0x80, 0x0B, 0x2E, 0x40, 0x8C, 0x00, 0x00, 0x00, 0x78, 0x40,
	0x01, 0x1C, 0x02, 0x00, 0x00, 0x00, 0x00, 0x00, 0x00, 0x00, 0x00, 0x00, 0x00, 0x00, 0x00, 0x00,
	0x00, 0x00, 0x14, 0x00, 0x00, 0x00, 0x00, 0x00, 0x00, 0x00, 0x00, 0x00, 0x0E, 0xC0, 0xA3, 0x00,
	0x00, 0x00, 0xE0, 0x41, 0x00, 0x4E, 0x11, 0x00, 0x28, 0x00, 0x00, 0x00, 0x00, 0x00, 0x00, 0x00,
	0x00, 0x00, 0x00, 0x00, 0x38, 0x00, 0x00, 0x00, 0x00, 0x00, 0x00, 0x00, 0x00, 0x00, 0x0A, 0x33,
	0x16, 0x00, 0x00, 0x00, 0x00, 0x00, 0x40, 0x02, 0x00, 0xE8, 0x48, 0x00, 0x26, 0x00, 0x00, 0x00,
	0x02, 0x00, 0x02, 0x00, 0x00, 0x6A, 0x00, 0x00, 0x29, 0x00, 0xFC, 0x30, 0x11, 0xF8, 0x00, 0x00,
	0x00, 0x80, 0x00, 0x00, 0x16, 0x20, 0x01, 0x00, 0x00, 0x00, 0x40, 0x02, 0x10, 0x78, 0x49, 0x00,
	0x26, 0x00, 0x00, 0x00, 0x00, 0x00, 0x02, 0x00, 0x3C, 0x6B, 0x00, 0x00, 0x29, 0x07, 0xFC, 0x30,
	0x11, 0xF8, 0x00, 0x12, 0x7C, 0x80, 0x20, 0x00, 0x16, 0x00, 0x00, 0x00, 0x00, 0x00, 0x40, 0x02,
	0x00, 0x08, 0x4A, 0x00, 0x26, 0x00, 0x00, 0x00, 0x02, 0x00, 0x02, 0x00, 0x14, 0x6B, 0x00, 0x00,
	0x29, 0x0F, 0xFC, 0x30, 0x11, 0xF8, 0x00, 0x00, 0x14, 0x80, 0x00, 0x00, 0x16, 0x20, 0x01, 0x00,
	0x00, 0x00, 0x40, 0x02, 0x10, 0x98, 0x4A, 0x00, 0x26, 0x00, 0x00, 0x00, 0x00, 0x00, 0x02, 0x00,
	0x28, 0x6C, 0x00, 0x00, 0x29, 0x16, 0xFC, 0x30, 0x11, 0xF8, 0x00, 0x12, 0x68, 0x80, 0x20, 0x00,
	0x40, 0xAC, 0x4A, 0x00, 0x00, 0x00, 0x00, 0x00, 0x00, 0x00, 0x00, 0x00, 0xDC, 0x40, 0x08, 0x41,
	0x01, 0x00, 0x00, 0x00, 0x00, 0x00, 0x80, 0x0B, 0x2E, 0x40, 0x8C, 0x00, 0x00, 0x00, 0x78, 0x40,
	0x01, 0x3A, 0x02, 0x00, 0x00, 0x00, 0x00, 0x00, 0x00, 0x00, 0x00, 0x00, 0x00, 0x00, 0x00, 0x00,
	0x00, 0x00, 0x14, 0x00, 0x00, 0x00, 0x00, 0x00, 0x00, 0x00, 0x00, 0x00, 0x00, 0x00, 0x00, 0x00,
	0x00, 0x00, 0x00, 0x00, 0x00, 0x00, 0x00, 0x00, 0x00, 0x00, 0x14, 0x00, 0x00, 0x00, 0x00, 0x00,
	0x00, 0x00, 0x00, 0x00, 0x0E, 0x00, 0x54, 0x00, 0x00, 0x00, 0x78, 0x00, 0x00, 0xE0, 0x01, 0x00,
	0x0D, 0x00, 0xAD, 0x00, 0x00, 0x00, 0x00, 0x00, 0x00, 0x00, 0x04, 0x00, 0x0E, 0x00, 0x54, 0x00,
	0x00, 0x00, 0x78, 0x00, 0x00, 0x00, 0x00, 0x00, 0x0D, 0x80, 0xAC, 0x00, 0x00, 0x00, 0x00, 0x00,
	0x00, 0x00, 0x08, 0x00, 0x2E, 0x00, 0x51, 0x00, 0x00, 0x00, 0x78, 0x80, 0x00, 0xC0, 0x03, 0x00,
	0x00, 0x00, 0x00, 0x00, 0x00, 0x00, 0x00, 0x00, 0x00, 0x00, 0x00, 0x00, 0x00, 0x00, 0x14, 0x00,
	0x00, 0x00, 0x00, 0x00, 0x00, 0x00, 0x00, 0x00, 0x0E, 0x00, 0x54, 0x00, 0x00, 0x00, 0x78, 0x00,
	0x00, 0x1C, 0x02, 0x00, 0x0D, 0x00, 0xAD, 0x00, 0x00, 0x00, 0x00, 0x00, 0x00, 0x00, 0x04, 0x00,
	0x0E, 0x00, 0x54, 0x00, 0x00, 0x00, 0x78, 0x00, 0x00, 0x3C, 0x00, 0x00, 0x0D, 0x80, 0xAC, 0x00,
	0x00, 0x00, 0x00, 0x00, 0x00, 0x00, 0x08, 0x00, 0x2E, 0x00, 0x51, 0x00, 0x00, 0x00, 0x78, 0x80,
	0x00, 0xFC, 0x03, 0x00, 0x00, 0x00, 0x00, 0x00, 0x00, 0x00, 0x00, 0x00, 0x00, 0x00, 0x00, 0x00,
	0x00, 0x00, 0x14, 0x00, 0x00, 0x00, 0x00, 0x00, 0x00, 0x00, 0x00, 0x00, 0x00, 0x00, 0x00, 0x00,
	0x00, 0x00, 0x00, 0x00, 0x00, 0x00, 0x00, 0x00, 0x00, 0x00, 0x14, 0x00, 0x00, 0x00, 0x00, 0x00,
	0x00, 0x00, 0x00, 0x00, 0x0E, 0xC0, 0x64, 0x00, 0x00, 0x00, 0x78, 0xC0, 0x00, 0xC0, 0x03, 0x00,
	0x28, 0x00, 0x00, 0x00, 0x00, 0x00, 0x00, 0x00, 0x00, 0x00, 0x00, 0x00, 0x38, 0x00, 0x00, 0x00,
	0x00, 0x00, 0x00, 0x00, 0x00, 0x00, 0x44, 0x33, 0x16, 0x00, 0x00, 0x00, 0x00, 0x00, 0x80, 0x00,
	0x00, 0x28, 0x4B, 0x00, 0x26, 0x00, 0x00, 0x00, 0x02, 0x00, 0x02, 0x00, 0x00, 0x6C, 0x00, 0x00,
	0x29, 0x00, 0x34, 0xC1, 0x1C, 0x98, 0x01, 0x00, 0x00, 0x80, 0x00, 0x00, 0x16, 0x20, 0x01, 0x00,
	0x00, 0x00, 0x80, 0x00, 0x10, 0x48, 0x4B, 0x00, 0x26, 0x00, 0x00, 0x00, 0x00, 0x00, 0x02, 0x00,
	0x3C, 0x6D, 0x00, 0x00, 0x29, 0x0B, 0x34, 0xC1, 0x1C, 0x98, 0x01, 0x12, 0x7C, 0x80, 0x10, 0x00,
	0x16, 0x00, 0x00, 0x00, 0x00, 0x00, 0x80, 0x00, 0x00, 0x68, 0x4B, 0x00, 0x26, 0x00, 0x00, 0x00,
	0x02, 0x00, 0x02, 0x00, 0x14, 0x6D, 0x00, 0x00, 0x29, 0x16, 0x34, 0xC1, 0x1C, 0x98, 0x01, 0x00,
	0x14, 0x80, 0x20, 0x00, 0x16, 0x20, 0x01, 0x00, 0x00, 0x00, 0x80, 0x00, 0x10, 0x88, 0x4B, 0x00,
	0x26, 0x00, 0x00, 0x00, 0x00, 0x00, 0x02, 0x00, 0x28, 0x6E, 0x00, 0x00, 0x29, 0x21, 0x34, 0xC1,
	0x1C, 0x98, 0x01, 0x12, 0x68, 0x80, 0x30, 0x00, 0x28, 0x00, 0x00, 0x00, 0x00, 0x00, 0x00, 0x00,
	0x00, 0x00, 0x00, 0x00, 0x38, 0x00, 0x00, 0x00, 0x00, 0x00, 0x00, 0x00, 0x00, 0x00, 0x84, 0x33,
	0x16, 0x00, 0x00, 0x00, 0x00, 0x00, 0x40, 0x00, 0x00, 0xA8, 0x4B, 0x00, 0x26, 0x00, 0x00, 0x00,
	0x02, 0x00, 0x02, 0x00, 0x00, 0x6E, 0x00, 0x00, 0x29, 0x93, 0x34, 0x39, 0x1D, 0x00, 0x00, 0x00,
	0x00, 0x80, 0x00, 0x00, 0x16, 0x20, 0x01, 0x00, 0x00, 0x00, 0x40, 0x00, 0x10, 0xB8, 0x4B, 0x00,
	0x26, 0x00, 0x00, 0x00, 0x00, 0x00, 0x02, 0x00, 0x3C, 0x6F, 0x00, 0x00, 0x29, 0x9E, 0x34, 0x39,
	0x1D, 0x00, 0x00, 0x12, 0x7C, 0x80, 0x10, 0x00, 0x16, 0x00, 0x00, 0x00, 0x00, 0x00, 0x40, 0x00,
	0x00, 0xC8, 0x4B, 0x00, 0x26, 0x00, 0x00, 0x00, 0x02, 0x00, 0x02, 0x00, 0x14, 0x6F, 0x00, 0x00,
	0x29, 0xA9, 0x34, 0x39, 0x1D, 0x00, 0x00, 0x00, 0x14, 0x80, 0x20, 0x00, 0x16, 0x20, 0x01, 0x00,
	0x00, 0x00, 0x40, 0x00, 0x10, 0xD8, 0x4B, 0x00, 0x26, 0x00, 0x00, 0x00, 0x00, 0x00, 0x02, 0x00,
	0x28, 0x70, 0x00, 0x00, 0x29, 0xB4, 0x34, 0x39, 0x1D, 0x00, 0x00, 0x12, 0x68, 0x80, 0x30, 0x00,
	0x28, 0x00, 0x00, 0x00, 0x00, 0x00, 0x00, 0x00, 0x00, 0x00, 0x00, 0x00, 0x38, 0x00, 0x00, 0x00,
	0x00, 0x00, 0x00, 0x00, 0x00, 0x00, 0x08, 0x33, 0x16, 0x00, 0x00, 0x00, 0x00, 0x00, 0x40, 0x02,
	0x00, 0xE8, 0x4B, 0x00, 0x26, 0x00, 0x00, 0x00, 0x02, 0x00, 0x02, 0x00, 0x00, 0x70, 0x00, 0x00,
	0x29, 0x00, 0xB4, 0x38, 0x21, 0x4C, 0x02, 0x00, 0x00, 0x80, 0x00, 0x00, 0x16, 0x20, 0x01, 0x00,
	0x00, 0x00, 0x40, 0x02, 0x10, 0x78, 0x4C, 0x00, 0x26, 0x00, 0x00, 0x00, 0x00, 0x00, 0x02, 0x00,
	0x3C, 0x71, 0x00, 0x00, 0x29, 0x0A, 0xB4, 0x38, 0x21, 0x4C, 0x02, 0x12, 0x7C, 0x80, 0x00, 0x00,
	0x16, 0x00, 0x00, 0x00, 0x00, 0x00, 0x40, 0x02, 0x00, 0x08, 0x4D, 0x00, 0x26, 0x00, 0x00, 0x00,
	0x02, 0x00, 0x02, 0x00, 0x14, 0x71, 0x00, 0x00, 0x29, 0x14, 0xB4, 0x38, 0x21, 0x4C, 0x02, 0x00,
	0x14, 0x80, 0x00, 0x00, 0x16, 0x20, 0x01, 0x00, 0x00, 0x00, 0x40, 0x02, 0x10, 0x98, 0x4D, 0x00,
	0x26, 0x00, 0x00, 0x00, 0x00, 0x00, 0x02, 0x00, 0x28, 0x72, 0x00, 0x00, 0x29, 0x1E, 0xB4, 0x38,
	0x21, 0x4C, 0x02, 0x12, 0x68, 0x80, 0x00, 0x00, 0x40, 0x18, 0x68, 0x00, 0x00, 0x00, 0x00, 0x00,
	0x00, 0x00, 0x00, 0x00, 0xDC, 0x00, 0xB3, 0x00, 0x01, 0x00, 0x00, 0x00, 0x00, 0x00, 0xC0, 0x0B,
	0x2E, 0x00, 0x2F, 0x00, 0x00, 0x00, 0x78, 0x00, 0x01, 0x00, 0x00, 0x00, 0x00, 0x00, 0x00, 0x00,
	0x00, 0x00, 0x00, 0x00, 0x00, 0x00, 0x00, 0x00, 0x00, 0x00, 0x14, 0x00, 0x00, 0x00, 0x00, 0x00,
	0x00, 0x00, 0x00, 0x00, 0x0E, 0x80, 0x97, 0x00, 0x00, 0x00, 0x78, 0x80, 0x00, 0xE3, 0x03, 0x00,
	0x28, 0x00, 0x00, 0x00, 0x00, 0x00, 0x00, 0x00, 0x00, 0x00, 0x00, 0x00, 0x38, 0x00, 0x00, 0x00,
	0x00, 0x00, 0x00, 0x00, 0x00, 0x00, 0x44, 0x33, 0x16, 0x00, 0x00, 0x00, 0x00, 0x00, 0x80, 0x00,
	0x00, 0x28, 0x4B, 0x00, 0x26, 0x00, 0x00, 0x00, 0x02, 0x00, 0x02, 0x00, 0x00, 0x6C, 0x00, 0x00,
	0x29, 0x00, 0x3C, 0x41, 0x1D, 0x70, 0x01, 0x00, 0x00, 0x80, 0x00, 0x00, 0x16, 0x20, 0x01, 0x00,
	0x00, 0x00, 0x80, 0x00, 0x10, 0x48, 0x4B, 0x00, 0x26, 0x00, 0x00, 0x00, 0x00, 0x00, 0x02, 0x00,
	0x3C, 0x6D, 0x00, 0x00, 0x29, 0x0C, 0x3C, 0x41, 0x1D, 0x70, 0x01, 0x12, 0x7C, 0x80, 0x20, 0x00,
	0x16, 0x00, 0x00, 0x00, 0x00, 0x00, 0x80, 0x00, 0x00, 0x68, 0x4B, 0x00, 0x26, 0x00, 0x00, 0x00,
	0x02, 0x00, 0x02, 0x00, 0x14, 0x6D, 0x00, 0x00, 0x29, 0x19, 0x3C, 0x41, 0x1D, 0x70, 0x01, 0x00,
	0x14, 0x80, 0x00, 0x00, 0x16, 0x20, 0x01, 0x00, 0x00, 0x00, 0x80, 0x00, 0x10, 0x88, 0x4B, 0x00,
	0x26, 0x00, 0x00, 0x00, 0x00, 0x00, 0x02, 0x00, 0x28, 0x6E, 0x00, 0x00, 0x29, 0x25, 0x3C, 0x41,
	0x1D, 0x70, 0x01, 0x12, 0x68, 0x80, 0x20, 0x00, 0x28, 0x00, 0x00, 0x00, 0x00, 0x00, 0x00, 0x00,
	0x00, 0x00, 0x00, 0x00, 0x38, 0x00, 0x00, 0x00, 0x00, 0x00, 0x00, 0x00, 0x00, 0x00, 0x84, 0x33,
	0x16, 0x00, 0x00, 0x00, 0x00, 0x00, 0x40, 0x00, 0x00, 0xA8, 0x4B, 0x00, 0x26, 0x00, 0x00, 0x00,
	0x02, 0x00, 0x02, 0x00, 0x00, 0x6E, 0x00, 0x00, 0x29, 0x8E, 0x3C, 0x45, 0x1D, 0x00, 0x00, 0x00,
	0x00, 0x80, 0x00, 0x00, 0x16, 0x20, 0x01, 0x00, 0x00, 0x00, 0x40, 0x00, 0x10, 0xB8, 0x4B, 0x00,
	0x26, 0x00, 0x00, 0x00, 0x00, 0x00, 0x02, 0x00, 0x3C, 0x6F, 0x00, 0x00, 0x29, 0x9A, 0x3C, 0x45,
	0x1D, 0x00, 0x00, 0x12, 0x7C, 0x80, 0x20, 0x00, 0x16, 0x00, 0x00, 0x00, 0x00, 0x00, 0x40, 0x00,
	0x00, 0xC8, 0x4B, 0x00, 0x26, 0x00, 0x00, 0x00, 0x02, 0x00, 0x02, 0x00, 0x14, 0x6F, 0x00, 0x00,
	0x29, 0xA7, 0x3C, 0x45, 0x1D, 0x00, 0x00, 0x00, 0x14, 0x80, 0x00, 0x00, 0x16, 0x20, 0x01, 0x00,
	0x00, 0x00, 0x40, 0x00, 0x10, 0xD8, 0x4B, 0x00, 0x26, 0x00, 0x00, 0x00, 0x00, 0x00, 0x02, 0x00,
	0x28, 0x70, 0x00, 0x00, 0x29, 0xB3, 0x3C, 0x45, 0x1D, 0x00, 0x00, 0x12, 0x68, 0x80, 0x20, 0x00,
	0x28, 0x00, 0x00, 0x00, 0x00, 0x00, 0x00, 0x00, 0x00, 0x00, 0x00, 0x00, 0x38, 0x00, 0x00, 0x00,
	0x00, 0x00, 0x00, 0x00, 0x00, 0x00, 0x08, 0x33, 0x16, 0x00, 0x00, 0x00, 0x00, 0x00, 0x40, 0x02,
	0x00, 0xE8, 0x4B, 0x00, 0x26, 0x00, 0x00, 0x00, 0x02, 0x00, 0x02, 0x00, 0x00, 0x70, 0x00, 0x00,
	0x29, 0x00, 0xB4, 0x44, 0x25, 0x38, 0x02, 0x00, 0x00, 0x80, 0x00, 0x00, 0x16, 0x20, 0x01, 0x00,
	0x00, 0x00, 0x40, 0x02, 0x10, 0x78, 0x4C, 0x00, 0x26, 0x00, 0x00, 0x00, 0x00, 0x00, 0x02, 0x00,
	0x3C, 0x71, 0x00, 0x00, 0x29, 0x0A, 0xB4, 0x44, 0x25, 0x38, 0x02, 0x12, 0x7C, 0x80, 0x00, 0x00,
	0x16, 0x00, 0x00, 0x00, 0x00, 0x00, 0x40, 0x02, 0x00, 0x08, 0x4D, 0x00, 0x26, 0x00, 0x00, 0x00,
	0x02, 0x00, 0x02, 0x00, 0x14, 0x71, 0x00, 0x00, 0x29, 0x14, 0xB4, 0x44, 0x25, 0x38, 0x02, 0x00,
	0x14, 0x80, 0x00, 0x00, 0x16, 0x20, 0x01, 0x00, 0x00, 0x00, 0x40, 0x02, 0x10, 0x98, 0x4D, 0x00,
	0x26, 0x00, 0x00, 0x00, 0x00, 0x00, 0x02, 0x00, 0x28, 0x72, 0x00, 0x00, 0x29, 0x1E, 0xB4, 0x44,
	0x25, 0x38, 0x02, 0x12, 0x68, 0x80, 0x00, 0x00, 0x40, 0x18, 0x68, 0x00, 0x00, 0x00, 0x00, 0x00,
	0x00, 0x00, 0x00, 0x00, 0xDC, 0x00, 0xB3, 0x00, 0x01, 0x00, 0x00, 0x00, 0x00, 0x00, 0xC0, 0x0B,
	0x2E, 0x00, 0x2F, 0x00, 0x00, 0x00, 0x78, 0x00, 0x01, 0x28, 0x00, 0x00, 0x00, 0x00, 0x00, 0x00,
	0x00, 0x00, 0x00, 0x00, 0x00, 0x00, 0x00, 0x00, 0x00, 0x00, 0x14, 0x00, 0x00, 0x00, 0x00, 0x00,
	0x00, 0x00, 0x00, 0x00, 0x0E, 0xC0, 0x64, 0x00, 0x00, 0x00, 0x78, 0xC0, 0x00, 0x0B, 0x04, 0x00,
	0x28, 0x00, 0x00, 0x00, 0x00, 0x00, 0x00, 0x00, 0x00, 0x00, 0x00, 0x00, 0x38, 0x00, 0x00, 0x00,
	0x00, 0x00, 0x00, 0x00, 0x00, 0x00, 0x44, 0x33, 0x16, 0x00, 0x00, 0x00, 0x00, 0x00, 0x80, 0x00,
	0x00, 0x28, 0x4B, 0x00, 0x26, 0x00, 0x00, 0x00, 0x02, 0x00, 0x02, 0x00, 0x00, 0x6C, 0x00, 0x00,
	0x29, 0x00, 0x34, 0xC1, 0x1C, 0x98, 0x01, 0x00, 0x00, 0x80, 0x00, 0x00, 0x16, 0x20, 0x01, 0x00,
	0x00, 0x00, 0x80, 0x00, 0x10, 0x48, 0x4B, 0x00, 0x06, 0x00, 0x04, 0x00, 0x00, 0x78, 0x09, 0x00,
	0x00, 0xF0, 0x00, 0x00, 0x08, 0x00, 0x00, 0x00, 0x00, 0x00, 0x00, 0x00, 0x00, 0x00, 0x00, 0x00,
	0x18, 0x00, 0x04, 0x00, 0x00, 0x00, 0x00, 0x00, 0x00, 0x00, 0x00, 0x00, 0x26, 0x00, 0x00, 0x00,
	0x00, 0x00, 0x02, 0x00, 0x3C, 0x6D, 0x00, 0x00, 0x29, 0x0B, 0x34, 0xC1, 0x1C, 0x98, 0x01, 0x12,
	0x7C, 0x80, 0x10, 0x00, 0x16, 0x00, 0x00, 0x00, 0x00, 0x00, 0x80, 0x00, 0x00, 0x68, 0x4B, 0x00,
	0x26, 0x00, 0x00, 0x00, 0x02, 0x00, 0x02, 0x00, 0x14, 0x6D, 0x00, 0x00, 0x29, 0x16, 0x34, 0xC1,
	0x1C, 0x98, 0x01, 0x00, 0x14, 0x80, 0x20, 0x00, 0x16, 0x20, 0x01, 0x00, 0x00, 0x00, 0x80, 0x00,
	0x10, 0x88, 0x4B, 0x00, 0x26, 0x00, 0x00, 0x00, 0x00, 0x00, 0x02, 0x00, 0x28, 0x6E, 0x00, 0x00,
	0x29, 0x21, 0x34, 0xC1, 0x1C, 0x98, 0x01, 0x12, 0x68, 0x80, 0x30, 0x00, 0x28, 0x00, 0x00, 0x00,
	0x00, 0x00, 0x00, 0x00, 0x00, 0x00, 0x00, 0x00, 0x38, 0x00, 0x00, 0x00, 0x00, 0x00, 0x00, 0x00,
	0x00, 0x00, 0x84, 0x33, 0x16, 0x00, 0x00, 0x00, 0x00, 0x00, 0x40, 0x00, 0x00, 0xA8, 0x4B, 0x00,
	0x26, 0x00, 0x00, 0x00, 0x02, 0x00, 0x02, 0x00, 0x00, 0x6E, 0x00, 0x00, 0x29, 0x93, 0x34, 0x39,
	0x1D, 0x00, 0x00, 0x00, 0x00, 0x80, 0x00, 0x00, 0x16, 0x20, 0x01, 0x00, 0x00, 0x00, 0x40, 0x00,
	0x10, 0xB8, 0x4B, 0x00, 0x26, 0x00, 0x00, 0x00, 0x00, 0x00, 0x02, 0x00, 0x3C, 0x6F, 0x00, 0x00,
	0x29, 0x9E, 0x34, 0x39, 0x1D, 0x00, 0x00, 0x12, 0x7C, 0x80, 0x10, 0x00, 0x16, 0x00, 0x00, 0x00,
	0x00, 0x00, 0x40, 0x00, 0x00, 0xC8, 0x4B, 0x00, 0x26, 0x00, 0x00, 0x00, 0x02, 0x00, 0x02, 0x00,
	0x14, 0x6F, 0x00, 0x00, 0x29, 0xA9, 0x34, 0x39, 0x1D, 0x00, 0x00, 0x00, 0x14, 0x80, 0x20, 0x00,
	0x16, 0x20, 0x01, 0x00, 0x00, 0x00, 0x40, 0x00, 0x10, 0xD8, 0x4B, 0x00, 0x26, 0x00, 0x00, 0x00,
	0x00, 0x00, 0x02, 0x00, 0x28, 0x70, 0x00, 0x00, 0x29, 0xB4, 0x34, 0x39, 0x1D, 0x00, 0x00, 0x12,
	0x68, 0x80, 0x30, 0x00, 0x28, 0x00, 0x00, 0x00, 0x00, 0x00, 0x00, 0x00, 0x00, 0x00, 0x00, 0x00,
	0x38, 0x00, 0x00, 0x00, 0x00, 0x00, 0x00, 0x00, 0x00, 0x00, 0x08, 0x33, 0x16, 0x00, 0x00, 0x00,
	0x00, 0x00, 0x40, 0x02, 0x00, 0xE8, 0x4B, 0x00, 0x26, 0x00, 0x00, 0x00, 0x02, 0x00, 0x02, 0x00,
	0x00, 0x70, 0x00, 0x00, 0x29, 0x00, 0xB4, 0x38, 0x29, 0x4C, 0x02, 0x00, 0x00, 0x80, 0x00, 0x00,
	0x16, 0x20, 0x01, 0x00, 0x00, 0x00, 0x40, 0x02, 0x10, 0x78, 0x4C, 0x00, 0x26, 0x00, 0x00, 0x00,
	0x00, 0x00, 0x02, 0x00, 0x3C, 0x71, 0x00, 0x00, 0x29, 0x0A, 0xB4, 0x38, 0x29, 0x4C, 0x02, 0x12,
	0x7C, 0x80, 0x00, 0x00, 0x16, 0x00, 0x00, 0x00, 0x00, 0x00, 0x40, 0x02, 0x00, 0x08, 0x4D, 0x00,
	0x26, 0x00, 0x00, 0x00, 0x02, 0x00, 0x02, 0x00, 0x14, 0x71, 0x00, 0x00, 0x29, 0x14, 0xB4, 0x38,
	0x29, 0x4C, 0x02, 0x00, 0x14, 0x80, 0x00, 0x00, 0x16, 0x20, 0x01, 0x00, 0x00, 0x00, 0x40, 0x02,
	0x10, 0x98, 0x4D, 0x00, 0x26, 0x00, 0x00, 0x00, 0x00, 0x00, 0x02, 0x00, 0x28, 0x72, 0x00, 0x00,
	0x29, 0x1E, 0xB4, 0x38, 0x29, 0x4C, 0x02, 0x12, 0x68, 0x80, 0x00, 0x00, 0x40, 0x18, 0x68, 0x00,
	0x00, 0x00, 0x00, 0x00, 0x00, 0x00, 0x00, 0x00, 0xDC, 0x00, 0xB3, 0x00, 0x01, 0x00, 0x00, 0x00,
	0x00, 0x00, 0xC0, 0x0B, 0x2E, 0x00, 0x2F, 0x00, 0x00, 0x00, 0x78, 0x00, 0x01, 0x50, 0x00, 0x00,
	0x00, 0x00, 0x00, 0x00, 0x00, 0x00, 0x00, 0x00, 0x00, 0x00, 0x00, 0x00, 0x00, 0x00, 0x14, 0x00,
	0x00, 0x00, 0x00, 0x00, 0x00, 0x00, 0x00, 0x00, 0x00, 0x00, 0x00, 0x00, 0x00, 0x00, 0x00, 0x00,
	0x00, 0x00, 0x00, 0x00, 0x00, 0x00, 0x14, 0x00, 0x00, 0x00, 0x00, 0x00, 0x00, 0x00, 0x00, 0x00,
	0x0E, 0x00, 0x50, 0x00, 0x00, 0x00, 0x78, 0x00, 0x00, 0xC0, 0x03, 0x00, 0x28, 0x00, 0x00, 0x00,
	0x00, 0x00, 0x00, 0x00, 0x00, 0x00, 0x00, 0x00, 0x38, 0x00, 0x00, 0x00, 0x00, 0x00, 0x00, 0x00,
	0x00, 0x00, 0x44, 0x33, 0x16, 0x00, 0x00, 0x00, 0x00, 0x00, 0x80, 0x00, 0x00, 0x28, 0x4E, 0x00,
	0x26, 0x00, 0x00, 0x00, 0x02, 0x00, 0x02, 0x00, 0x00, 0x72, 0x00, 0x00, 0x29, 0x84, 0x98, 0x48,
	0x1D, 0x00, 0x00, 0x00, 0x00, 0x80, 0x00, 0x00, 0x16, 0x20, 0x01, 0x00, 0x00, 0x00, 0x80, 0x00,
	0x10, 0x48, 0x4E, 0x00, 0x26, 0x00, 0x00, 0x00, 0x00, 0x00, 0x02, 0x00, 0x3C, 0x73, 0x00, 0x00,
	0x29, 0x93, 0x98, 0x48, 0x1D, 0x00, 0x00, 0x12, 0x7C, 0x80, 0x00, 0x00, 0x16, 0x00, 0x00, 0x00,
	0x00, 0x00, 0x80, 0x00, 0x00, 0x68, 0x4E, 0x00, 0x26, 0x00, 0x00, 0x00, 0x02, 0x00, 0x02, 0x00,
	0x14, 0x73, 0x00, 0x00, 0x29, 0xA2, 0x98, 0x48, 0x1D, 0x00, 0x00, 0x00, 0x14, 0x80, 0x00, 0x00,
	0x16, 0x20, 0x01, 0x00, 0x00, 0x00, 0x80, 0x00, 0x10, 0x88, 0x4E, 0x00, 0x26, 0x00, 0x00, 0x00,
	0x00, 0x00, 0x02, 0x00, 0x28, 0x74, 0x00, 0x00, 0x29, 0xB1, 0x98, 0x48, 0x1D, 0x00, 0x00, 0x12,
	0x68, 0x80, 0x00, 0x00, 0x2E, 0x80, 0x54, 0x00, 0x00, 0x00, 0x78, 0x00, 0x01, 0xE0, 0x01, 0x00,
	0x00, 0x00, 0x00, 0x00, 0x00, 0x00, 0x00, 0x00, 0x00, 0x00, 0x00, 0x00, 0x00, 0x00, 0x14, 0x00,
	0x00, 0x00, 0x00, 0x00, 0x00, 0x00, 0x00, 0x00, 0x0E, 0x00, 0x50, 0x00, 0x00, 0x00, 0x78, 0x00,
	0x00, 0xFC, 0x03, 0x00, 0x28, 0x00, 0x00, 0x00, 0x00, 0x00, 0x00, 0x00, 0x00, 0x00, 0x00, 0x00,
	0x38, 0x00, 0x00, 0x00, 0x00, 0x00, 0x00, 0x00, 0x00, 0x00, 0x44, 0x33, 0x16, 0x00, 0x00, 0x00,
	0x00, 0x00, 0x80, 0x00, 0x00, 0x28, 0x4E, 0x00, 0x26, 0x00, 0x00, 0x00, 0x02, 0x00, 0x02, 0x00,
	0x00, 0x72, 0x00, 0x00, 0x29, 0x84, 0x98, 0x48, 0x1D, 0x00, 0x00, 0x00, 0x00, 0x80, 0x00, 0x00,
	0x16, 0x20, 0x01, 0x00, 0x00, 0x00, 0x80, 0x00, 0x10, 0x48, 0x4E, 0x00, 0x26, 0x00, 0x00, 0x00,
	0x00, 0x00, 0x02, 0x00, 0x3C, 0x73, 0x00, 0x00, 0x29, 0x93, 0x98, 0x48, 0x1D, 0x00, 0x00, 0x12,
	0x7C, 0x80, 0x00, 0x00, 0x16, 0x00, 0x00, 0x00, 0x00, 0x00, 0x80, 0x00, 0x00, 0x68, 0x4E, 0x00,
	0x26, 0x00, 0x00, 0x00, 0x02, 0x00, 0x02, 0x00, 0x14, 0x73, 0x00, 0x00, 0x29, 0xA2, 0x98, 0x48,
	0x1D, 0x00, 0x00, 0x00, 0x14, 0x80, 0x00, 0x00, 0x16, 0x20, 0x01, 0x00, 0x00, 0x00, 0x80, 0x00,
	0x10, 0x88, 0x4E, 0x00, 0x26, 0x00, 0x00, 0x00, 0x00, 0x00, 0x02, 0x00, 0x28, 0x74, 0x00, 0x00,
	0x29, 0xB1, 0x98, 0x48, 0x1D, 0x00, 0x00, 0x12, 0x68, 0x80, 0x00, 0x00, 0x2E, 0x80, 0x54, 0x00,
	0x00, 0x00, 0x78, 0x00, 0x01, 0x1C, 0x02, 0x00, 0x00, 0x00, 0x00, 0x00, 0x00, 0x00, 0x00, 0x00,
	0x00, 0x00, 0x00, 0x00, 0x00, 0x00, 0x14, 0x00, 0x00, 0x00, 0x00, 0x00, 0x00, 0x00, 0x00, 0x00,
	0x00, 0x00, 0x00, 0x00, 0x00, 0x00, 0x00, 0x00, 0x00, 0x00, 0x00, 0x00, 0x00, 0x00, 0x14, 0x00,
	0x00, 0x00, 0x00, 0x00, 0x00, 0x00, 0x00, 0x00, 0x0E, 0x00, 0x2F, 0x00, 0x00, 0x00, 0x78, 0x00,
	0x01, 0x00, 0x00, 0x00, 0x0D, 0x00, 0xB0, 0x00, 0x00, 0x00, 0x0C, 0x00, 0x00, 0x00, 0x00, 0x01,
	0x0E, 0x00, 0x2F, 0x00, 0x00, 0x00, 0x78, 0x00, 0x01, 0xE0, 0x01, 0x00, 0x0D, 0x00, 0xB1, 0x00,
	0x00, 0x00, 0x0C, 0x00, 0x00, 0x00, 0x02, 0x01, 0x28, 0x00, 0x00, 0x00, 0x00, 0x00, 0x00, 0x00,
	0x00, 0x00, 0x00, 0x00, 0x38, 0x00, 0x00, 0x00, 0x00, 0x00, 0x00, 0x00, 0x00, 0x00, 0x06, 0x33,
	0x16, 0x00, 0x00, 0x00, 0x00, 0x00, 0x80, 0x00, 0x00, 0xA8, 0x4E, 0x00, 0x26, 0x00, 0x00, 0x00,
	0x02, 0x00, 0x02, 0x00, 0x00, 0x74, 0x00, 0x00, 0x29, 0x70, 0xB4, 0xB8, 0x1C, 0x00, 0x00, 0x00,
	0x00, 0x80, 0x00, 0x00, 0x16, 0x20, 0x01, 0x00, 0x00, 0x00, 0x80, 0x00, 0x10, 0xC8, 0x4E, 0x00,
	0x26, 0x00, 0x00, 0x00, 0x00, 0x00, 0x02, 0x00, 0x3C, 0x75, 0x00, 0x00, 0x29, 0x7A, 0xB4, 0xB8,
	0x1C, 0x00, 0x00, 0x12, 0x7C, 0x80, 0x00, 0x00, 0x16, 0x00, 0x00, 0x00, 0x00, 0x00, 0x80, 0x00,
	0x00, 0xE8, 0x4E, 0x00, 0x26, 0x00, 0x00, 0x00, 0x02, 0x00, 0x02, 0x00, 0x14, 0x75, 0x00, 0x00,
	0x29, 0x84, 0xB4, 0xB8, 0x1C, 0x00, 0x00, 0x00, 0x14, 0x80, 0x00, 0x00, 0x16, 0x20, 0x01, 0x00,
	0x00, 0x00, 0x80, 0x00, 0x10, 0x08, 0x4F, 0x00, 0x26, 0x00, 0x00, 0x00, 0x00, 0x00, 0x02, 0x00,
	0x28, 0x76, 0x00, 0x00, 0x29, 0x8E, 0xB4, 0xB8, 0x1C, 0x00, 0x00, 0x12, 0x68, 0x80, 0x00, 0x00,
	0x16, 0x00, 0x00, 0x00, 0x00, 0x00, 0x80, 0x00, 0x00, 0x28, 0x4F, 0x00, 0x26, 0x00, 0x00, 0x00,
	0x02, 0x00, 0x02, 0x00, 0x00, 0x76, 0x00, 0x00, 0x29, 0x98, 0xB4, 0xB8, 0x1C, 0x00, 0x00, 0x00,
	0x00, 0x80, 0x00, 0x00, 0x16, 0x20, 0x01, 0x00, 0x00, 0x00, 0x80, 0x00, 0x10, 0x48, 0x4F, 0x00,
	0x26, 0x00, 0x00, 0x00, 0x00, 0x00, 0x02, 0x00, 0x3C, 0x77, 0x00, 0x00, 0x29, 0xA2, 0xB4, 0xB8,
	0x1C, 0x00, 0x00, 0x12, 0x7C, 0x80, 0x00, 0x00, 0x16, 0x00, 0x00, 0x00, 0x00, 0x00, 0x80, 0x00,
	0x00, 0x68, 0x4F, 0x00, 0x26, 0x00, 0x00, 0x00, 0x02, 0x00, 0x02, 0x00, 0x14, 0x77, 0x00, 0x00,
	0x29, 0xAC, 0xB4, 0xB8, 0x1C, 0x00, 0x00, 0x00, 0x14, 0x80, 0x00, 0x00, 0x16, 0x20, 0x01, 0x00,
	0x00, 0x00, 0x80, 0x00, 0x10, 0x88, 0x4F, 0x00, 0x26, 0x00, 0x00, 0x00, 0x00, 0x00, 0x02, 0x00,
	0x28, 0x78, 0x00, 0x00, 0x29, 0xB6, 0xB4, 0xB8, 0x1C, 0x00, 0x00, 0x12, 0x68, 0x80, 0x00, 0x00,
	0x2E, 0x00, 0x5E, 0x00, 0x00, 0x00, 0x78, 0xC0, 0x00, 0xC0, 0x03, 0x00, 0x00, 0x00, 0x00, 0x00,
	0x00, 0x00, 0x00, 0x00, 0x00, 0x00, 0x00, 0x00, 0x00, 0x00, 0x14, 0x00, 0x00, 0x00, 0x00, 0x00,
	0x00, 0x00, 0x00, 0x00, 0x0E, 0x00, 0x2F, 0x00, 0x00, 0x00, 0x78, 0x00, 0x01, 0x28, 0x00, 0x00,
	0x0D, 0x00, 0xB0, 0x00, 0x00, 0x00, 0x0C, 0x00, 0x00, 0x00, 0x00, 0x01, 0x0E, 0x00, 0x2F, 0x00,
	0x00, 0x00, 0x78, 0x00, 0x01, 0x08, 0x02, 0x00, 0x0D, 0x00, 0xB1, 0x00, 0x00, 0x00, 0x0C, 0x00,
	0x00, 0x00, 0x02, 0x01, 0x28, 0x00, 0x00, 0x00, 0x00, 0x00, 0x00, 0x00, 0x00, 0x00, 0x00, 0x00,
	0x38, 0x00, 0x00, 0x00, 0x00, 0x00, 0x00, 0x00, 0x00, 0x00, 0x06, 0x33, 0x16, 0x00, 0x00, 0x00,
	0x00, 0x00, 0x80, 0x00, 0x00, 0xA8, 0x4E, 0x00, 0x26, 0x00, 0x00, 0x00, 0x02, 0x00, 0x02, 0x00,
	0x00, 0x74, 0x00, 0x00, 0x29, 0x70, 0xB4, 0xB8, 0x1C, 0x00, 0x00, 0x00, 0x00, 0x80, 0x00, 0x00,
	0x16, 0x20, 0x01, 0x00, 0x00, 0x00, 0x80, 0x00, 0x10, 0xC8, 0x4E, 0x00, 0x26, 0x00, 0x00, 0x00,
	0x00, 0x00, 0x02, 0x00, 0x3C, 0x75, 0x00, 0x00, 0x29, 0x7A, 0xB4, 0xB8, 0x1C, 0x00, 0x00, 0x12,
	0x7C, 0x80, 0x00, 0x00, 0x16, 0x00, 0x00, 0x00, 0x00, 0x00, 0x80, 0x00, 0x00, 0xE8, 0x4E, 0x00,
	0x26, 0x00, 0x00, 0x00, 0x02, 0x00, 0x02, 0x00, 0x14, 0x75, 0x00, 0x00, 0x29, 0x84, 0xB4, 0xB8,
	0x1C, 0x00, 0x00, 0x00, 0x14, 0x80, 0x00, 0x00, 0x16, 0x20, 0x01, 0x00, 0x00, 0x00, 0x80, 0x00,
	0x10, 0x08, 0x4F, 0x00, 0x26, 0x00, 0x00, 0x00, 0x00, 0x00, 0x02, 0x00, 0x28, 0x76, 0x00, 0x00,
	0x29, 0x8E, 0xB4, 0xB8, 0x1C, 0x00, 0x00, 0x12, 0x68, 0x80, 0x00, 0x00, 0x16, 0x00, 0x00, 0x00,
	0x00, 0x00, 0x80, 0x00, 0x00, 0x28, 0x4F, 0x00, 0x26, 0x00, 0x00, 0x00, 0x02, 0x00, 0x02, 0x00,
	0x00, 0x76, 0x00, 0x00, 0x29, 0x98, 0xB4, 0xB8, 0x1C, 0x00, 0x00, 0x00, 0x00, 0x80, 0x00, 0x00,
	0x16, 0x20, 0x01, 0x00, 0x00, 0x00, 0x80, 0x00, 0x10, 0x48, 0x4F, 0x00, 0x26, 0x00, 0x00, 0x00,
	0x00, 0x00, 0x02, 0x00, 0x3C, 0x77, 0x00, 0x00, 0x29, 0xA2, 0xB4, 0xB8, 0x1C, 0x00, 0x00, 0x12,
	0x7C, 0x80, 0x00, 0x00, 0x16, 0x00, 0x00, 0x00, 0x00, 0x00, 0x80, 0x00, 0x00, 0x68, 0x4F, 0x00,
	0x26, 0x00, 0x00, 0x00, 0x02, 0x00, 0x02, 0x00, 0x14, 0x77, 0x00, 0x00, 0x29, 0xAC, 0xB4, 0xB8,
	0x1C, 0x00, 0x00, 0x00, 0x14, 0x80, 0x00, 0x00, 0x16, 0x20, 0x01, 0x00, 0x00, 0x00, 0x80, 0x00,
	0x10, 0x88, 0x4F, 0x00, 0x26, 0x00, 0x00, 0x00, 0x00, 0x00, 0x02, 0x00, 0x28, 0x78, 0x00, 0x00,
	0x29, 0xB6, 0xB4, 0xB8, 0x1C, 0x00, 0x00, 0x12, 0x68, 0x80, 0x00, 0x00, 0x2E, 0x00, 0x5E, 0x00,
	0x00, 0x00, 0x78, 0xC0, 0x00, 0xE8, 0x03, 0x00, 0x00, 0x00, 0x00, 0x00, 0x00, 0x00, 0x00, 0x00,
	0x00, 0x00, 0x00, 0x00, 0x00, 0x00, 0x14, 0x00, 0x00, 0x00, 0x00, 0x00, 0x00, 0x00, 0x00, 0x00,
	0x0E, 0x00, 0x2F, 0x00, 0x00, 0x00, 0x78, 0x00, 0x01, 0x50, 0x00, 0x00, 0x0D, 0x00, 0xB0, 0x00,
	0x00, 0x00, 0x0C, 0x00, 0x00, 0x00, 0x00, 0x01, 0x0E, 0x00, 0x2F, 0x00, 0x00, 0x00, 0x78, 0x00,
	0x01, 0x30, 0x02, 0x00, 0x0D, 0x00, 0xB1, 0x00, 0x00, 0x00, 0x0C, 0x00, 0x00, 0x00, 0x02, 0x01,
	0x28, 0x00, 0x00, 0x00, 0x00, 0x00, 0x00, 0x00, 0x00, 0x00, 0x00, 0x00, 0x38, 0x00, 0x00, 0x00,
	0x00, 0x00, 0x00, 0x00, 0x00, 0x00, 0x06, 0x33, 0x16, 0x00, 0x00, 0x00, 0x00, 0x00, 0x80, 0x00,
	0x00, 0xA8, 0x4E, 0x00, 0x26, 0x00, 0x00, 0x00, 0x02, 0x00, 0x02, 0x00, 0x00, 0x74, 0x00, 0x00,
	0x29, 0x70, 0xB4, 0xB8, 0x1C, 0x00, 0x00, 0x00, 0x00, 0x80, 0x00, 0x00, 0x16, 0x20, 0x01, 0x00,
	0x00, 0x00, 0x80, 0x00, 0x10, 0xC8, 0x4E, 0x00, 0x26, 0x00, 0x00, 0x00, 0x00, 0x00, 0x02, 0x00,
	0x3C, 0x75, 0x00, 0x00, 0x29, 0x7A, 0xB4, 0xB8, 0x1C, 0x00, 0x00, 0x12, 0x7C, 0x80, 0x00, 0x00,
	0x16, 0x00, 0x00, 0x00, 0x00, 0x00, 0x80, 0x00, 0x00, 0xE8, 0x4E, 0x00, 0x26, 0x00, 0x00, 0x00,
	0x02, 0x00, 0x02, 0x00, 0x14, 0x75, 0x00, 0x00, 0x29, 0x84, 0xB4, 0xB8, 0x1C, 0x00, 0x00, 0x00,
	0x14, 0x80, 0x00, 0x00, 0x16, 0x20, 0x01, 0x00, 0x00, 0x00, 0x80, 0x00, 0x10, 0x08, 0x4F, 0x00,
	0x26, 0x00, 0x00, 0x00, 0x00, 0x00, 0x02, 0x00, 0x28, 0x76, 0x00, 0x00, 0x29, 0x8E, 0xB4, 0xB8,
	0x1C, 0x00, 0x00, 0x12, 0x68, 0x80, 0x00, 0x00, 0x16, 0x00, 0x00, 0x00, 0x00, 0x00, 0x80, 0x00,
	0x00, 0x28, 0x4F, 0x00, 0x26, 0x00, 0x00, 0x00, 0x02, 0x00, 0x02, 0x00, 0x00, 0x76, 0x00, 0x00,
	0x29, 0x98, 0xB4, 0xB8, 0x1C, 0x00, 0x00, 0x00, 0x00, 0x80, 0x00, 0x00, 0x16, 0x20, 0x01, 0x00,
	0x00, 0x00, 0x80, 0x00, 0x10, 0x48, 0x4F, 0x00, 0x26, 0x00, 0x00, 0x00, 0x00, 0x00, 0x02, 0x00,
	0x3C, 0x77, 0x00, 0x00, 0x29, 0xA2, 0xB4, 0xB8, 0x1C, 0x00, 0x00, 0x12, 0x7C, 0x80, 0x00, 0x00,
	0x16, 0x00, 0x00, 0x00, 0x00, 0x00, 0x80, 0x00, 0x00, 0x68, 0x4F, 0x00, 0x26, 0x00, 0x00, 0x00,
	0x02, 0x00, 0x02, 0x00, 0x14, 0x77, 0x00, 0x00, 0x29, 0xAC, 0xB4, 0xB8, 0x1C, 0x00, 0x00, 0x00,
	0x14, 0x80, 0x00, 0x00, 0x16, 0x20, 0x01, 0x00, 0x00, 0x00, 0x80, 0x00, 0x10, 0x88, 0x4F, 0x00,
	0x26, 0x00, 0x00, 0x00, 0x00, 0x00, 0x02, 0x00, 0x28, 0x78, 0x00, 0x00, 0x29, 0xB6, 0xB4, 0xB8,
	0x1C, 0x00, 0x00, 0x12, 0x68, 0x80, 0x00, 0x00, 0x2E, 0x00, 0x5E, 0x00, 0x00, 0x00, 0x78, 0xC0,
	0x00, 0x10, 0x04, 0x00, 0x00, 0x00, 0x00, 0x00, 0x00, 0x00, 0x00, 0x00, 0x00, 0x00, 0x00, 0x00,
	0x00, 0x00, 0x14, 0x00, 0x00, 0x00, 0x00, 0x00, 0x00, 0x00, 0x00, 0x00, 0x00, 0x00, 0x00, 0x00,
	0x00, 0x00, 0x00, 0x00, 0x00, 0x00, 0x00, 0x00, 0x00, 0x00, 0x14, 0x00, 0x00, 0x00, 0x00, 0x00,
	0x00, 0x00, 0x00, 0x00, 0x0E, 0x00, 0x50, 0x00, 0x00, 0x00, 0x78, 0x00, 0x00, 0xC0, 0x03, 0x00,
	0x28, 0x00, 0x00, 0x00, 0x00, 0x00, 0x00, 0x00, 0x00, 0x00, 0x00, 0x00, 0x38, 0x00, 0x00, 0x00,
	0x00, 0x00, 0x00, 0x00, 0x00, 0x00, 0x0A, 0x33, 0x16, 0x00, 0x00, 0x00, 0x00, 0x00, 0x40, 0x02,
	0x00, 0xA8, 0x4F, 0x00, 0x16, 0x20, 0x01, 0x00, 0x00, 0x00, 0x40, 0x02, 0x10, 0x38, 0x50, 0x00,
	0x26, 0x00, 0x00, 0x00, 0x02, 0x00, 0x02, 0x00, 0x00, 0x78, 0x00, 0x00, 0x29, 0xA2, 0xD8, 0x9C,
	0x04, 0x00, 0x00, 0x00, 0x40, 0x80, 0x00, 0x00, 0x16, 0x00, 0x00, 0x00, 0x00, 0x00, 0x40, 0x02,
	0x10, 0xC8, 0x50, 0x00, 0x16, 0x20, 0x01, 0x00, 0x00, 0x00, 0x40, 0x02, 0x00, 0x58, 0x51, 0x00,
	0x26, 0x00, 0x00, 0x00, 0x00, 0x00, 0x02, 0x00, 0x3C, 0x79, 0x00, 0x00, 0x29, 0xA5, 0xD8, 0x9C,
	0x04, 0x00, 0x00, 0x00, 0x3C, 0x80, 0x30, 0x00, 0x16, 0x00, 0x00, 0x00, 0x00, 0x00, 0x40, 0x02,
	0x00, 0xE8, 0x51, 0x00, 0x16, 0x20, 0x01, 0x00, 0x00, 0x00, 0x40, 0x02, 0x10, 0x78, 0x52, 0x00,
	0x26, 0x00, 0x00, 0x00, 0x02, 0x00, 0x02, 0x00, 0x14, 0x79, 0x00, 0x00, 0x29, 0xA9, 0xD8, 0x9C,
	0x04, 0x00, 0x00, 0x00, 0x54, 0x80, 0x20, 0x00, 0x16, 0x00, 0x00, 0x00, 0x00, 0x00, 0x40, 0x02,
	0x10, 0x08, 0x53, 0x00, 0x16, 0x20, 0x01, 0x00, 0x00, 0x00, 0x40, 0x02, 0x00, 0x98, 0x53, 0x00,
	0x26, 0x00, 0x00, 0x00, 0x00, 0x00, 0x02, 0x00, 0x28, 0x7A, 0x00, 0x00, 0x29, 0xAD, 0xD8, 0x9C,
	0x04, 0x00, 0x00, 0x00, 0x28, 0x80, 0x10, 0x00, 0x16, 0x00, 0x00, 0x00, 0x00, 0x00, 0x40, 0x02,
	0x00, 0x28, 0x54, 0x00, 0x16, 0x20, 0x01, 0x00, 0x00, 0x00, 0x40, 0x02, 0x10, 0xB8, 0x54, 0x00,
	0x26, 0x00, 0x00, 0x00, 0x02, 0x00, 0x02, 0x00, 0x00, 0x7A, 0x00, 0x00, 0x29, 0xB1, 0xD8, 0x9C,
	0x04, 0x00, 0x00, 0x00, 0x40, 0x80, 0x00, 0x00, 0x16, 0x00, 0x00, 0x00, 0x00, 0x00, 0x40, 0x02,
	0x10, 0x48, 0x55, 0x00, 0x16, 0x20, 0x01, 0x00, 0x00, 0x00, 0x40, 0x02, 0x00, 0xD8, 0x55, 0x00,
	0x26, 0x00, 0x00, 0x00, 0x00, 0x00, 0x02, 0x00, 0x3C, 0x7B, 0x00, 0x00, 0x29, 0xB4, 0xD8, 0x9C,
	0x04, 0x00, 0x00, 0x00, 0x3C, 0x80, 0x30, 0x00, 0x16, 0x00, 0x00, 0x00, 0x00, 0x00, 0x40, 0x02,
	0x00, 0x68, 0x56, 0x00, 0x16, 0x20, 0x01, 0x00, 0x00, 0x00, 0x40, 0x02, 0x10, 0xF8, 0x56, 0x00,
	0x26, 0x00, 0x00, 0x00, 0x02, 0x00, 0x02, 0x00, 0x14, 0x7B, 0x00, 0x00, 0x29, 0xB8, 0xD8, 0x9C,
	0x04, 0x00, 0x00, 0x00, 0x54, 0x80, 0x20, 0x00, 0x16, 0x00, 0x00, 0x00, 0x00, 0x00, 0x40, 0x02,
	0x10, 0x88, 0x57, 0x00, 0x16, 0x20, 0x01, 0x00, 0x00, 0x00, 0x40, 0x02, 0x00, 0x18, 0x58, 0x00,
	0x26, 0x00, 0x00, 0x00, 0x00, 0x00, 0x02, 0x00, 0x28, 0x7C, 0x00, 0x00, 0x29, 0xBC, 0xD8, 0x9C,
	0x04, 0x00, 0x00, 0x00, 0x28, 0x80, 0x10, 0x00, 0x2E, 0x40, 0x6C, 0x00, 0x00, 0x00, 0x1E, 0x40,
	0x01, 0x00, 0x00, 0x00, 0x00, 0x00, 0x00, 0x00, 0x00, 0x00, 0x00, 0x00, 0x00, 0x00, 0x00, 0x00,
	0x00, 0x00, 0x14, 0x00, 0x00, 0x00, 0x00, 0x00, 0x00, 0x00, 0x00, 0x00, 0x0E, 0x00, 0xA4, 0x00,
	0x00, 0x00, 0x78, 0x00, 0x00, 0xF7, 0x03, 0x00, 0x28, 0x00, 0x00, 0x00, 0x00, 0x00, 0x00, 0x00,
	0x00, 0x00, 0x00, 0x00, 0x38, 0x00, 0x00, 0x00, 0x00, 0x00, 0x00, 0x00, 0x00, 0x00, 0x0A, 0x33,
	0x16, 0x00, 0x00, 0x00, 0x00, 0x00, 0x40, 0x02, 0x00, 0xA8, 0x4F, 0x00, 0x16, 0x20, 0x01, 0x00,
	0x00, 0x00, 0x40, 0x02, 0x10, 0x38, 0x50, 0x00, 0x26, 0x00, 0x00, 0x00, 0x02, 0x00, 0x02, 0x00,
	0x00, 0x78, 0x00, 0x00, 0x29, 0xA2, 0xD8, 0x4C, 0x11, 0x00, 0x00, 0x00, 0x40, 0x80, 0x00, 0x00,
	0x16, 0x00, 0x00, 0x00, 0x00, 0x00, 0x40, 0x02, 0x10, 0xC8, 0x50, 0x00, 0x16, 0x20, 0x01, 0x00,
	0x00, 0x00, 0x40, 0x02, 0x00, 0x58, 0x51, 0x00, 0x26, 0x00, 0x00, 0x00, 0x00, 0x00, 0x02, 0x00,
	0x3C, 0x79, 0x00, 0x00, 0x29, 0xA5, 0xD8, 0x4C, 0x11, 0x00, 0x00, 0x00, 0x3C, 0x80, 0x30, 0x00,
	0x16, 0x00, 0x00, 0x00, 0x00, 0x00, 0x40, 0x02, 0x00, 0xE8, 0x51, 0x00, 0x16, 0x20, 0x01, 0x00,
	0x00, 0x00, 0x40, 0x02, 0x10, 0x78, 0x52, 0x00, 0x26, 0x00, 0x00, 0x00, 0x02, 0x00, 0x02, 0x00,
	0x14, 0x79, 0x00, 0x00, 0x29, 0xA9, 0xD8, 0x4C, 0x11, 0x00, 0x00, 0x00, 0x54, 0x80, 0x20, 0x00,
	0x16, 0x00, 0x00, 0x00, 0x00, 0x00, 0x40, 0x02, 0x10, 0x08, 0x53, 0x00, 0x16, 0x20, 0x01, 0x00,
	0x00, 0x00, 0x40, 0x02, 0x00, 0x98, 0x53, 0x00, 0x26, 0x00, 0x00, 0x00, 0x00, 0x00, 0x02, 0x00,
	0x28, 0x7A, 0x00, 0x00, 0x29, 0xAD, 0xD8, 0x4C, 0x11, 0x00, 0x00, 0x00, 0x28, 0x80, 0x10, 0x00,
	0x16, 0x00, 0x00, 0x00, 0x00, 0x00, 0x40, 0x02, 0x00, 0x28, 0x54, 0x00, 0x16, 0x20, 0x01, 0x00,
	0x00, 0x00, 0x40, 0x02, 0x10, 0xB8, 0x54, 0x00, 0x26, 0x00, 0x00, 0x00, 0x02, 0x00, 0x02, 0x00,
	0x00, 0x7A, 0x00, 0x00, 0x29, 0xB1, 0xD8, 0x4C, 0x11, 0x00, 0x00, 0x00, 0x40, 0x80, 0x00, 0x00,
	0x16, 0x00, 0x00, 0x00, 0x00, 0x00, 0x40, 0x02, 0x10, 0x48, 0x55, 0x00, 0x16, 0x20, 0x01, 0x00,
	0x00, 0x00, 0x40, 0x02, 0x00, 0xD8, 0x55, 0x00, 0x26, 0x00, 0x00, 0x00, 0x00, 0x00, 0x02, 0x00,
	0x3C, 0x7B, 0x00, 0x00, 0x29, 0xB4, 0xD8, 0x4C, 0x11, 0x00, 0x00, 0x00, 0x3C, 0x80, 0x30, 0x00,
	0x16, 0x00, 0x00, 0x00, 0x00, 0x00, 0x40, 0x02, 0x00, 0x68, 0x56, 0x00, 0x16, 0x20, 0x01, 0x00,
	0x00, 0x00, 0x40, 0x02, 0x10, 0xF8, 0x56, 0x00, 0x26, 0x00, 0x00, 0x00, 0x02, 0x00, 0x02, 0x00,
	0x14, 0x7B, 0x00, 0x00, 0x29, 0xB8, 0xD8, 0x4C, 0x11, 0x00, 0x00, 0x00, 0x54, 0x80, 0x20, 0x00,
	0x16, 0x00, 0x00, 0x00, 0x00, 0x00, 0x40, 0x02, 0x10, 0x88, 0x57, 0x00, 0x16, 0x20, 0x01, 0x00,
	0x00, 0x00, 0x40, 0x02, 0x00, 0x18, 0x58, 0x00, 0x26, 0x00, 0x00, 0x00, 0x00, 0x00, 0x02, 0x00,
	0x28, 0x7C, 0x00, 0x00, 0x29, 0xBC, 0xD8, 0x4C, 0x11, 0x00, 0x00, 0x00, 0x28, 0x80, 0x10, 0x00,
	0x2E, 0x40, 0x6C, 0x00, 0x00, 0x00, 0x1E, 0x40, 0x01, 0x0F, 0x00, 0x00, 0x00, 0x00, 0x00, 0x00,
	0x00, 0x00, 0x00, 0x00, 0x00, 0x00, 0x00, 0x00, 0x00, 0x00, 0x14, 0x00, 0x00, 0x00, 0x00, 0x00,
	0x00, 0x00, 0x00, 0x00, 0x66, 0x00, 0x00, 0x00, 0x00, 0x00, 0xC0, 0x03, 0x00, 0x00, 0x00, 0x00,
	0x0D, 0x00, 0xCD, 0x00, 0x00, 0x00, 0x00, 0x00, 0x00, 0x00, 0x04, 0x00, 0x66, 0x00, 0x00, 0x00,
	0x00, 0x00, 0xC0, 0x03, 0x00, 0x00, 0x0F, 0x00, 0x0D, 0x80, 0xCC, 0x00, 0x00, 0x00, 0x00, 0x00,
	0x00, 0x00, 0x08, 0x00, 0x76, 0x00, 0x01, 0x00, 0x00, 0x00, 0x80, 0x87, 0x00, 0x00, 0x00, 0x00,
	0x28, 0x00, 0x00, 0x00, 0x00, 0x00, 0x00, 0x00, 0x00, 0x00, 0x00, 0x00, 0x38, 0x00, 0x00, 0x00,
	0x00, 0x00, 0x00, 0x00, 0x00, 0x00, 0x06, 0x33, 0x16, 0x00, 0x00, 0x00, 0x00, 0x00, 0x00, 0x01,
	0x00, 0xA8, 0x58, 0x00, 0x26, 0x00, 0x00, 0x00, 0x02, 0x00, 0x02, 0x00, 0x00, 0x7C, 0x00, 0x00,
	0x29, 0x04, 0xC4, 0x50, 0x1D, 0x20, 0x01, 0x00, 0x00, 0x80, 0x00, 0x00, 0x16, 0x20, 0x01, 0x00,
	0x00, 0x00, 0x00, 0x01, 0x10, 0xE8, 0x58, 0x00, 0x26, 0x00, 0x00, 0x00, 0x00, 0x00, 0x02, 0x00,
	0x3C, 0x7D, 0x00, 0x00, 0x29, 0x0B, 0xC4, 0x50, 0x1D, 0x20, 0x01, 0x12, 0x7C, 0x80, 0x20, 0x00,
	0x16, 0x00, 0x00, 0x00, 0x00, 0x00, 0x00, 0x01, 0x00, 0x28, 0x59, 0x00, 0x26, 0x00, 0x00, 0x00,
	0x02, 0x00, 0x02, 0x00, 0x14, 0x7D, 0x00, 0x00, 0x29, 0x13, 0xC4, 0x50, 0x1D, 0x20, 0x01, 0x00,
	0x14, 0x80, 0x00, 0x00, 0x16, 0x20, 0x01, 0x00, 0x00, 0x00, 0x00, 0x01, 0x10, 0x68, 0x59, 0x00,
	0x26, 0x00, 0x00, 0x00, 0x00, 0x00, 0x02, 0x00, 0x28, 0x7E, 0x00, 0x00, 0x29, 0x1A, 0xC4, 0x50,
	0x1D, 0x20, 0x01, 0x12, 0x68, 0x80, 0x20, 0x00, 0x16, 0x00, 0x00, 0x00, 0x00, 0x00, 0x00, 0x01,
	0x00, 0xA8, 0x59, 0x00, 0x26, 0x00, 0x00, 0x00, 0x02, 0x00, 0x02, 0x00, 0x00, 0x7E, 0x00, 0x00,
	0x29, 0x22, 0xC4, 0x50, 0x1D, 0x20, 0x01, 0x00, 0x00, 0x80, 0x00, 0x00, 0x16, 0x20, 0x01, 0x00,
	0x00, 0x00, 0x00, 0x01, 0x10, 0xE8, 0x59, 0x00, 0x26, 0x00, 0x00, 0x00, 0x00, 0x00, 0x02, 0x00,
	0x3C, 0x7F, 0x00, 0x00, 0x29, 0x29, 0xC4, 0x50, 0x1D, 0x20, 0x01, 0x12, 0x7C, 0x80, 0x20, 0x00,
	0x16, 0x00, 0x00, 0x00, 0x00, 0x00, 0x00, 0x01, 0x00, 0x28, 0x5A, 0x00, 0x26, 0x00, 0x00, 0x00,
	0x02, 0x00, 0x02, 0x00, 0x14, 0x7F, 0x00, 0x00, 0x29, 0x31, 0xC4, 0x50, 0x1D, 0x20, 0x01, 0x00,
	0x14, 0x80, 0x00, 0x00, 0x16, 0x20, 0x01, 0x00, 0x00, 0x00, 0x00, 0x01, 0x10, 0x68, 0x5A, 0x00,
	0x26, 0x00, 0x00, 0x00, 0x00, 0x00, 0x02, 0x00, 0x28, 0x80, 0x00, 0x00, 0x29, 0x38, 0xC4, 0x50,
	0x1D, 0x20, 0x01, 0x12, 0x68, 0x80, 0x20, 0x00, 0x28, 0x00, 0x00, 0x00, 0x00, 0x00, 0x00, 0x00,
	0x00, 0x00, 0x00, 0x00, 0x38, 0x00, 0x00, 0x00, 0x00, 0x00, 0x00, 0x00, 0x00, 0x00, 0x46, 0x33,
	0x16, 0x00, 0x00, 0x00, 0x00, 0x00, 0x80, 0x00, 0x00, 0xA8, 0x5A, 0x00, 0x26, 0x00, 0x00, 0x00,
	0x02, 0x00, 0x02, 0x00, 0x00, 0x80, 0x00, 0x00, 0x29, 0x40, 0xC4, 0xD0, 0x1C, 0x10, 0x00, 0x00,
	0x00, 0x80, 0x00, 0x00, 0x16, 0x20, 0x01, 0x00, 0x00, 0x00, 0x80, 0x00, 0x10, 0xC8, 0x5A, 0x00,
	0x26, 0x00, 0x00, 0x00, 0x00, 0x00, 0x02, 0x00, 0x3C, 0x81, 0x00, 0x00, 0x29, 0x47, 0xC4, 0xD0,
	0x1C, 0x10, 0x00, 0x12, 0x7C, 0x80, 0x20, 0x00, 0x16, 0x00, 0x00, 0x00, 0x00, 0x00, 0x80, 0x00,
	0x00, 0xE8, 0x5A, 0x00, 0x26, 0x00, 0x00, 0x00, 0x02, 0x00, 0x02, 0x00, 0x14, 0x81, 0x00, 0x00,
	0x29, 0x4F, 0xC4, 0xD0, 0x1C, 0x10, 0x00, 0x00, 0x14, 0x80, 0x00, 0x00, 0x16, 0x20, 0x01, 0x00,
	0x00, 0x00, 0x80, 0x00, 0x10, 0x08, 0x5B, 0x00, 0x26, 0x00, 0x00, 0x00, 0x00, 0x00, 0x02, 0x00,
	0x28, 0x82, 0x00, 0x00, 0x29, 0x56, 0xC4, 0xD0, 0x1C, 0x10, 0x00, 0x12, 0x68, 0x80, 0x20, 0x00,
	0x16, 0x00, 0x00, 0x00, 0x00, 0x00, 0x80, 0x00, 0x00, 0x28, 0x5B, 0x00, 0x26, 0x00, 0x00, 0x00,
	0x02, 0x00, 0x02, 0x00, 0x00, 0x82, 0x00, 0x00, 0x29, 0x5E, 0xC4, 0xD0, 0x1C, 0x10, 0x00, 0x00,
	0x00, 0x80, 0x00, 0x00, 0x16, 0x20, 0x01, 0x00, 0x00, 0x00, 0x80, 0x00, 0x10, 0x48, 0x5B, 0x00,
	0x26, 0x00, 0x00, 0x00, 0x00, 0x00, 0x02, 0x00, 0x3C, 0x83, 0x00, 0x00, 0x29, 0x65, 0xC4, 0xD0,
	0x1C, 0x10, 0x00, 0x12, 0x7C, 0x80, 0x20, 0x00, 0x16, 0x00, 0x00, 0x00, 0x00, 0x00, 0x80, 0x00,
	0x00, 0x68, 0x5B, 0x00, 0x26, 0x00, 0x00, 0x00, 0x02, 0x00, 0x02, 0x00, 0x14, 0x83, 0x00, 0x00,
	0x29, 0x6D, 0xC4, 0xD0, 0x1C, 0x10, 0x00, 0x00, 0x14, 0x80, 0x00, 0x00, 0x16, 0x20, 0x01, 0x00,
	0x00, 0x00, 0x80, 0x00, 0x10, 0x88, 0x5B, 0x00, 0x26, 0x00, 0x00, 0x00, 0x00, 0x00, 0x02, 0x00,
	0x28, 0x84, 0x00, 0x00, 0x29, 0x74, 0xC4, 0xD0, 0x1C, 0x10, 0x00, 0x12, 0x68, 0x80, 0x20, 0x00,
	0x28, 0x00, 0x00, 0x00, 0x00, 0x00, 0x00, 0x00, 0x00, 0x00, 0x00, 0x00, 0x38, 0x00, 0x00, 0x00,
	0x00, 0x00, 0x00, 0x00, 0x00, 0x00, 0x0A, 0x33, 0x16, 0x00, 0x00, 0x00, 0x00, 0x00, 0x40, 0x02,
	0x00, 0xA8, 0x5B, 0x00, 0x16, 0x20, 0x01, 0x00, 0x00, 0x00, 0x40, 0x02, 0x10, 0x38, 0x5C, 0x00,
	0x26, 0x00, 0x00, 0x00, 0x02, 0x00, 0x02, 0x00, 0x00, 0x84, 0x00, 0x00, 0x29, 0x04, 0xC4, 0xD0,
	0x68, 0x00, 0x01, 0x00, 0x40, 0x80, 0x00, 0x00, 0x16, 0x00, 0x00, 0x00, 0x00, 0x00, 0x40, 0x02,
	0x10, 0xC8, 0x5C, 0x00, 0x16, 0x20, 0x01, 0x00, 0x00, 0x00, 0x40, 0x02, 0x00, 0x58, 0x5D, 0x00,
	0x26, 0x00, 0x00, 0x00, 0x00, 0x00, 0x02, 0x00, 0x3C, 0x85, 0x00, 0x00, 0x29, 0x0B, 0xC4, 0xD0,
	0x68, 0x00, 0x01, 0x00, 0x3C, 0x80, 0x20, 0x00, 0x16, 0x00, 0x00, 0x00, 0x00, 0x00, 0x40, 0x02,
	0x00, 0xE8, 0x5D, 0x00, 0x16, 0x20, 0x01, 0x00, 0x00, 0x00, 0x40, 0x02, 0x10, 0x78, 0x5E, 0x00,
	0x26, 0x00, 0x00, 0x00, 0x02, 0x00, 0x02, 0x00, 0x14, 0x85, 0x00, 0x00, 0x29, 0x13, 0xC4, 0xD0,
	0x68, 0x00, 0x01, 0x00, 0x54, 0x80, 0x00, 0x00, 0x16, 0x00, 0x00, 0x00, 0x00, 0x00, 0x40, 0x02,
	0x10, 0x08, 0x5F, 0x00, 0x16, 0x20, 0x01, 0x00, 0x00, 0x00, 0x40, 0x02, 0x00, 0x98, 0x5F, 0x00,
	0x26, 0x00, 0x00, 0x00, 0x00, 0x00, 0x02, 0x00, 0x28, 0x86, 0x00, 0x00, 0x29, 0x1A, 0xC4, 0xD0,
	0x68, 0x00, 0x01, 0x00, 0x28, 0x80, 0x20, 0x00, 0x16, 0x00, 0x00, 0x00, 0x00, 0x00, 0x40, 0x02,
	0x00, 0x28, 0x60, 0x00, 0x16, 0x20, 0x01, 0x00, 0x00, 0x00, 0x40, 0x02, 0x10, 0xB8, 0x60, 0x00,
	0x26, 0x00, 0x00, 0x00, 0x02, 0x00, 0x02, 0x00, 0x00, 0x86, 0x00, 0x00, 0x29, 0x22, 0xC4, 0xD0,
	0x68, 0x00, 0x01, 0x00, 0x40, 0x80, 0x00, 0x00, 0x16, 0x00, 0x00, 0x00, 0x00, 0x00, 0x40, 0x02,
	0x10, 0x48, 0x61, 0x00, 0x16, 0x20, 0x01, 0x00, 0x00, 0x00, 0x40, 0x02, 0x00, 0xD8, 0x61, 0x00,
	0x26, 0x00, 0x00, 0x00, 0x00, 0x00, 0x02, 0x00, 0x3C, 0x87, 0x00, 0x00, 0x29, 0x29, 0xC4, 0xD0,
	0x68, 0x00, 0x01, 0x00, 0x3C, 0x80, 0x20, 0x00, 0x16, 0x00, 0x00, 0x00, 0x00, 0x00, 0x40, 0x02,
	0x00, 0x68, 0x62, 0x00, 0x16, 0x20, 0x01, 0x00, 0x00, 0x00, 0x40, 0x02, 0x10, 0xF8, 0x62, 0x00,
	0x26, 0x00, 0x00, 0x00, 0x02, 0x00, 0x02, 0x00, 0x14, 0x87, 0x00, 0x00, 0x29, 0x31, 0xC4, 0xD0,
	0x68, 0x00, 0x01, 0x00, 0x54, 0x80, 0x00, 0x00, 0x16, 0x00, 0x00, 0x00, 0x00, 0x00, 0x40, 0x02,
	0x10, 0x88, 0x63, 0x00, 0x16, 0x20, 0x01, 0x00, 0x00, 0x00, 0x40, 0x02, 0x00, 0x18, 0x64, 0x00,
	0x26, 0x00, 0x00, 0x00, 0x00, 0x00, 0x02, 0x00, 0x28, 0x88, 0x00, 0x00, 0x29, 0x38, 0xC4, 0xD0,
	0x68, 0x00, 0x01, 0x00, 0x28, 0x80, 0x20, 0x00, 0x40, 0x95, 0x70, 0x00, 0x00, 0x00, 0x00, 0x00,
	0x00, 0x00, 0x00, 0x00, 0xDC, 0x00, 0xCC, 0x80, 0x00, 0x00, 0x02, 0x00, 0x00, 0x00, 0xC0, 0x0B,
	0x76, 0x00, 0x00, 0x00, 0x00, 0x00, 0xC0, 0x83, 0x00, 0xE0, 0x01, 0x00, 0x66, 0x00, 0x00, 0x00,
	0x00, 0x00, 0x80, 0x07, 0x00, 0x00, 0x00, 0x00, 0x28, 0x00, 0x00, 0x00, 0x00, 0x00, 0x00, 0x00,
	0x00, 0x00, 0x00, 0x00, 0x38, 0x00, 0x00, 0x00, 0x00, 0x00, 0x00, 0x00, 0x00, 0x00, 0x46, 0x3B,
	0x16, 0x00, 0x00, 0x00, 0x00, 0x00, 0x00, 0x01, 0x00, 0xA8, 0x64, 0x00, 0x26, 0x00, 0x00, 0x00,
	0x02, 0x00, 0x02, 0x00, 0x00, 0x88, 0x00, 0x00, 0x29, 0x84, 0xC4, 0x50, 0x1D, 0x00, 0x00, 0x00,
	0x00, 0x80, 0x00, 0x00, 0x16, 0x20, 0x01, 0x00, 0x00, 0x00, 0x00, 0x01, 0x10, 0xE8, 0x64, 0x00,
	0x26, 0x00, 0x00, 0x00, 0x00, 0x00, 0x02, 0x00, 0x3C, 0x89, 0x00, 0x00, 0x29, 0x8B, 0xC4, 0x50,
	0x1D, 0x00, 0x00, 0x12, 0x7C, 0x80, 0x20, 0x00, 0x16, 0x00, 0x00, 0x00, 0x00, 0x00, 0x00, 0x01,
	0x00, 0x28, 0x65, 0x00, 0x26, 0x00, 0x00, 0x00, 0x02, 0x00, 0x02, 0x00, 0x14, 0x89, 0x00, 0x00,
	0x29, 0x93, 0xC4, 0x50, 0x1D, 0x00, 0x00, 0x00, 0x14, 0x80, 0x00, 0x00, 0x16, 0x20, 0x01, 0x00,
	0x00, 0x00, 0x00, 0x01, 0x10, 0x68, 0x65, 0x00, 0x26, 0x00, 0x00, 0x00, 0x00, 0x00, 0x02, 0x00,
	0x28, 0x8A, 0x00, 0x00, 0x29, 0x9A, 0xC4, 0x50, 0x1D, 0x00, 0x00, 0x12, 0x68, 0x80, 0x20, 0x00,
	0x16, 0x00, 0x00, 0x00, 0x00, 0x00, 0x00, 0x01, 0x00, 0xA8, 0x65, 0x00, 0x26, 0x00, 0x00, 0x00,
	0x02, 0x00, 0x02, 0x00, 0x00, 0x8A, 0x00, 0x00, 0x29, 0xA2, 0xC4, 0x50, 0x1D, 0x00, 0x00, 0x00,
	0x00, 0x80, 0x00, 0x00, 0x16, 0x20, 0x01, 0x00, 0x00, 0x00, 0x00, 0x01, 0x10, 0xE8, 0x65, 0x00,
	0x26, 0x00, 0x00, 0x00, 0x00, 0x00, 0x02, 0x00, 0x3C, 0x8B, 0x00, 0x00, 0x29, 0xA9, 0xC4, 0x50,
	0x1D, 0x00, 0x00, 0x12, 0x7C, 0x80, 0x20, 0x00, 0x16, 0x00, 0x00, 0x00, 0x00, 0x00, 0x00, 0x01,
	0x00, 0x28, 0x66, 0x00, 0x26, 0x00, 0x00, 0x00, 0x02, 0x00, 0x02, 0x00, 0x14, 0x8B, 0x00, 0x00,
	0x29, 0xB1, 0xC4, 0x50, 0x1D, 0x00, 0x00, 0x00, 0x14, 0x80, 0x00, 0x00, 0x16, 0x20, 0x01, 0x00,
	0x00, 0x00, 0x00, 0x01, 0x10, 0x68, 0x66, 0x00, 0x26, 0x00, 0x00, 0x00, 0x00, 0x00, 0x02, 0x00,
	0x28, 0x8C, 0x00, 0x00, 0x29, 0xB8, 0xC4, 0x50, 0x1D, 0x00, 0x00, 0x12, 0x68, 0x80, 0x20, 0x00,
	0x76, 0x80, 0x00, 0x00, 0x00, 0x00, 0xC0, 0x03, 0x01, 0x00, 0x00, 0x00, 0x00, 0x00, 0x00, 0x00,
	0x00, 0x00, 0x00, 0x00, 0x00, 0x00, 0x00, 0x00, 0x00, 0x00, 0x14, 0x00, 0x00, 0x00, 0x00, 0x00,
	0x00, 0x00, 0x00, 0x00, 0x0E, 0x40, 0x6C, 0x00, 0x00, 0x00, 0x1E, 0x40, 0x01, 0xE0, 0x01, 0x00,
	0x0D, 0x00, 0xD4, 0x00, 0x00, 0x00, 0x01, 0x00, 0x00, 0x00, 0x40, 0x01, 0x0E, 0x40, 0x6C, 0x00,
	0x00, 0x00, 0x1E, 0x40, 0x01, 0x00, 0x00, 0x00, 0x0D, 0xC0, 0xD7, 0x00, 0x00, 0x00, 0x01, 0x00,
	0x00, 0x00, 0x40, 0x01, 0x28, 0x00, 0x00, 0x00, 0x00, 0x00, 0x00, 0x00, 0x00, 0x00, 0x00, 0x00,
	0x38, 0x00, 0x00, 0x00, 0x00, 0x00, 0x00, 0x00, 0x00, 0x00, 0x08, 0x33, 0x16, 0x00, 0x00, 0x00,
	0x00, 0x00, 0x00, 0x01, 0x00, 0xA8, 0x66, 0x00, 0x26, 0x00, 0x00, 0x00, 0x02, 0x00, 0x02, 0x00,
	0x00, 0x8C, 0x00, 0x00, 0x29, 0x84, 0xD8, 0xDC, 0x1C, 0x00, 0x00, 0x00, 0x00, 0x80, 0x00, 0x00,
	0x16, 0x20, 0x01, 0x00, 0x00, 0x00, 0x00, 0x01, 0x10, 0xE8, 0x66, 0x00, 0x26, 0x00, 0x00, 0x00,
	0x00, 0x00, 0x02, 0x00, 0x3C, 0x8D, 0x00, 0x00, 0x29, 0x87, 0xD8, 0xDC, 0x1C, 0x00, 0x00, 0x12,
	0x7C, 0x80, 0x30, 0x00, 0x16, 0x00, 0x00, 0x00, 0x00, 0x00, 0x00, 0x01, 0x00, 0x28, 0x67, 0x00,
	0x26, 0x00, 0x00, 0x00, 0x02, 0x00, 0x02, 0x00, 0x14, 0x8D, 0x00, 0x00, 0x29, 0x8B, 0xD8, 0xDC,
	0x1C, 0x00, 0x00, 0x00, 0x14, 0x80, 0x20, 0x00, 0x16, 0x20, 0x01, 0x00, 0x00, 0x00, 0x00, 0x01,
	0x10, 0x68, 0x67, 0x00, 0x26, 0x00, 0x00, 0x00, 0x00, 0x00, 0x02, 0x00, 0x28, 0x8E, 0x00, 0x00,
	0x29, 0x8F, 0xD8, 0xDC, 0x1C, 0x00, 0x00, 0x12, 0x68, 0x80, 0x10, 0x00, 0x16, 0x00, 0x00, 0x00,
	0x00, 0x00, 0x00, 0x01, 0x00, 0xA8, 0x67, 0x00, 0x26, 0x00, 0x00, 0x00, 0x02, 0x00, 0x02, 0x00,
	0x00, 0x8E, 0x00, 0x00, 0x29, 0x93, 0xD8, 0xDC, 0x1C, 0x00, 0x00, 0x00, 0x00, 0x80, 0x00, 0x00,
	0x16, 0x20, 0x01, 0x00, 0x00, 0x00, 0x00, 0x01, 0x10, 0xE8, 0x67, 0x00, 0x26, 0x00, 0x00, 0x00,
	0x00, 0x00, 0x02, 0x00, 0x3C, 0x8F, 0x00, 0x00, 0x29, 0x96, 0xD8, 0xDC, 0x1C, 0x00, 0x00, 0x12,
	0x7C, 0x80, 0x30, 0x00, 0x16, 0x00, 0x00, 0x00, 0x00, 0x00, 0x00, 0x01, 0x00, 0x28, 0x68, 0x00,
	0x26, 0x00, 0x00, 0x00, 0x02, 0x00, 0x02, 0x00, 0x14, 0x8F, 0x00, 0x00, 0x29, 0x9A, 0xD8, 0xDC,
	0x1C, 0x00, 0x00, 0x00, 0x14, 0x80, 0x20, 0x00, 0x16, 0x20, 0x01, 0x00, 0x00, 0x00, 0x00, 0x01,
	0x10, 0x68, 0x68, 0x00, 0x26, 0x00, 0x00, 0x00, 0x00, 0x00, 0x02, 0x00, 0x28, 0x90, 0x00, 0x00,
	0x29, 0x9E, 0xD8, 0xDC, 0x1C, 0x00, 0x00, 0x12, 0x68, 0x80, 0x10, 0x00, 0x16, 0x00, 0x00, 0x00,
	0x00, 0x00, 0x00, 0x01, 0x00, 0xA8, 0x68, 0x00, 0x26, 0x00, 0x00, 0x00, 0x02, 0x00, 0x02, 0x00,
	0x00, 0x90, 0x00, 0x00, 0x29, 0xA2, 0xD8, 0xDC, 0x1C, 0x00, 0x00, 0x00, 0x00, 0x80, 0x00, 0x00,
	0x16, 0x20, 0x01, 0x00, 0x00, 0x00, 0x00, 0x01, 0x10, 0xE8, 0x68, 0x00, 0x26, 0x00, 0x00, 0x00,
	0x00, 0x00, 0x02, 0x00, 0x3C, 0x91, 0x00, 0x00, 0x29, 0xA5, 0xD8, 0xDC, 0x1C, 0x00, 0x00, 0x12,
	0x7C, 0x80, 0x30, 0x00, 0x16, 0x00, 0x00, 0x00, 0x00, 0x00, 0x00, 0x01, 0x00, 0x28, 0x69, 0x00,
	0x26, 0x00, 0x00, 0x00, 0x02, 0x00, 0x02, 0x00, 0x14, 0x91, 0x00, 0x00, 0x29, 0xA9, 0xD8, 0xDC,
	0x1C, 0x00, 0x00, 0x00, 0x14, 0x80, 0x20, 0x00, 0x16, 0x20, 0x01, 0x00, 0x00, 0x00, 0x00, 0x01,
	0x10, 0x68, 0x69, 0x00, 0x26, 0x00, 0x00, 0x00, 0x00, 0x00, 0x02, 0x00, 0x28, 0x92, 0x00, 0x00,
	0x29, 0xAD, 0xD8, 0xDC, 0x1C, 0x00, 0x00, 0x12, 0x68, 0x80, 0x10, 0x00, 0x16, 0x00, 0x00, 0x00,
	0x00, 0x00, 0x00, 0x01, 0x00, 0xA8, 0x69, 0x00, 0x26, 0x00, 0x00, 0x00, 0x02, 0x00, 0x02, 0x00,
	0x00, 0x92, 0x00, 0x00, 0x29, 0xB1, 0xD8, 0xDC, 0x1C, 0x00, 0x00, 0x00, 0x00, 0x80, 0x00, 0x00,
	0x16, 0x20, 0x01, 0x00, 0x00, 0x00, 0x00, 0x01, 0x10, 0xE8, 0x69, 0x00, 0x26, 0x00, 0x00, 0x00,
	0x00, 0x00, 0x02, 0x00, 0x3C, 0x93, 0x00, 0x00, 0x29, 0xB4, 0xD8, 0xDC, 0x1C, 0x00, 0x00, 0x12,
	0x7C, 0x80, 0x30, 0x00, 0x16, 0x00, 0x00, 0x00, 0x00, 0x00, 0x00, 0x01, 0x00, 0x28, 0x6A, 0x00,
	0x26, 0x00, 0x00, 0x00, 0x02, 0x00, 0x02, 0x00, 0x14, 0x93, 0x00, 0x00, 0x29, 0xB8, 0xD8, 0xDC,
	0x1C, 0x00, 0x00, 0x00, 0x14, 0x80, 0x20, 0x00, 0x16, 0x20, 0x01, 0x00, 0x00, 0x00, 0x00, 0x01,
	0x10, 0x68, 0x6A, 0x00, 0x26, 0x00, 0x00, 0x00, 0x00, 0x00, 0x02, 0x00, 0x28, 0x94, 0x00, 0x00,
	0x29, 0xBC, 0xD8, 0xDC, 0x1C, 0x00, 0x00, 0x12, 0x68, 0x80, 0x10, 0x00, 0x28, 0x00, 0x00, 0x00,
	0x00, 0x00, 0x00, 0x00, 0x00, 0x00, 0x00, 0x00, 0x38, 0x00, 0x00, 0x00, 0x00, 0x00, 0x00, 0x00,
	0x00, 0x00, 0x46, 0x43, 0x16, 0x00, 0x00, 0x00, 0x00, 0x00, 0x00, 0x01, 0x00, 0xA8, 0x6A, 0x00,
	0x26, 0x00, 0x00, 0x00, 0x02, 0x00, 0x02, 0x00, 0x00, 0x94, 0x00, 0x00, 0x29, 0x00, 0x54, 0xE1,
	0x1C, 0x10, 0x02, 0x00, 0x00, 0x80, 0x00, 0x00, 0x40, 0x1B, 0x6C, 0x00, 0x00, 0x00, 0x00, 0x00,
	0x00, 0x00, 0x00, 0x00, 0xDC, 0x88, 0x57, 0x41, 0x01, 0x00, 0x00, 0x00, 0x00, 0x00, 0x40, 0x03,
	0x76, 0x88, 0x03, 0x00, 0x00, 0x00, 0x3C, 0x40, 0x01, 0xF0, 0x00, 0x00, 0x00, 0x00, 0x00, 0x00,
	0x00, 0x00, 0x00, 0x00, 0x00, 0x00, 0x00, 0x00, 0x00, 0x00, 0x14, 0x00, 0x00, 0x00, 0x00, 0x00,
	0x00, 0x00, 0x00, 0x00, 0x0E, 0x40, 0x6C, 0x00, 0x00, 0x00, 0x1E, 0x40, 0x01, 0xEF, 0x01, 0x00,
	0x0D, 0x00, 0xD4, 0x00, 0x00, 0x00, 0x01, 0x00, 0x00, 0x00, 0x40, 0x01, 0x0E, 0x40, 0x6C, 0x00,
	0x00, 0x00, 0x1E, 0x40, 0x01, 0x0F, 0x00, 0x00, 0x0D, 0xC0, 0xD7, 0x00, 0x00, 0x00, 0x01, 0x00,
	0x00, 0x00, 0x40, 0x01, 0x28, 0x00, 0x00, 0x00, 0x00, 0x00, 0x00, 0x00, 0x00, 0x00, 0x00, 0x00,
	0x38, 0x00, 0x00, 0x00, 0x00, 0x00, 0x00, 0x00, 0x00, 0x00, 0x08, 0x33, 0x16, 0x20, 0x01, 0x00,
	0x00, 0x00, 0x00, 0x01, 0x10, 0xA8, 0x66, 0x00, 0x26, 0x00, 0x00, 0x00, 0x02, 0x00, 0x02, 0x00,
	0x3C, 0x8C, 0x00, 0x00, 0x29, 0x84, 0xD8, 0xDC, 0x1C, 0x00, 0x00, 0x12, 0x7C, 0x80, 0x00, 0x00,
	0x16, 0x00, 0x00, 0x00, 0x00, 0x00, 0x00, 0x01, 0x00, 0xE8, 0x66, 0x00, 0x26, 0x00, 0x00, 0x00,
	0x00, 0x00, 0x02, 0x00, 0x14, 0x8D, 0x00, 0x00, 0x29, 0x87, 0xD8, 0xDC, 0x1C, 0x00, 0x00, 0x00,
	0x14, 0x80, 0x30, 0x00, 0x16, 0x20, 0x01, 0x00, 0x00, 0x00, 0x00, 0x01, 0x10, 0x28, 0x67, 0x00,
	0x26, 0x00, 0x00, 0x00, 0x02, 0x00, 0x02, 0x00, 0x28, 0x8D, 0x00, 0x00, 0x29, 0x8B, 0xD8, 0xDC,
	0x1C, 0x00, 0x00, 0x12, 0x68, 0x80, 0x20, 0x00, 0x16, 0x00, 0x00, 0x00, 0x00, 0x00, 0x00, 0x01,
	0x00, 0x68, 0x67, 0x00, 0x26, 0x00, 0x00, 0x00, 0x00, 0x00, 0x02, 0x00, 0x00, 0x8E, 0x00, 0x00,
	0x29, 0x8F, 0xD8, 0xDC, 0x1C, 0x00, 0x00, 0x00, 0x00, 0x80, 0x10, 0x00, 0x16, 0x20, 0x01, 0x00,
	0x00, 0x00, 0x00, 0x01, 0x10, 0xA8, 0x67, 0x00, 0x26, 0x00, 0x00, 0x00, 0x02, 0x00, 0x02, 0x00,
	0x3C, 0x8E, 0x00, 0x00, 0x29, 0x93, 0xD8, 0xDC, 0x1C, 0x00, 0x00, 0x12, 0x7C, 0x80, 0x00, 0x00,
	0x16, 0x00, 0x00, 0x00, 0x00, 0x00, 0x00, 0x01, 0x00, 0xE8, 0x67, 0x00, 0x26, 0x00, 0x00, 0x00,
	0x00, 0x00, 0x02, 0x00, 0x14, 0x8F, 0x00, 0x00, 0x29, 0x96, 0xD8, 0xDC, 0x1C, 0x00, 0x00, 0x00,
	0x14, 0x80, 0x30, 0x00, 0x16, 0x20, 0x01, 0x00, 0x00, 0x00, 0x00, 0x01, 0x10, 0x28, 0x68, 0x00,
	0x26, 0x00, 0x00, 0x00, 0x02, 0x00, 0x02, 0x00, 0x28, 0x8F, 0x00, 0x00, 0x29, 0x9A, 0xD8, 0xDC,
	0x1C, 0x00, 0x00, 0x12, 0x68, 0x80, 0x20, 0x00, 0x16, 0x00, 0x00, 0x00, 0x00, 0x00, 0x00, 0x01,
	0x00, 0x68, 0x68, 0x00, 0x26, 0x00, 0x00, 0x00, 0x00, 0x00, 0x02, 0x00, 0x00, 0x90, 0x00, 0x00,
	0x29, 0x9E, 0xD8, 0xDC, 0x1C, 0x00, 0x00, 0x00, 0x00, 0x80, 0x10, 0x00, 0x16, 0x20, 0x01, 0x00,
	0x00, 0x00, 0x00, 0x01, 0x10, 0xA8, 0x68, 0x00, 0x26, 0x00, 0x00, 0x00, 0x02, 0x00, 0x02, 0x00,
	0x3C, 0x90, 0x00, 0x00, 0x29, 0xA2, 0xD8, 0xDC, 0x1C, 0x00, 0x00, 0x12, 0x7C, 0x80, 0x00, 0x00,
	0x16, 0x00, 0x00, 0x00, 0x00, 0x00, 0x00, 0x01, 0x00, 0xE8, 0x68, 0x00, 0x26, 0x00, 0x00, 0x00,
	0x00, 0x00, 0x02, 0x00, 0x14, 0x91, 0x00, 0x00, 0x29, 0xA5, 0xD8, 0xDC, 0x1C, 0x00, 0x00, 0x00,
	0x14, 0x80, 0x30, 0x00, 0x16, 0x20, 0x01, 0x00, 0x00, 0x00, 0x00, 0x01, 0x10, 0x28, 0x69, 0x00,
	0x26, 0x00, 0x00, 0x00, 0x02, 0x00, 0x02, 0x00, 0x28, 0x91, 0x00, 0x00, 0x29, 0xA9, 0xD8, 0xDC,
	0x1C, 0x00, 0x00, 0x12, 0x68, 0x80, 0x20, 0x00, 0x16, 0x00, 0x00, 0x00, 0x00, 0x00, 0x00, 0x01,
	0x00, 0x68, 0x69, 0x00, 0x26, 0x00, 0x00, 0x00, 0x00, 0x00, 0x02, 0x00, 0x00, 0x92, 0x00, 0x00,
	0x29, 0xAD, 0xD8, 0xDC, 0x1C, 0x00, 0x00, 0x00, 0x00, 0x80, 0x10, 0x00, 0x16, 0x20, 0x01, 0x00,
	0x00, 0x00, 0x00, 0x01, 0x10, 0xA8, 0x69, 0x00, 0x26, 0x00, 0x00, 0x00, 0x02, 0x00, 0x02, 0x00,
	0x3C, 0x92, 0x00, 0x00, 0x29, 0xB1, 0xD8, 0xDC, 0x1C, 0x00, 0x00, 0x12, 0x7C, 0x80, 0x00, 0x00,
	0x16, 0x00, 0x00, 0x00, 0x00, 0x00, 0x00, 0x01, 0x00, 0xE8, 0x69, 0x00, 0x26, 0x00, 0x00, 0x00,
	0x00, 0x00, 0x02, 0x00, 0x14, 0x93, 0x00, 0x00, 0x29, 0xB4, 0xD8, 0xDC, 0x1C, 0x00, 0x00, 0x00,
	0x14, 0x80, 0x30, 0x00, 0x16, 0x20, 0x01, 0x00, 0x00, 0x00, 0x00, 0x01, 0x10, 0x28, 0x6A, 0x00,
	0x26, 0x00, 0x00, 0x00, 0x02, 0x00, 0x02, 0x00, 0x28, 0x93, 0x00, 0x00, 0x29, 0xB8, 0xD8, 0xDC,
	0x1C, 0x00, 0x00, 0x12, 0x68, 0x80, 0x20, 0x00, 0x16, 0x00, 0x00, 0x00, 0x00, 0x00, 0x00, 0x01,
	0x00, 0x68, 0x6A, 0x00, 0x26, 0x00, 0x00, 0x00, 0x00, 0x00, 0x02, 0x00, 0x00, 0x94, 0x00, 0x00,
	0x29, 0xBC, 0xD8, 0xDC, 0x1C, 0x00, 0x00, 0x00, 0x00, 0x80, 0x10, 0x00, 0x28, 0x00, 0x00, 0x00,
	0x00, 0x00, 0x00, 0x00, 0x00, 0x00, 0x00, 0x00, 0x38, 0x00, 0x00, 0x00, 0x00, 0x00, 0x00, 0x00,
	0x00, 0x00, 0x46, 0x43, 0x16, 0x20, 0x01, 0x00, 0x00, 0x00, 0x00, 0x01, 0x10, 0xA8, 0x6A, 0x00,
	0x26, 0x00, 0x00, 0x00, 0x02, 0x00, 0x02, 0x00, 0x3C, 0x94, 0x00, 0x00, 0x29, 0x00, 0x54, 0xE1,
	0x1C, 0x10, 0x02, 0x12, 0x7C, 0x80, 0x00, 0x00, 0x40, 0x1B, 0x6C, 0x00, 0x00, 0x00, 0x00, 0x00,
	0x00, 0x00, 0x00, 0x00, 0xDC, 0x88, 0x57, 0x41, 0x01, 0x00, 0x00, 0x00, 0x00, 0x00, 0x40, 0x03,
	0x76, 0x88, 0x03, 0x00, 0x00, 0x00, 0x3C, 0x40, 0x01, 0xFF, 0x00, 0x00, 0x00, 0x00, 0x00, 0x00,
	0x00, 0x00, 0x00, 0x00, 0x00, 0x00, 0x00, 0x00, 0x00, 0x00, 0x14, 0x00, 0x00, 0x00, 0x00, 0x00,
	0x00, 0x00, 0x00, 0x00, 0x00, 0x00, 0x00, 0x00, 0x00, 0x00, 0x00, 0x00, 0x00, 0x00, 0x00, 0x00,
	0x00, 0x00, 0x14, 0x00, 0x00, 0x00, 0x00, 0x00, 0x00, 0x00, 0x00, 0x00, 0x0E, 0x00, 0x51, 0x00,
	0x00, 0x00, 0x78, 0x80, 0x00, 0xC0, 0x03, 0x00, 0x28, 0x00, 0x00, 0x00, 0x00, 0x00, 0x00, 0x00,
	0x00, 0x00, 0x00, 0x00, 0x38, 0x00, 0x00, 0x00, 0x00, 0x00, 0x00, 0x00, 0x00, 0x00, 0x86, 0x3B,
	0x16, 0x00, 0x00, 0x00, 0x00, 0x00, 0x80, 0x00, 0x00, 0xE8, 0x6A, 0x00, 0x26, 0x00, 0x00, 0x00,
	0x00, 0x00, 0x02, 0x00, 0x14, 0x95, 0x00, 0x00, 0x29, 0x00, 0x58, 0x9D, 0x1C, 0x20, 0x01, 0x00,
	0x14, 0x80, 0x00, 0x00, 0x40, 0xB4, 0x45, 0x00, 0x00, 0x00, 0x00, 0x00, 0x00, 0x00, 0x00, 0x00,
	0xDC, 0x20, 0x5A, 0x41, 0x01, 0x00, 0x00, 0x00, 0x00, 0x00, 0x00, 0x03, 0x76, 0x20, 0x02, 0x00,
	0x00, 0x00, 0xF0, 0x40, 0x01, 0x00, 0x00, 0x00, 0x00, 0x00, 0x00, 0x00, 0x00, 0x00, 0x00, 0x00,
	0x00, 0x00, 0x00, 0x00, 0x00, 0x00, 0x14, 0x00, 0x00, 0x00, 0x00, 0x00, 0x00, 0x00, 0x00, 0x00,
	0x0E, 0x00, 0x51, 0x00, 0x00, 0x00, 0x78, 0x80, 0x00, 0xFC, 0x03, 0x00, 0x28, 0x00, 0x00, 0x00,
	0x00, 0x00, 0x00, 0x00, 0x00, 0x00, 0x00, 0x00, 0x38, 0x00, 0x00, 0x00, 0x00, 0x00, 0x00, 0x00,
	0x00, 0x00, 0x86, 0x3B, 0x16, 0x20, 0x01, 0x00, 0x00, 0x00, 0x80, 0x00, 0x10, 0xE8, 0x6A, 0x00,
	0x26, 0x00, 0x00, 0x00, 0x00, 0x00, 0x02, 0x00, 0x28, 0x95, 0x00, 0x00, 0x29, 0x00, 0x58, 0x9D,
	0x1C, 0x20, 0x01, 0x12, 0x68, 0x80, 0x00, 0x00, 0x40, 0xB4, 0x45, 0x00, 0x00, 0x00, 0x00, 0x00,
	0x00, 0x00, 0x00, 0x00, 0xDC, 0x20, 0x5A, 0x41, 0x01, 0x00, 0x00, 0x00, 0x00, 0x00, 0x00, 0x03,
	0x76, 0x20, 0x02, 0x00, 0x00, 0x00, 0xF0, 0x40, 0x01, 0x3C, 0x00, 0x00, 0x00, 0x00, 0x00, 0x00,
	0x00, 0x00, 0x00, 0x00, 0x00, 0x00, 0x00, 0x00, 0x00, 0x00, 0x14, 0x00, 0x00, 0x00, 0x00, 0x00,
	0x00, 0x00, 0x00, 0x00, 0x00, 0x00, 0x00, 0x00, 0x00, 0x00, 0x00, 0x00, 0x00, 0x00, 0x00, 0x00,
	0x00, 0x00, 0x14, 0x00, 0x00, 0x00, 0x00, 0x00, 0x00, 0x00, 0x00, 0x00, 0x0E, 0x00, 0x30, 0x00,
	0x00, 0x00, 0xE0, 0x01, 0x00, 0xF0, 0x0F, 0x00, 0x28, 0x00, 0x00, 0x00, 0x00, 0x00, 0x00, 0x00,
	0x00, 0x00, 0x00, 0x00, 0x38, 0x00, 0x00, 0x00, 0x00, 0x00, 0x00, 0x00, 0x00, 0x00, 0xC4, 0x3B,
	0x16, 0x00, 0x00, 0x00, 0x00, 0x00, 0x40, 0x00, 0x00, 0x08, 0x6B, 0x00, 0x26, 0x00, 0x00, 0x00,
	0x02, 0x00, 0x02, 0x00, 0x00, 0x95, 0x00, 0x00, 0x29, 0xA2, 0x5C, 0x5D, 0x1C, 0x00, 0x00, 0x00,
	0x00, 0x80, 0x00, 0x00, 0x40, 0xEA, 0x4B, 0x00, 0x00, 0x00, 0x00, 0x00, 0x00, 0x00, 0x00, 0x00,
	0xDC, 0x00, 0x5C, 0x01, 0x14, 0x00, 0x01, 0x00, 0x00, 0x00, 0x00, 0x03, 0x26, 0x00, 0x00, 0x00,
	0x00, 0x00, 0x04, 0x00, 0x3C, 0x96, 0x00, 0x00, 0x7D, 0x40, 0x60, 0x41, 0x01, 0x00, 0x00, 0x00,
	0x3C, 0x00, 0x00, 0x00, 0x3D, 0xFF, 0x03, 0x00, 0x00, 0x00, 0x01, 0x00, 0x0C, 0x00, 0x4A, 0x01,
	0x76, 0x40, 0x00, 0x00, 0x00, 0x00, 0xE0, 0x41, 0x01, 0x0E, 0x01, 0x00, 0x00, 0x00, 0x00, 0x00,
	0x00, 0x00, 0x00, 0x00, 0x00, 0x00, 0x00, 0x00, 0x00, 0x00, 0x14, 0x00, 0x00, 0x00, 0x00, 0x00,
	0x00, 0x00, 0x00, 0x00, 0x0E, 0x00, 0x30, 0x00, 0x00, 0x00, 0xE0, 0x01, 0x00, 0x68, 0x10, 0x00,
	0x28, 0x00, 0x00, 0x00, 0x00, 0x00, 0x00, 0x00, 0x00, 0x00, 0x00, 0x00, 0x38, 0x00, 0x00, 0x00,
	0x00, 0x00, 0x00, 0x00, 0x00, 0x00, 0xC4, 0x3B, 0x16, 0x20, 0x01, 0x00, 0x00, 0x00, 0x40, 0x00,
	0x10, 0x08, 0x6B, 0x00, 0x26, 0x00, 0x00, 0x00, 0x02, 0x00, 0x02, 0x00, 0x14, 0x95, 0x00, 0x00,
	0x29, 0xA2, 0x5C, 0x5D, 0x1C, 0x00, 0x00, 0x12, 0x54, 0x80, 0x00, 0x00, 0x40, 0xEA, 0x4B, 0x00,
	0x00, 0x00, 0x00, 0x00, 0x00, 0x00, 0x00, 0x00, 0xDC, 0x00, 0x5C, 0x01, 0x14, 0x00, 0x01, 0x00,
	0x00, 0x00, 0x00, 0x03, 0x26, 0x00, 0x00, 0x00, 0x00, 0x00, 0x04, 0x00, 0x28, 0x96, 0x00, 0x00,
	0x7D, 0x40, 0x60, 0x41, 0x01, 0x00, 0x00, 0x00, 0x28, 0x00, 0x00, 0x00, 0x3D, 0xFF, 0x03, 0x00,
	0x00, 0x00, 0x01, 0x00, 0x0C, 0x00, 0x4A, 0x01, 0x76, 0x40, 0x00, 0x00, 0x00, 0x00, 0xE0, 0x41,
	0x01, 0x86, 0x01, 0x00, 0x00, 0x00, 0x00, 0x00, 0x00, 0x00, 0x00, 0x00, 0x00, 0x00, 0x00, 0x00,
	0x00, 0x00, 0x14, 0x00, 0x00, 0x00, 0x00, 0x00, 0x00, 0x00, 0x00, 0x00, 0x0E, 0x00, 0x30, 0x00,
	0x00, 0x00, 0xE0, 0x01, 0x00, 0xE0, 0x10, 0x00, 0x28, 0x00, 0x00, 0x00, 0x00, 0x00, 0x00, 0x00,
	0x00, 0x00, 0x00, 0x00, 0x38, 0x00, 0x00, 0x00, 0x00, 0x00, 0x00, 0x00, 0x00, 0x00, 0xC4, 0x3B,
	0x16, 0x00, 0x00, 0x00, 0x00, 0x00, 0x40, 0x00, 0x00, 0x08, 0x6B, 0x00, 0x26, 0x00, 0x00, 0x00,
	0x02, 0x00, 0x02, 0x00, 0x00, 0x95, 0x00, 0x00, 0x29, 0xA2, 0x5C, 0x5D, 0x1C, 0x00, 0x00, 0x00,
	0x00, 0x80, 0x00, 0x00, 0x40, 0xEA, 0x4B, 0x00, 0x00, 0x00, 0x00, 0x00, 0x00, 0x00, 0x00, 0x00,
	0xDC, 0x00, 0x5C, 0x01, 0x14, 0x00, 0x01, 0x00, 0x00, 0x00, 0x00, 0x03, 0x26, 0x00, 0x00, 0x00,
	0x00, 0x00, 0x04, 0x00, 0x3C, 0x96, 0x00, 0x00, 0x7D, 0x40, 0x60, 0x41, 0x01, 0x00, 0x00, 0x00,
	0x3C, 0x00, 0x00, 0x00, 0x3D, 0xFF, 0x03, 0x00, 0x00, 0x00, 0x01, 0x00, 0x0C, 0x00, 0x4A, 0x01,
	0x76, 0x40, 0x00, 0x00, 0x00, 0x00, 0xE0, 0x41, 0x01, 0xFE, 0x01, 0x00, 0x00, 0x00, 0x00, 0x00,
	0x00, 0x00, 0x00, 0x00, 0x00, 0x00, 0x00, 0x00, 0x00, 0x00, 0x14, 0x00, 0x00, 0x00, 0x00, 0x00,
	0x00, 0x00, 0x00, 0x00, 0x0E, 0x00, 0x30, 0x00, 0x00, 0x00, 0xE0, 0x01, 0x00, 0x58, 0x11, 0x00,
	0x28, 0x00, 0x00, 0x00, 0x00, 0x00, 0x00, 0x00, 0x00, 0x00, 0x00, 0x00, 0x38, 0x00, 0x00, 0x00,
	0x00, 0x00, 0x00, 0x00, 0x00, 0x00, 0xC4, 0x3B, 0x16, 0x20, 0x01, 0x00, 0x00, 0x00, 0x40, 0x00,
	0x10, 0x08, 0x6B, 0x00, 0x26, 0x00, 0x00, 0x00, 0x02, 0x00, 0x02, 0x00, 0x14, 0x95, 0x00, 0x00,
	0x29, 0xA2, 0x5C, 0x5D, 0x1C, 0x00, 0x00, 0x12, 0x54, 0x80, 0x00, 0x00, 0x40, 0xEA, 0x4B, 0x00,
	0x00, 0x00, 0x00, 0x00, 0x00, 0x00, 0x00, 0x00, 0xDC, 0x00, 0x5C, 0x01, 0x14, 0x00, 0x01, 0x00,
	0x00, 0x00, 0x00, 0x03, 0x26, 0x00, 0x00, 0x00, 0x00, 0x00, 0x04, 0x00, 0x28, 0x96, 0x00, 0x00,
	0x7D, 0x40, 0x60, 0x41, 0x01, 0x00, 0x00, 0x00, 0x28, 0x00, 0x00, 0x00, 0x3D, 0xFF, 0x03, 0x00,
	0x00, 0x00, 0x01, 0x00, 0x0C, 0x00, 0x4A, 0x01, 0x76, 0x40, 0x00, 0x00, 0x00, 0x00, 0xE0, 0x41,
	0x01, 0x76, 0x02, 0x00, 0x00, 0x00, 0x00, 0x00, 0x00, 0x00, 0x00, 0x00, 0x00, 0x00, 0x00, 0x00,
	0x00, 0x00, 0x14, 0x00, 0x00, 0x00, 0x00, 0x00, 0x00, 0x00, 0x00, 0x00, 0x66, 0x00, 0x00, 0x00,
	0x00, 0x00, 0xE0, 0x01, 0x00, 0x00, 0x00, 0x00, 0x3D, 0xBF, 0x03, 0x00, 0x00, 0x00, 0x00, 0x00,
	0x0C, 0x00, 0x00, 0x00, 0x26, 0x00, 0x00, 0x00, 0x00, 0x00, 0x04, 0x00, 0x00, 0x97, 0x00, 0x00,
	0x7D, 0x40, 0x64, 0x41, 0x01, 0x00, 0x00, 0x00, 0x00, 0x00, 0x00, 0x00, 0x3D, 0xFF, 0x03, 0x00,
	0x00, 0x00, 0x01, 0x00, 0x0C, 0x00, 0x4A, 0x01, 0x76, 0x40, 0x00, 0x00, 0x00, 0x00, 0xE0, 0x41,
	0x01, 0x00, 0x00, 0x00, 0x66, 0x00, 0x00, 0x00, 0x00, 0x00, 0x78, 0x00, 0x00, 0xF0, 0x00, 0x00,
	0x3D, 0xEF, 0x00, 0x00, 0x00, 0x00, 0x00, 0x00, 0x0C, 0x00, 0x00, 0x00, 0x26, 0x00, 0x00, 0x00,
	0x00, 0x00, 0x04, 0x00, 0x3C, 0x98, 0x00, 0x00, 0x7D, 0x10, 0x6B, 0x41, 0x01, 0x00, 0x00, 0x00,
	0x3C, 0x00, 0x00, 0x00, 0x3D, 0xFF, 0x03, 0x00, 0x00, 0x40, 0x0C, 0x00, 0x0C, 0x00, 0x4A, 0x01,
	0x76, 0x10, 0x03, 0x00, 0x00, 0x00, 0x78, 0x40, 0x01, 0x78, 0x00, 0x00, 0x08, 0x00, 0x00, 0x00,
	0x00, 0x00, 0x00, 0x00, 0x00, 0x00, 0x00, 0x00, 0x10, 0x00, 0x00, 0x00, 0x00, 0x00, 0x00, 0x00,
	0x00, 0x00, 0x00, 0x00, 0x00, 0x00, 0x00, 0x00, 0x00, 0x00, 0x00, 0x00, 0x00, 0x00, 0x00, 0x00,
	0x00, 0x00, 0x00, 0x00, 0x00, 0x00, 0x00, 0x00, 0x00, 0x00, 0x00, 0x00, 0x66, 0x22, 0x02, 0x22,
	0x08, 0x00, 0x14, 0x20, 0x20, 0x00, 0x00, 0x00, 0x33, 0x22, 0x01, 0x01, 0x12, 0x00, 0x28, 0x03,
	0x30, 0x00, 0x00, 0x00, 0x02, 0x00, 0x00, 0x05, 0x04, 0x00, 0x0A, 0x20, 0x20, 0x00, 0x00, 0x00,
	0x66, 0x22, 0x00, 0x22, 0x08, 0x00, 0x14, 0x20, 0x30, 0x00, 0x00, 0x00, 0x33, 0x22, 0x00, 0x01,
	0x09, 0x00, 0x14, 0x20, 0x20, 0x00, 0x00, 0x00, 0x66, 0x22, 0x20, 0x22, 0x16, 0x00, 0x28, 0x03,
	0x30, 0x00, 0x00, 0x00, 0x02, 0x00, 0x00, 0x0F, 0x09, 0x00, 0x14, 0x20, 0x30, 0x00, 0x00, 0x00,
	0x11, 0x11, 0x00, 0x00, 0x14, 0x00, 0x28, 0x03, 0x30, 0x00, 0x00, 0x00, 0x33, 0x11, 0x01, 0x11,
	0x0C, 0x00, 0x0A, 0x20, 0x20, 0x00, 0x00, 0x00, 0x33, 0x11, 0x00, 0x11, 0x0C, 0x00, 0x0A, 0x40,
	0x30, 0x00, 0x00, 0x00, 0x33, 0x11, 0x10, 0x11, 0x11, 0x00, 0x0A, 0x20, 0x20, 0x00, 0x00, 0x00,
	0x04, 0x00, 0x80, 0x02, 0x10, 0x00, 0x0A, 0x20, 0x20, 0x00, 0x00, 0x00, 0x04, 0x00, 0x80, 0x07,
	0x11, 0x00, 0x0A, 0x20, 0x30, 0x00, 0x00, 0x00, 0x02, 0x00, 0x80, 0x07, 0x12, 0x00, 0x0A, 0x20,
	0x20, 0x00, 0x00, 0x00, 0x02, 0x00, 0xA0, 0x0A, 0x12, 0x00, 0x0A, 0x20, 0x30, 0x00, 0x00, 0x00,
	0x02, 0x00, 0x00, 0x0A, 0x08, 0x00, 0x0A, 0x20, 0x20, 0x00, 0x00, 0x00, 0x02, 0x00, 0x40, 0x0B,
	0x08, 0x00, 0x0A, 0x40, 0x20, 0x00, 0x00, 0x00, 0x04, 0x00, 0x00, 0x05, 0x04, 0x00, 0x05, 0x20,
	0x20, 0x00, 0x00, 0x00, 0x08, 0x00, 0x40, 0x01, 0x08, 0x00, 0x0A, 0x40, 0x30, 0x00, 0x00, 0x00,
	0x04, 0x00, 0xA0, 0x05, 0x09, 0x00, 0x0A, 0x20, 0x20, 0x00, 0x00, 0x00, 0x08, 0x00, 0xC0, 0x03,
	0x09, 0x00, 0x0A, 0x40, 0x20, 0x00, 0x00, 0x00, 0x04, 0x00, 0xC0, 0x03, 0x09, 0x00, 0x0A, 0x40,
	0x30, 0x00, 0x00, 0x00, 0x04, 0x00, 0x10, 0x04, 0x0C, 0x00, 0x05, 0x20, 0x20, 0x00, 0x00, 0x00,
	0x08, 0x00, 0x80, 0x02, 0x0C, 0x00, 0x05, 0x80, 0x30, 0x00, 0x00, 0x00, 0x10, 0x00, 0xA0, 0x00,
	0x11, 0x00, 0x05, 0x20, 0x20, 0x00, 0x00, 0x00, 0x08, 0x00, 0xD0, 0x02, 0x11, 0x00, 0x05, 0x40,
	0x20, 0x00, 0x00, 0x00, 0x33, 0x11, 0x11, 0x11, 0x10, 0x00, 0x05, 0x20, 0x20, 0x00, 0x00, 0x00,
	0x08, 0x00, 0xF0, 0x00, 0x11, 0x00, 0x05, 0x40, 0x30, 0x00, 0x00, 0x00, 0x55, 0x11, 0x22, 0x22,
	0x12, 0x00, 0x05, 0x20, 0x20, 0x00, 0x00, 0x00, 0x08, 0x00, 0xA0, 0x00, 0x12, 0x00, 0x05, 0x40,
	0x20, 0x00, 0x00, 0x00, 0x14, 0x40, 0x00, 0x00, 0x12, 0x00, 0x05, 0x40, 0x30, 0x00, 0x00, 0x00,
	0x08, 0x00, 0xE0, 0x01, 0x10, 0x00, 0x05, 0x40, 0x20, 0x00, 0x00, 0x00, 0x10, 0x00, 0xE0, 0x01,
	0x0C, 0x00, 0x05, 0x40, 0x20, 0x00, 0x00, 0x00, 0x10, 0x00, 0x90, 0x01, 0x08, 0x00, 0x05, 0x40,
	0x20, 0x00, 0x00, 0x00, 0x04, 0x00, 0x40, 0x01, 0x08, 0x00, 0x05, 0x20, 0x20, 0x00, 0x00, 0x00,
	0x04, 0x00, 0xE0, 0x01, 0x08, 0x00, 0x05, 0x80, 0x20, 0x00, 0x00, 0x00, 0x28, 0x40, 0x00, 0x00,
	0x04, 0x80, 0x02, 0x20, 0x20, 0x00, 0x00, 0x00, 0x08, 0x00, 0x20, 0x03, 0x09, 0x00, 0x05, 0x80,
	0x20, 0x00, 0x00, 0x00, 0x02, 0x00, 0x80, 0x02, 0x0C, 0x80, 0x02, 0x20, 0x20, 0x00, 0x00, 0x00,
	0x02, 0x00, 0xC0, 0x03, 0x0C, 0x80, 0x02, 0x00, 0x31, 0x00, 0x00, 0x00, 0x04, 0x00, 0x20, 0x08,
	0x0D, 0x80, 0x02, 0x20, 0x20, 0x00, 0x00, 0x00, 0x08, 0x00, 0x10, 0x04, 0x0D, 0x80, 0x02, 0x80,
	0x20, 0x00, 0x00, 0x00, 0x00, 0x00, 0x00, 0x00, 0x0D, 0x80, 0x02, 0x80, 0x30, 0x00, 0x00, 0x00,
	0x00, 0x00, 0x00, 0x00, 0x0C, 0x80, 0x02, 0x80, 0x20, 0x00, 0x00, 0x00, 0x00, 0x00, 0x00, 0x00,
	0x08, 0x80, 0x02, 0x80, 0x20, 0x00, 0x00, 0x00, 0x00, 0x00, 0x00, 0x00, 0x08, 0x80, 0x02, 0x20,
	0x20, 0x00, 0x00, 0x00, 0x00, 0x00, 0x00, 0x00, 0x08, 0x80, 0x02, 0x00, 0x21, 0x00, 0x00, 0x00,
	0x00, 0x00, 0x00, 0x00, 0x04, 0x40, 0x01, 0x20, 0x20, 0x00, 0x00, 0x00, 0x00, 0x00, 0x00, 0x00,
	0x09, 0x80, 0x02, 0x00, 0x21, 0x00, 0x00, 0x00, 0x00, 0x00, 0x00, 0x00, 0x0C, 0x40, 0x01, 0x20,
	0x20, 0x00, 0x00, 0x00, 0x00, 0x00, 0x00, 0x00, 0x0C, 0x40, 0x01, 0x00, 0x32, 0x00, 0x00, 0x00,
	0x00, 0x00, 0x00, 0x00, 0x0C, 0x40, 0x01, 0x00, 0x21, 0x00, 0x00, 0x00, 0x00, 0x00, 0x00, 0x00,
	0x0C, 0x40, 0x01, 0x00, 0x31, 0x00, 0x00, 0x00, 0x00, 0x00, 0x00, 0x00, 0x06, 0x40, 0x01, 0x00,
	0x21, 0x00, 0x00, 0x00, 0x00, 0x00, 0x00, 0x00, 0x06, 0x40, 0x01, 0x20, 0x20, 0x00, 0x00, 0x00,
	0x00, 0x00, 0x00, 0x00, 0x06, 0x40, 0x01, 0x00, 0x22, 0x00, 0x00, 0x00, 0x00, 0x00, 0x00, 0x00,
	0x06, 0x40, 0x01, 0x00, 0x32, 0x00, 0x00, 0x00, 0x00, 0x00, 0x00, 0x00, 0x06, 0x40, 0x01, 0x00,
	0x24, 0x00, 0x00, 0x00, 0x00, 0x00, 0x00, 0x00, 0x06, 0x80, 0x02, 0x00, 0x21, 0x00, 0x00, 0x00,
	0x00, 0x00, 0x00, 0x00, 0x05, 0x80, 0x02, 0x20, 0x20, 0x00, 0x00, 0x00, 0x00, 0x00, 0x00, 0x00,
	0x05, 0x80, 0x02, 0x00, 0x22, 0x00, 0x00, 0x00, 0x00, 0x00, 0x00, 0x00, 0x05, 0x80, 0x02, 0x80,
	0x30, 0x00, 0x00, 0x00, 0x00, 0x00, 0x00, 0x00, 0x04, 0x80, 0x02, 0x80, 0x20, 0x00, 0x00, 0x00,
	0x00, 0x00, 0x00, 0x00, 0x06, 0x80, 0x02, 0x20, 0x20, 0x00, 0x00, 0x00, 0x00, 0x00, 0x00, 0x00,
	0x06, 0x80, 0x02, 0x00, 0x22, 0x00, 0x00, 0x00, 0x00, 0x00, 0x00, 0x00, 0x06, 0x80, 0x02, 0x80,
	0x30, 0x00, 0x00, 0x00, 0x00, 0x00, 0x00, 0x00, 0x06, 0x80, 0x02, 0x80, 0x20, 0x00, 0x00, 0x00,
	0x00, 0x00, 0x00, 0x00, 0x08, 0x80, 0x02, 0x00, 0x31, 0x00, 0x00, 0x00, 0x00, 0x00, 0x00, 0x00,
	0x06, 0x00, 0x05, 0x80, 0x20, 0x00, 0x00, 0x00, 0x00, 0x00, 0x00, 0x00, 0x05, 0x00, 0x05, 0x20,
	0x20, 0x00, 0x00, 0x00, 0x00, 0x00, 0x00, 0x00, 0x05, 0x00, 0x05, 0x00, 0x21, 0x00, 0x00, 0x00,
	0x00, 0x00, 0x00, 0x00, 0x05, 0x00, 0x05, 0x40, 0x30, 0x00, 0x00, 0x00, 0x00, 0x00, 0x00, 0x00,
	0x04, 0x00, 0x05, 0x40, 0x20, 0x00, 0x00, 0x00, 0x00, 0x00, 0x00, 0x00, 0x06, 0x00, 0x05, 0x20,
	0x20, 0x00, 0x00, 0x00, 0x00, 0x00, 0x00, 0x00, 0x06, 0x00, 0x05, 0x00, 0x21, 0x00, 0x00, 0x00,
	0x00, 0x00, 0x00, 0x00, 0x06, 0x00, 0x05, 0x40, 0x30, 0x00, 0x00, 0x00, 0x00, 0x00, 0x00, 0x00,
	0x0D, 0x00, 0x05, 0x80, 0x30, 0x00, 0x00, 0x00, 0x00, 0x00, 0x00, 0x00, 0x09, 0x80, 0x02, 0x20,
	0x20, 0x00, 0x00, 0x00, 0x00, 0x00, 0x00, 0x00, 0x09, 0x80, 0x02, 0x80, 0x30, 0x00, 0x00, 0x00,
	0x00, 0x00, 0x00, 0x00, 0x0A, 0x80, 0x02, 0x20, 0x20, 0x00, 0x00, 0x00, 0x00, 0x00, 0x00, 0x00,
	0x0A, 0x80, 0x02, 0x00, 0x21, 0x00, 0x00, 0x00, 0x00, 0x00, 0x00, 0x00, 0x0A, 0x80, 0x02, 0x80,
	0x30, 0x00, 0x00, 0x00, 0x00, 0x00, 0x00, 0x00, 0x0C, 0x80, 0x02, 0x00, 0x21, 0x00, 0x00, 0x00,
	0x00, 0x00, 0x00, 0x00, 0x0D, 0x80, 0x02, 0x00, 0x31, 0x00, 0x00, 0x00, 0x00, 0x00, 0x00, 0x00,
	0x0C, 0x40, 0x01, 0x00, 0x22, 0x00, 0x00, 0x00, 0x00, 0x00, 0x00, 0x00, 0x06, 0x40, 0x01, 0x1E,
	0x00, 0x00, 0x00, 0x00, 0x00, 0x00, 0x00, 0x00, 0x0C, 0x80, 0x02, 0x1E, 0x00, 0x00, 0x00, 0x00,
	0x00, 0x00, 0x00, 0x00, 0x0C, 0x00, 0x05, 0x1E, 0x00, 0x00, 0x00, 0x00, 0x00, 0x00, 0x00, 0x00,
	0x0C, 0x00, 0x05, 0x1E, 0x20, 0x00, 0x00, 0x00, 0x00, 0x00, 0x00, 0x00, 0x18, 0x80, 0x02, 0x1E,
	0x20, 0x00, 0x00, 0x00, 0x00, 0x00, 0x00, 0x00, 0x0C, 0x40, 0x01, 0x1E, 0x20, 0x00, 0x00, 0x00,
	0x00, 0x00, 0x00, 0x00, 0x00, 0x00, 0x00, 0x00, 0x00, 0x00, 0x00, 0x00, 0x1A, 0x30, 0x06, 0x00,
	0x08, 0x00, 0x02, 0x6C, 0x01, 0x00, 0x00, 0x0C, 0x01, 0x00, 0x06, 0x00, 0x00, 0x00, 0x00, 0x00,
	0x10, 0x00, 0x00, 0x00, 0x00, 0x00, 0x08, 0x00, 0x00, 0x00, 0x00, 0x00, 0x00, 0x00, 0x00, 0x00,
	0x00, 0x00, 0x18, 0x00, 0x00, 0x00, 0x00, 0x00, 0x00, 0x00, 0x00, 0x00, 0x00, 0x00, 0x22, 0x00,
	0x28, 0x00, 0x30, 0x00, 0x38, 0x80, 0xB2, 0x02, 0x40, 0x00, 0x48, 0x80, 0xE2, 0xAE, 0x03, 0x50,
	0x00, 0x58, 0x81, 0x10, 0x60, 0xDE, 0x2C, 0x4A, 0xB3, 0x01, 0x0A, 0x04, 0x08, 0x00, 0x10, 0x14,
	0x0A, 0x04, 0x08, 0x14, 0x10, 0x26, 0x0A, 0x04, 0x08, 0x26, 0x10, 0x38, 0x0A, 0x04, 0x08, 0x38,
	0x10, 0x4A, 0x0A, 0x04, 0x08, 0x4A, 0x10, 0x5C, 0x0A, 0x04, 0x08, 0x5C, 0x10, 0x6E, 0x0A, 0x05,
	0x08, 0x6E, 0x10, 0x80, 0x01, 0x0A, 0x06, 0x08, 0x80, 0x01, 0x10, 0x92, 0x01, 0x0A, 0x06, 0x08,
	0x92, 0x01, 0x10, 0xA4, 0x01, 0x0A, 0x06, 0x08, 0xA4, 0x01, 0x10, 0xB6, 0x01, 0x0A, 0x06, 0x08,
	0xB6, 0x01, 0x10, 0xC8, 0x01, 0x0A, 0x06, 0x08, 0xC8, 0x01, 0x10, 0xDA, 0x01, 0x0A, 0x06, 0x08,
	0xDA, 0x01, 0x10, 0xEC, 0x01, 0x0A, 0x06, 0x08, 0xEC, 0x01, 0x10, 0xFE, 0x01, 0x0A, 0x06, 0x08,
	0xFE, 0x01, 0x10, 0x90, 0x02, 0x0A, 0x06, 0x08, 0x90, 0x02, 0x10, 0xA2, 0x02, 0x0A, 0x06, 0x08,
	0xA2, 0x02, 0x10, 0xB4, 0x02, 0x0A, 0x06, 0x08, 0xB4, 0x02, 0x10, 0xC6, 0x02, 0x0A, 0x06, 0x08,
	0xC6, 0x02, 0x10, 0xD8, 0x02, 0x0A, 0x06, 0x08, 0xD8, 0x02, 0x10, 0xEA, 0x02, 0x0A, 0x06, 0x08,
	0xEA, 0x02, 0x10, 0xFC, 0x02, 0x0A, 0x06, 0x08, 0xFC, 0x02, 0x10, 0x8E, 0x03, 0x0A, 0x06, 0x08,
	0x8E, 0x03, 0x10, 0xA0, 0x03, 0x0A, 0x06, 0x08, 0xA0, 0x03, 0x10, 0xB2, 0x03, 0x4A, 0x40, 0x0A,
	0x06, 0x08, 0xB2, 0x03, 0x10, 0xBD, 0x03, 0x0A, 0x06, 0x08, 0xBD, 0x03, 0x10, 0xC6, 0x03, 0x0A,
	0x06, 0x08, 0xC6, 0x03, 0x10, 0xCF, 0x03, 0x0A, 0x06, 0x08, 0xCF, 0x03, 0x10, 0xD8, 0x03, 0x0A,
	0x06, 0x08, 0xD8, 0x03, 0x10, 0xE1, 0x03, 0x0A, 0x06, 0x08, 0xE1, 0x03, 0x10, 0xEA, 0x03, 0x0A,
	0x06, 0x08, 0xEA, 0x03, 0x10, 0xF3, 0x03, 0x0A, 0x06, 0x08, 0xF3, 0x03, 0x10, 0xFC, 0x03, 0x4A,
	0x30, 0x0A, 0x06, 0x08, 0xFC, 0x03, 0x10, 0x8C, 0x04, 0x0A, 0x06, 0x08, 0x8C, 0x04, 0x10, 0x9A,
	0x04, 0x0A, 0x06, 0x08, 0x9A, 0x04, 0x10, 0xA8, 0x04, 0x0A, 0x06, 0x08, 0xA8, 0x04, 0x10, 0xB6,
	0x04, 0x0A, 0x06, 0x08, 0xB6, 0x04, 0x10, 0xC4, 0x04, 0x0A, 0x06, 0x08, 0xC4, 0x04, 0x10, 0xD2,
	0x04, 0x4A, 0x30, 0x0A, 0x06, 0x08, 0xD2, 0x04, 0x10, 0xDD, 0x04, 0x0A, 0x06, 0x08, 0xDD, 0x04,
	0x10, 0xE6, 0x04, 0x0A, 0x06, 0x08, 0xE6, 0x04, 0x10, 0xEF, 0x04, 0x0A, 0x06, 0x08, 0xEF, 0x04,
	0x10, 0xF8, 0x04, 0x0A, 0x06, 0x08, 0xF8, 0x04, 0x10, 0x81, 0x05, 0x0A, 0x06, 0x08, 0x81, 0x05,
	0x10, 0x8A, 0x05, 0x4A, 0x40, 0x0A, 0x06, 0x08, 0x8A, 0x05, 0x10, 0x95, 0x05, 0x0A, 0x06, 0x08,
	0x95, 0x05, 0x10, 0x9E, 0x05, 0x0A, 0x06, 0x08, 0x9E, 0x05, 0x10, 0xA7, 0x05, 0x0A, 0x06, 0x08,
	0xA7, 0x05, 0x10, 0xB0, 0x05, 0x0A, 0x06, 0x08, 0xB0, 0x05, 0x10, 0xB9, 0x05, 0x0A, 0x06, 0x08,
	0xB9, 0x05, 0x10, 0xC2, 0x05, 0x0A, 0x06, 0x08, 0xC2, 0x05, 0x10, 0xCB, 0x05, 0x0A, 0x06, 0x08,
	0xCB, 0x05, 0x10, 0xD4, 0x05, 0x4A, 0x60, 0x0A, 0x06, 0x08, 0xD4, 0x05, 0x10, 0xF3, 0x05, 0x0A,
	0x06, 0x08, 0xF3, 0x05, 0x10, 0x90, 0x06, 0x0A, 0x06, 0x08, 0x90, 0x06, 0x10, 0xAD, 0x06, 0x0A,
	0x06, 0x08, 0xAD, 0x06, 0x10, 0xCA, 0x06, 0x0A, 0x06, 0x08, 0xCA, 0x06, 0x10, 0xE7, 0x06, 0x0A,
	0x06, 0x08, 0xE7, 0x06, 0x10, 0x84, 0x07, 0x0A, 0x06, 0x08, 0x84, 0x07, 0x10, 0xA1, 0x07, 0x0A,
	0x06, 0x08, 0xA1, 0x07, 0x10, 0xBE, 0x07, 0x0A, 0x06, 0x08, 0xBE, 0x07, 0x10, 0xDB, 0x07, 0x0A,
	0x06, 0x08, 0xDB, 0x07, 0x10, 0xF8, 0x07, 0x0A, 0x06, 0x08, 0xF8, 0x07, 0x10, 0x98, 0x08, 0x0A,
	0x06, 0x08, 0x98, 0x08, 0x10, 0xB5, 0x08, 0x4A, 0x20, 0x0A, 0x06, 0x08, 0xB5, 0x08, 0x10, 0xC3,
	0x08, 0x0A, 0x06, 0x08, 0xC3, 0x08, 0x10, 0xCF, 0x08, 0x0A, 0x06, 0x08, 0xCF, 0x08, 0x10, 0xDB,
	0x08, 0x0A, 0x06, 0x08, 0xDB, 0x08, 0x10, 0xE7, 0x08, 0x4A, 0x18, 0x0A, 0x06, 0x08, 0xE7, 0x08,
	0x10, 0xFD, 0x08, 0x0A, 0x06, 0x08, 0xFD, 0x08, 0x10, 0x91, 0x09, 0x0A, 0x06, 0x08, 0x91, 0x09,
	0x10, 0xA5, 0x09, 0x4A, 0x18, 0x0A, 0x06, 0x08, 0xA5, 0x09, 0x10, 0xAE, 0x09, 0x0A, 0x06, 0x08,
	0xAE, 0x09, 0x10, 0xB5, 0x09, 0x0A, 0x06, 0x08, 0xB5, 0x09, 0x10, 0xBC, 0x09, 0x4A, 0x18, 0x0A,
	0x06, 0x08, 0xBC, 0x09, 0x10, 0xD2, 0x09, 0x0A, 0x06, 0x08, 0xD2, 0x09, 0x10, 0xE6, 0x09, 0x0A,
	0x06, 0x08, 0xE6, 0x09, 0x10, 0xFA, 0x09, 0x4A, 0x18, 0x0A, 0x06, 0x08, 0xFA, 0x09, 0x10, 0x85,
	0x0A, 0x0A, 0x06, 0x08, 0x85, 0x0A, 0x10, 0x8E, 0x0A, 0x0A, 0x06, 0x08, 0x8E, 0x0A, 0x10, 0x97,
	0x0A, 0x4A, 0x20, 0x0A, 0x06, 0x08, 0x97, 0x0A, 0x10, 0xA7, 0x0A, 0x0A, 0x06, 0x08, 0xA7, 0x0A,
	0x10, 0xB5, 0x0A, 0x0A, 0x06, 0x08, 0xB5, 0x0A, 0x10, 0xC3, 0x0A, 0x0A, 0x06, 0x08, 0xC3, 0x0A,
	0x10, 0xD1, 0x0A, 0x4A, 0x30, 0x0A, 0x06, 0x08, 0xD1, 0x0A, 0x10, 0xE8, 0x0A, 0x0A, 0x06, 0x08,
	0xE8, 0x0A, 0x10, 0xFD, 0x0A, 0x0A, 0x06, 0x08, 0xFD, 0x0A, 0x10, 0x92, 0x0B, 0x0A, 0x06, 0x08,
	0x92, 0x0B, 0x10, 0xA7, 0x0B, 0x0A, 0x06, 0x08, 0xA7, 0x0B, 0x10, 0xBC, 0x0B, 0x0A, 0x06, 0x08,
	0xBC, 0x0B, 0x10, 0xD1, 0x0B, 0x4A, 0x30, 0x0A, 0x06, 0x08, 0xD1, 0x0B, 0x10, 0xF1, 0x0B, 0x0A,
	0x06, 0x08, 0xF1, 0x0B, 0x10, 0x8F, 0x0C, 0x0A, 0x06, 0x08, 0x8F, 0x0C, 0x10, 0xAD, 0x0C, 0x0A,
	0x06, 0x08, 0xAD, 0x0C, 0x10, 0xCB, 0x0C, 0x0A, 0x06, 0x08, 0xCB, 0x0C, 0x10, 0xE9, 0x0C, 0x0A,
	0x06, 0x08, 0xE9, 0x0C, 0x10, 0x87, 0x0D, 0x4A, 0x10, 0x0A, 0x06, 0x08, 0x87, 0x0D, 0x10, 0x9B,
	0x0D, 0x0A, 0x06, 0x08, 0x9B, 0x0D, 0x10, 0xAD, 0x0D, 0x4A, 0x10, 0x0A, 0x06, 0x08, 0xAD, 0x0D,
	0x10, 0xCF, 0x0D, 0x0A, 0x06, 0x08, 0xCF, 0x0D, 0x10, 0xEF, 0x0D, 0x4A, 0x10, 0x0A, 0x06, 0x08,
	0xEF, 0x0D, 0x10, 0xF8, 0x0D, 0x0A, 0x06, 0x08, 0xF8, 0x0D, 0x10, 0xFF, 0x0D, 0x4A, 0x10, 0x0A,
	0x06, 0x08, 0xFF, 0x0D, 0x10, 0xA1, 0x0E, 0x0A, 0x06, 0x08, 0xA1, 0x0E, 0x10, 0xC1, 0x0E, 0x4A,
	0x10, 0x0A, 0x06, 0x08, 0xC1, 0x0E, 0x10, 0xCA, 0x0E, 0x0A, 0x06, 0x08, 0xCA, 0x0E, 0x10, 0xD1,
	0x0E, 0x4A, 0x10, 0x0A, 0x06, 0x08, 0xD1, 0x0E, 0x10, 0xF3, 0x0E, 0x0A, 0x06, 0x08, 0xF3, 0x0E,
	0x10, 0x93, 0x0F, 0x4A, 0x10, 0x0A, 0x06, 0x08, 0x93, 0x0F, 0x10, 0x9E, 0x0F, 0x0A, 0x06, 0x08,
	0x9E, 0x0F, 0x10, 0xA7, 0x0F, 0x4A, 0x10, 0x0A, 0x06, 0x08, 0xA7, 0x0F, 0x10, 0xBB, 0x0F, 0x0A,
	0x06, 0x08, 0xBB, 0x0F, 0x10, 0xCD, 0x0F, 0x4A, 0x18, 0x0A, 0x06, 0x08, 0xCD, 0x0F, 0x10, 0xF0,
	0x0F, 0x0A, 0x06, 0x08, 0xF0, 0x0F, 0x10, 0x94, 0x10, 0x0A, 0x06, 0x08, 0x94, 0x10, 0x10, 0xB5,
	0x10, 0x4A, 0x18, 0x0A, 0x06, 0x08, 0xB5, 0x10, 0x10, 0xFD, 0x10, 0x0A, 0x06, 0x08, 0xFD, 0x10,
	0x10, 0xC3, 0x11, 0x0A, 0x06, 0x08, 0xC3, 0x11, 0x10, 0x89, 0x12, 0x4A, 0x10, 0x0A, 0x06, 0x08,
	0x81, 0x13, 0x10, 0xD6, 0x13, 0x0A, 0x06, 0x08, 0xD6, 0x13, 0x10, 0xA9, 0x14, 0x4A, 0x10, 0x0A,
	0x06, 0x08, 0xBD, 0x14, 0x10, 0x96, 0x15, 0x0A, 0x06, 0x08, 0x96, 0x15, 0x10, 0xED, 0x15, 0x4A,
	0x18, 0x0A, 0x06, 0x08, 0xED, 0x15, 0x10, 0xF5, 0x16, 0x0A, 0x06, 0x08, 0xF5, 0x16, 0x10, 0xFB,
	0x17, 0x0A, 0x06, 0x08, 0xFB, 0x17, 0x10, 0x84, 0x19, 0x4A, 0x18, 0x0A, 0x06, 0x08, 0x88, 0x19,
	0x10, 0x90, 0x19, 0x0A, 0x06, 0x08, 0x90, 0x19, 0x10, 0x96, 0x19, 0x0A, 0x06, 0x08, 0x96, 0x19,
	0x10, 0x9C, 0x19, 0x4A, 0x20, 0x0A, 0x06, 0x08, 0x9C, 0x19, 0x10, 0xA5, 0x19, 0x0A, 0x06, 0x08,
	0xA5, 0x19, 0x10, 0xAC, 0x19, 0x0A, 0x06, 0x08, 0xAC, 0x19, 0x10, 0xB3, 0x19, 0x0A, 0x06, 0x08,
	0xB3, 0x19, 0x10, 0xBA, 0x19, 0x4A, 0x30, 0x0A, 0x06, 0x08, 0xBA, 0x19, 0x10, 0xEC, 0x19, 0x0A,
	0x06, 0x08, 0xEC, 0x19, 0x10, 0x9C, 0x1A, 0x0A, 0x06, 0x08, 0x9C, 0x1A, 0x10, 0xCC, 0x1A, 0x0A,
	0x06, 0x08, 0xCC, 0x1A, 0x10, 0xFC, 0x1A, 0x0A, 0x06, 0x08, 0xFC, 0x1A, 0x10, 0xAC, 0x1B, 0x0A,
	0x06, 0x08, 0xAC, 0x1B, 0x10, 0xDC, 0x1B, 0x4A, 0x20, 0x0A, 0x06, 0x08, 0xDC, 0x1B, 0x10, 0xF2,
	0x1B, 0x0A, 0x06, 0x08, 0xF2, 0x1B, 0x10, 0x86, 0x1C, 0x0A, 0x06, 0x08, 0x86, 0x1C, 0x10, 0x9A,
	0x1C, 0x0A, 0x06, 0x08, 0x9A, 0x1C, 0x10, 0xAE, 0x1C, 0x4A, 0x18, 0x0A, 0x06, 0x08, 0xAE, 0x1C,
	0x10, 0xDF, 0x1C, 0x0A, 0x06, 0x08, 0xDF, 0x1C, 0x10, 0x8E, 0x1D, 0x0A, 0x06, 0x08, 0x8E, 0x1D,
	0x10, 0xBD, 0x1D, 0x4A, 0x20, 0x0A, 0x06, 0x08, 0xBD, 0x1D, 0x10, 0xA3, 0x1E, 0x0A, 0x06, 0x08,
	0xA3, 0x1E, 0x10, 0x87, 0x1F, 0x0A, 0x06, 0x08, 0x87, 0x1F, 0x10, 0xEB, 0x1F, 0x0A, 0x06, 0x08,
	0xEB, 0x1F, 0x10, 0xD2, 0x20, 0x4A, 0x30, 0x0A, 0x06, 0x08, 0xD2, 0x20, 0x10, 0xDA, 0x20, 0x0A,
	0x06, 0x08, 0xDA, 0x20, 0x10, 0xE0, 0x20, 0x0A, 0x06, 0x08, 0xE0, 0x20, 0x10, 0xE6, 0x20, 0x0A,
	0x06, 0x08, 0xE6, 0x20, 0x10, 0xEC, 0x20, 0x0A, 0x06, 0x08, 0xEC, 0x20, 0x10, 0xF2, 0x20, 0x0A,
	0x06, 0x08, 0xF2, 0x20, 0x10, 0xF8, 0x20, 0x4A, 0x10, 0x0A, 0x06, 0x08, 0xF8, 0x20, 0x10, 0x80,
	0x21, 0x0A, 0x06, 0x08, 0x80, 0x21, 0x10, 0x86, 0x21, 0x4A, 0x30, 0x0A, 0x06, 0x08, 0x86, 0x21,
	0x10, 0x8E, 0x21, 0x0A, 0x06, 0x08, 0x8E, 0x21, 0x10, 0x94, 0x21, 0x0A, 0x06, 0x08, 0x94, 0x21,
	0x10, 0x9A, 0x21, 0x0A, 0x06, 0x08, 0x9A, 0x21, 0x10, 0xA0, 0x21, 0x0A, 0x06, 0x08, 0xA0, 0x21,
	0x10, 0xA6, 0x21, 0x0A, 0x06, 0x08, 0xA6, 0x21, 0x10, 0xAC, 0x21, 0x4A, 0x40, 0x0A, 0x06, 0x08,
	0xAC, 0x21, 0x10, 0xB5, 0x21, 0x0A, 0x06, 0x08, 0xB5, 0x21, 0x10, 0xBC, 0x21, 0x0A, 0x06, 0x08,
	0xBC, 0x21, 0x10, 0xC3, 0x21, 0x0A, 0x06, 0x08, 0xC3, 0x21, 0x10, 0xCA, 0x21, 0x0A, 0x06, 0x08,
	0xCA, 0x21, 0x10, 0xD1, 0x21, 0x0A, 0x06, 0x08, 0xD1, 0x21, 0x10, 0xD8, 0x21, 0x0A, 0x06, 0x08,
	0xD8, 0x21, 0x10, 0xDF, 0x21, 0x0A, 0x06, 0x08, 0xDF, 0x21, 0x10, 0xE6, 0x21, 0x4A, 0x60, 0x0A,
	0x06, 0x08, 0xE6, 0x21, 0x10, 0x86, 0x22, 0x0A, 0x06, 0x08, 0x86, 0x22, 0x10, 0xA4, 0x22, 0x0A,
	0x06, 0x08, 0xA4, 0x22, 0x10, 0xC2, 0x22, 0x0A, 0x06, 0x08, 0xC2, 0x22, 0x10, 0xE0, 0x22, 0x0A,
	0x06, 0x08, 0xE0, 0x22, 0x10, 0xFE, 0x22, 0x0A, 0x06, 0x08, 0xFE, 0x22, 0x10, 0x9C, 0x23, 0x0A,
	0x06, 0x08, 0x9C, 0x23, 0x10, 0xBA, 0x23, 0x0A, 0x06, 0x08, 0xBA, 0x23, 0x10, 0xD8, 0x23, 0x0A,
	0x06, 0x08, 0xD8, 0x23, 0x10, 0xF6, 0x23, 0x0A, 0x06, 0x08, 0xF6, 0x23, 0x10, 0x94, 0x24, 0x0A,
	0x06, 0x08, 0x94, 0x24, 0x10, 0xB2, 0x24, 0x0A, 0x06, 0x08, 0xB2, 0x24, 0x10, 0xD0, 0x24, 0x4A,
	0x40, 0x0A, 0x06, 0x08, 0xD0, 0x24, 0x10, 0xDE, 0x24, 0x0A, 0x06, 0x08, 0xDE, 0x24, 0x10, 0xEA,
	0x24, 0x0A, 0x06, 0x08, 0xEA, 0x24, 0x10, 0xF6, 0x24, 0x0A, 0x06, 0x08, 0xF6, 0x24, 0x10, 0x82,
	0x25, 0x0A, 0x06, 0x08, 0x82, 0x25, 0x10, 0x8E, 0x25, 0x0A, 0x06, 0x08, 0x8E, 0x25, 0x10, 0x9A,
	0x25, 0x0A, 0x06, 0x08, 0x9A, 0x25, 0x10, 0xA6, 0x25, 0x0A, 0x06, 0x08, 0xA6, 0x25, 0x10, 0xB2,
	0x25, 0x4A, 0x30, 0x0A, 0x06, 0x08, 0xB2, 0x25, 0x10, 0xC9, 0x25, 0x0A, 0x06, 0x08, 0xC9, 0x25,
	0x10, 0xDE, 0x25, 0x0A, 0x06, 0x08, 0xDE, 0x25, 0x10, 0xF3, 0x25, 0x0A, 0x06, 0x08, 0xF3, 0x25,
	0x10, 0x88, 0x26, 0x0A, 0x06, 0x08, 0x88, 0x26, 0x10, 0x9D, 0x26, 0x0A, 0x06, 0x08, 0x9D, 0x26,
	0x10, 0xB2, 0x26, 0x4A, 0x20, 0x0A, 0x06, 0x08, 0xB2, 0x26, 0x10, 0xC8, 0x26, 0x0A, 0x06, 0x08,
	0xC8, 0x26, 0x10, 0xDC, 0x26, 0x0A, 0x06, 0x08, 0xDC, 0x26, 0x10, 0xF0, 0x26, 0x0A, 0x06, 0x08,
	0xF0, 0x26, 0x10, 0x84, 0x27, 0x4A, 0x10, 0x0A, 0x06, 0x08, 0x84, 0x27, 0x10, 0x8D, 0x27, 0x0A,
	0x06, 0x08, 0x8D, 0x27, 0x10, 0x94, 0x27, 0x4A, 0x18, 0x0A, 0x06, 0x08, 0x94, 0x27, 0x10, 0xC6,
	0x27, 0x0A, 0x06, 0x08, 0xC6, 0x27, 0x10, 0xF6, 0x27, 0x0A, 0x06, 0x08, 0xF6, 0x27, 0x10, 0xA9,
	0x28, 0x4A, 0x10, 0x0A, 0x06, 0x08, 0xA9, 0x28, 0x10, 0xBD, 0x28, 0x0A, 0x06, 0x08, 0xBD, 0x28,
	0x10, 0xCF, 0x28, 0x4A, 0x18, 0x0A, 0x06, 0x08, 0xCF, 0x28, 0x10, 0xF2, 0x28, 0x0A, 0x06, 0x08,
	0xF2, 0x28, 0x10, 0x93, 0x29, 0x0A, 0x06, 0x08, 0x93, 0x29, 0x10, 0xB4, 0x29, 0x4A, 0x10, 0x0A,
	0x06, 0x08, 0xB4, 0x29, 0x10, 0xDC, 0x29, 0x0A, 0x06, 0x08, 0xDC, 0x29, 0x10, 0x82, 0x2A, 0x4A,
	0x10, 0x0A, 0x06, 0x08, 0xFC, 0x2A, 0x10, 0xBE, 0x2B, 0x0A, 0x06, 0x08, 0xBE, 0x2B, 0x10, 0xFE,
	0x2B, 0x4A, 0x10, 0x0A, 0x06, 0x08, 0xFE, 0x2B, 0x10, 0x8B, 0x2C, 0x0A, 0x06, 0x08, 0x8B, 0x2C,
	0x10, 0x96, 0x2C, 0x4A, 0x20, 0x0A, 0x06, 0x08, 0x96, 0x2C, 0x10, 0xA6, 0x2C, 0x0A, 0x06, 0x08,
	0xA6, 0x2C, 0x10, 0xB4, 0x2C, 0x0A, 0x06, 0x08, 0xB4, 0x2C, 0x10, 0xC2, 0x2C, 0x0A, 0x06, 0x08,
	0xC2, 0x2C, 0x10, 0xD0, 0x2C, 0x50, 0x18, 0x58, 0x86, 0x80, 0x80, 0x18, 0x58, 0x84, 0x80, 0x80,
	0x01, 0x58, 0x82, 0x80, 0x80, 0x09, 
};

#endif /*  pbce_detect_cfg.cfg converted to HEX.h file!!!  */
